timestamp,"amd_smi:::temp_current_sensor=1:device=0","amd_smi:::temp_current_sensor=2:device=0","amd_smi:::temp_current_sensor=7:device=0","amd_smi:::gfx_activity:device=0","amd_smi:::umc_activity:device=0","amd_smi:::power_average:device=0","amd_smi:::process_cu_occupancy_proc=0:device=0"
0.010096,42,47,46,38,0,84,0
0.116922,43,49,46,6,1,85,0
0.222968,43,49,46,6,1,87,0
0.329205,43,49,46,6,1,88,0
0.435675,43,48,46,6,1,89,0
0.541513,43,48,46,6,1,91,0
0.647191,43,48,46,8,1,92,0
0.752523,43,48,46,0,0,92,0
0.857768,43,48,46,0,0,91,0
0.963086,43,49,46,0,0,91,0
1.068325,43,49,46,0,0,91,0
1.173500,43,49,46,0,0,90,0
1.278598,43,49,46,0,0,90,0
1.383878,42,47,46,0,0,90,0
1.489137,43,48,46,0,0,89,0
1.594262,42,48,46,0,0,89,0
1.699578,43,49,46,0,0,89,0
1.804573,43,49,46,0,0,89,0
1.909787,43,48,46,0,0,89,0
2.014529,43,49,46,0,0,88,0
2.119452,43,48,46,0,0,88,0
2.224611,43,48,46,0,0,88,0
2.329758,42,48,46,0,0,88,0
2.434924,43,47,46,0,0,88,0
2.539869,43,47,46,0,0,88,0
2.644526,43,49,46,0,0,88,0
2.749431,43,49,46,0,0,87,0
2.854667,43,47,46,0,0,87,0
2.959809,43,48,46,0,0,87,0
3.064892,43,48,46,0,0,87,0
3.169740,42,47,46,0,0,87,0
3.274633,43,48,46,0,0,87,0
3.379747,43,49,46,0,0,87,0
3.484689,43,49,46,0,0,87,0
3.589574,43,48,46,0,0,87,0
3.694671,42,49,46,0,0,87,0
3.799826,43,48,46,0,0,87,0
3.904732,43,48,46,0,0,87,0
4.009351,43,49,46,0,0,87,0
4.114390,43,48,46,0,0,86,0
4.219396,43,49,46,0,0,86,0
4.324402,43,48,46,0,0,86,0
4.429823,43,48,46,0,0,86,0
4.534840,43,48,46,0,0,86,0
4.639987,42,49,46,0,0,86,0
4.744803,43,48,46,0,0,86,0
4.849680,42,47,46,0,0,86,0
4.954877,43,48,46,0,0,86,0
5.060148,47,51,46,100,50,92,0
5.165404,49,52,46,100,45,101,0
5.270615,50,53,46,100,37,111,0
5.375634,50,53,46,100,27,120,0
5.480725,50,53,46,100,25,127,0
5.585776,52,52,46,100,23,133,0
5.690637,52,53,46,100,19,139,0
5.795668,52,51,46,100,16,144,0
5.900903,52,51,46,100,15,149,0
6.005746,53,51,46,100,14,154,0
6.110739,53,51,46,100,17,158,0
6.215504,53,51,46,100,12,162,0
6.320667,53,51,46,100,13,165,0
6.425675,53,51,46,100,12,169,0
6.530671,53,51,46,100,13,172,0
6.635759,53,52,46,100,13,175,0
6.740556,54,51,46,100,13,177,0
6.845732,53,51,46,100,14,180,0
6.950714,54,52,46,100,13,182,0
7.055702,53,51,46,100,13,184,0
7.160595,54,52,46,100,19,187,0
7.265588,54,52,46,100,16,189,0
7.370693,54,52,46,100,15,191,0
7.475765,54,52,46,100,14,193,0
7.580789,54,52,46,100,12,194,0
7.685897,54,52,46,100,11,195,0
7.790853,54,52,46,100,9,197,0
7.895892,54,53,46,100,10,198,0
8.000867,54,52,46,100,9,199,0
8.105931,54,53,46,100,10,199,0
8.210885,54,52,46,100,16,200,0
8.315595,54,52,46,100,12,202,0
8.420868,54,52,46,100,11,202,0
8.525787,54,52,46,100,9,203,0
8.630908,55,52,46,100,9,204,0
8.735947,54,52,46,100,10,204,0
8.840672,54,52,46,100,9,205,0
8.945748,54,53,46,100,9,205,0
9.050740,54,52,46,100,9,206,0
9.155810,54,53,46,100,7,206,0
9.261102,55,52,46,100,19,207,0
9.366162,55,53,46,100,13,208,0
9.470945,55,52,46,100,10,208,0
9.575790,54,52,46,100,9,209,0
9.680851,54,52,46,100,8,209,0
9.785938,55,52,46,100,8,209,0
9.890633,55,52,46,100,9,209,0
9.995677,55,52,46,100,8,209,0
10.100823,54,52,46,100,8,209,0
10.205930,54,53,46,100,9,209,0
10.310956,55,54,46,100,14,210,0
10.415788,55,52,46,100,13,210,0
10.520829,55,52,46,100,11,211,0
10.625907,54,52,46,100,9,211,0
10.730923,54,52,46,100,8,211,0
10.836049,55,52,46,100,7,211,0
10.941105,55,52,46,100,8,211,0
11.045955,55,52,46,100,8,211,0
11.150842,55,52,46,100,8,211,0
11.255864,55,52,46,100,15,210,0
11.360730,55,53,46,100,15,211,0
11.465802,55,54,46,100,12,211,0
11.570843,55,52,46,100,10,212,0
11.675896,55,52,46,100,9,212,0
11.780975,55,52,46,100,9,212,0
11.886130,55,52,46,100,9,211,0
11.991194,54,52,46,100,8,211,0
12.096123,55,52,46,100,6,211,0
12.201015,55,52,46,100,7,211,0
12.306053,55,52,46,100,17,211,0
12.411071,55,53,46,100,13,212,0
12.515852,55,52,46,100,9,212,0
12.620959,54,52,46,100,9,212,0
12.725986,55,52,46,100,8,211,0
12.831006,55,52,46,100,8,211,0
12.935780,55,52,46,100,8,211,0
13.040359,54,52,46,100,8,211,0
13.145013,55,52,46,100,7,211,0
13.250035,55,52,46,100,8,211,0
13.355005,55,53,46,100,24,211,0
13.459809,55,53,46,100,18,212,0
13.564421,55,53,46,100,15,212,0
13.669086,55,53,46,100,15,213,0
13.774093,56,53,46,100,14,213,0
13.879142,55,53,46,100,12,214,0
13.984122,55,53,46,100,11,214,0
14.089018,55,54,46,100,9,214,0
14.194054,54,54,46,100,8,213,0
14.299025,55,53,46,100,6,213,0
14.404062,55,53,46,100,21,213,0
14.508939,55,53,46,100,20,214,0
14.613926,55,53,46,100,16,214,0
14.718919,55,53,46,100,11,214,0
14.823955,55,54,46,100,11,214,0
14.928768,56,54,46,100,11,214,0
15.033376,56,53,46,100,11,214,0
15.138347,55,53,46,100,10,214,0
15.243091,54,53,46,100,9,214,0
15.348117,54,52,46,100,8,214,0
15.453144,55,53,46,100,18,214,0
15.558281,56,53,46,100,21,215,0
15.663259,55,53,46,100,13,215,0
15.768114,56,53,46,100,12,215,0
15.873365,56,53,46,100,11,215,0
15.978177,56,53,46,100,11,215,0
16.083178,55,53,46,100,9,215,0
16.188055,56,53,46,100,10,215,0
16.293154,55,53,46,100,9,214,0
16.398220,55,54,46,100,8,214,0
16.503188,56,53,46,100,22,214,0
16.608300,56,54,46,100,23,215,0
16.713108,56,54,46,100,18,216,0
16.818159,55,54,46,100,14,216,0
16.923112,56,53,46,100,10,216,0
17.028165,56,53,46,100,9,216,0
17.133067,55,53,46,100,8,215,0
17.238141,55,53,46,100,8,215,0
17.343176,56,53,46,100,8,215,0
17.448260,56,52,46,100,8,214,0
17.553292,56,53,46,100,19,214,0
17.658393,56,55,46,100,17,215,0
17.763455,56,53,46,100,10,215,0
17.868333,56,53,46,100,10,215,0
17.973301,55,53,46,100,9,214,0
18.078309,56,54,46,100,9,214,0
18.183460,56,53,46,100,8,214,0
18.288519,56,53,46,100,8,214,0
18.393381,56,53,46,100,8,213,0
18.498336,55,52,46,100,8,213,0
18.603241,56,54,46,100,16,213,0
18.708345,54,55,46,100,11,214,0
18.813142,56,53,46,100,9,214,0
18.918192,56,53,46,100,11,214,0
19.023311,56,53,46,100,9,214,0
19.128262,55,53,46,100,9,213,0
19.233112,55,54,46,100,9,213,0
19.338184,55,53,46,100,6,213,0
19.443247,56,53,46,100,7,213,0
19.548296,56,54,46,100,6,212,0
19.653392,56,53,46,100,17,213,0
19.758427,55,53,46,100,11,213,0
19.863137,55,53,46,100,11,213,0
19.968267,55,53,46,100,9,213,0
20.073325,55,53,46,100,10,213,0
20.178388,56,53,46,100,9,213,0
20.283513,56,53,46,100,9,213,0
20.388244,56,53,46,100,9,213,0
20.493390,55,53,46,100,8,213,0
20.598424,55,53,46,100,8,212,0
20.703429,56,53,46,100,14,213,0
20.808512,56,53,46,100,10,213,0
20.913298,56,53,46,100,10,213,0
21.018414,55,53,46,100,9,213,0
21.123385,56,53,46,100,10,213,0
21.228421,56,53,46,100,9,213,0
21.333544,56,53,46,100,10,213,0
21.438593,56,53,46,100,10,213,0
21.543417,56,53,46,100,9,213,0
21.648461,55,53,46,100,15,213,0
21.753534,56,53,46,100,14,213,0
21.858517,56,53,46,100,10,213,0
21.963288,56,53,46,100,9,213,0
22.068450,55,53,46,100,8,213,0
22.173492,55,53,46,100,7,213,0
22.278591,55,53,46,100,7,213,0
22.383581,56,53,46,100,7,213,0
22.488706,56,53,46,100,8,213,0
22.593464,55,53,46,100,8,212,0
22.698472,55,53,46,100,20,212,0
22.803448,56,53,46,100,13,213,0
22.908540,55,53,46,100,8,213,0
23.013308,56,53,46,100,7,213,0
23.118345,56,53,46,100,8,212,0
23.223462,56,53,46,100,8,212,0
23.328528,55,53,46,100,7,212,0
23.433628,56,53,46,100,6,212,0
23.538375,56,53,46,100,7,212,0
23.643323,56,53,46,100,7,211,0
23.748369,54,53,46,100,16,211,0
23.852893,56,54,46,100,13,212,0
23.957731,56,53,46,100,13,212,0
24.062702,56,53,46,100,11,212,0
24.167581,56,53,46,100,10,212,0
24.272508,56,53,46,100,8,212,0
24.377499,55,53,46,100,8,212,0
24.482263,55,53,46,100,8,212,0
24.586870,55,53,46,100,7,212,0
24.691394,56,53,46,100,7,212,0
24.796375,56,55,46,100,19,212,0
24.900753,56,54,46,100,17,213,0
25.005670,56,54,46,100,13,213,0
25.110440,56,53,46,100,9,213,0
25.215430,56,53,46,100,9,213,0
25.320428,56,53,46,100,9,213,0
25.425493,56,53,46,100,8,213,0
25.530662,56,53,46,100,9,213,0
25.635456,56,53,46,100,7,213,0
25.740610,56,53,46,100,8,213,0
25.845869,56,55,46,100,18,213,0
25.950649,56,54,46,100,15,213,0
26.055632,56,54,46,100,12,213,0
26.160488,56,53,46,100,11,213,0
26.265531,56,53,46,100,10,213,0
26.370577,56,53,46,100,9,213,0
26.475530,56,53,46,100,8,213,0
26.580362,55,53,46,100,8,213,0
26.685029,55,53,46,100,7,213,0
26.789703,55,53,46,100,7,213,0
26.894692,56,54,46,100,19,213,0
26.999707,56,54,46,100,18,213,0
27.104599,56,54,46,100,13,214,0
27.209550,56,54,46,100,13,214,0
27.314557,56,54,46,100,12,214,0
27.419609,57,53,46,100,11,214,0
27.524621,56,53,47,100,9,214,0
27.629396,56,53,46,100,8,214,0
27.734049,56,53,46,100,9,214,0
27.838758,56,53,46,100,6,214,0
27.943684,56,54,46,100,21,214,0
28.048728,56,54,46,100,19,215,0
28.153646,56,54,46,100,13,215,0
28.258591,57,55,46,100,10,215,0
28.363586,56,53,46,100,10,215,0
28.468884,56,53,46,100,11,215,0
28.573752,57,53,46,100,10,215,0
28.678788,56,53,46,100,9,215,0
28.783589,56,53,46,100,8,214,0
28.888610,55,53,46,100,6,214,0
28.993763,56,54,47,100,19,214,0
29.098831,55,54,46,100,15,215,0
29.203906,56,54,46,100,13,215,0
29.308965,56,54,46,100,11,215,0
29.413709,56,54,46,100,10,215,0
29.518830,56,54,46,100,11,215,0
29.623875,56,54,46,100,10,215,0
29.728939,56,54,46,100,11,215,0
29.834122,56,53,46,100,11,215,0
29.939067,56,53,46,100,9,215,0
30.043784,56,54,46,100,21,215,0
30.148867,57,54,47,100,18,216,0
30.253917,56,54,46,100,14,216,0
30.358944,56,54,47,100,12,216,0
30.463721,56,54,46,100,11,216,0
30.568763,56,54,47,100,12,216,0
30.673897,56,54,47,100,10,216,0
30.778925,56,53,47,100,10,216,0
30.883757,56,53,46,100,11,216,0
30.988815,56,53,47,100,14,215,0
31.093910,56,55,46,100,23,216,0
31.198886,56,55,46,100,20,217,0
31.303956,56,55,47,100,19,217,0
31.409055,56,54,47,100,15,218,0
31.513761,57,54,46,100,13,218,0
31.618867,57,54,46,100,11,217,0
31.723918,56,55,47,100,11,217,0
31.829193,56,54,47,100,10,217,0
31.934112,55,54,47,100,11,217,0
32.038925,56,53,46,100,16,217,0
32.143937,56,54,47,100,19,217,0
32.248948,57,54,47,100,12,217,0
32.354037,56,54,47,100,12,217,0
32.459084,56,54,47,100,11,217,0
32.563945,56,54,47,100,9,217,0
32.668788,56,53,46,100,9,217,0
32.773949,57,53,47,100,9,216,0
32.879020,57,53,47,100,8,216,0
32.984115,57,53,47,100,8,216,0
33.088826,56,53,46,100,18,215,0
33.194016,56,54,47,100,20,216,0
33.298990,56,54,47,100,13,216,0
33.404024,56,54,47,100,10,216,0
33.508879,57,54,47,100,9,216,0
33.613877,56,53,47,100,8,216,0
33.719011,56,53,47,100,8,216,0
33.824011,56,53,47,100,8,215,0
33.929082,56,53,47,100,8,215,0
34.033942,56,53,47,100,9,215,0
34.138858,56,54,46,100,21,215,0
34.244211,56,54,47,100,18,215,0
34.349050,56,54,47,100,14,216,0
34.454073,56,54,47,100,14,216,0
34.559257,55,54,47,100,11,216,0
34.664099,57,54,47,100,9,216,0
34.769085,56,53,46,100,8,216,0
34.874073,56,53,47,100,7,216,0
34.979140,56,53,47,100,8,215,0
35.084176,56,53,47,100,9,215,0
35.188997,56,54,46,100,18,215,0
35.294088,56,54,47,100,18,215,0
35.399117,57,54,47,100,12,216,0
35.504163,57,54,47,100,11,216,0
35.609031,56,55,47,100,9,216,0
35.713982,56,55,47,100,9,215,0
35.818962,56,54,47,100,10,215,0
35.924094,56,55,47,100,10,215,0
36.029194,57,54,47,100,11,215,0
36.134247,56,55,47,100,10,215,0
36.238979,56,54,47,100,21,215,0
36.344424,56,55,47,100,18,216,0
36.449268,57,54,47,100,14,217,0
36.554212,57,54,47,100,12,217,0
36.659085,56,54,47,100,10,217,0
36.763990,56,54,47,100,10,217,0
36.869034,56,54,47,100,10,216,0
36.974061,56,54,47,100,10,216,0
37.078820,56,54,47,100,10,216,0
37.183615,56,54,47,100,9,216,0
37.288486,56,54,47,100,22,216,0
37.393204,56,54,47,100,14,217,0
37.498128,57,54,47,100,14,217,0
37.603252,56,54,47,100,12,217,0
37.708046,56,54,47,100,11,217,0
37.812919,56,54,47,100,11,217,0
37.917899,57,54,47,100,10,217,0
38.022586,56,54,47,100,8,216,0
38.127268,56,54,47,100,9,216,0
38.232084,56,54,47,100,8,216,0
38.337265,56,54,47,100,22,216,0
38.442283,56,55,47,100,19,217,0
38.547187,56,54,47,100,14,217,0
38.652251,56,54,47,100,10,217,0
38.757235,56,54,47,100,10,217,0
38.862136,56,55,47,100,10,217,0
38.967280,56,54,47,100,9,216,0
39.072278,56,55,47,100,10,216,0
39.177312,56,54,47,100,9,216,0
39.282112,55,53,47,100,6,216,0
39.387129,56,54,47,100,21,216,0
39.492312,56,54,47,100,15,216,0
39.597475,57,54,47,100,11,217,0
39.702368,57,54,47,100,11,216,0
39.807102,57,54,47,100,11,216,0
39.911994,56,54,47,100,11,216,0
40.017160,57,54,47,100,10,216,0
40.122154,56,54,47,100,10,216,0
40.226672,56,54,47,100,10,216,0
40.331517,56,55,47,100,10,215,0
40.436353,57,56,47,100,21,216,0
40.541454,57,55,47,100,20,217,0
40.646393,56,54,47,100,13,217,0
40.751405,57,54,47,100,11,217,0
40.856209,57,54,47,100,10,217,0
40.961229,56,54,47,100,9,216,0
41.066241,56,53,47,100,8,216,0
41.171302,56,53,47,100,8,216,0
41.276389,56,53,47,100,8,215,0
41.381196,56,53,47,100,13,215,0
41.486249,57,54,47,100,17,215,0
41.591335,57,56,47,100,16,216,0
41.696420,56,54,47,100,11,216,0
41.801519,56,54,47,100,11,216,0
41.906224,56,54,47,100,10,216,0
42.011245,56,55,47,100,9,216,0
42.116452,56,54,47,100,10,216,0
42.221638,57,54,47,100,10,215,0
42.326527,56,54,47,100,9,215,0
42.431580,56,54,47,100,20,215,0
42.536340,56,54,47,100,16,216,0
42.641508,56,54,47,100,11,216,0
42.746485,56,55,47,100,9,216,0
42.851502,56,54,47,100,8,216,0
42.956603,57,54,47,100,9,215,0
43.061454,57,55,47,100,9,215,0
43.166508,56,54,47,100,9,215,0
43.271645,56,54,47,100,9,215,0
43.376602,56,53,47,100,9,215,0
43.481659,56,54,47,100,19,214,0
43.586388,56,54,47,100,11,215,0
43.691564,56,54,47,100,11,215,0
43.796563,56,54,47,100,10,215,0
43.901583,56,55,47,100,9,215,0
44.006586,56,55,47,100,8,215,0
44.111351,56,54,47,100,8,214,0
44.216486,57,53,47,100,8,214,0
44.321546,57,53,47,100,8,214,0
44.426506,56,53,47,100,9,214,0
44.531302,56,54,47,100,19,214,0
44.636363,57,54,47,100,14,214,0
44.741459,56,54,47,100,11,215,0
44.846606,56,54,47,100,10,215,0
44.951595,56,55,47,100,10,215,0
45.056728,56,54,47,100,9,215,0
45.161537,56,54,47,100,8,215,0
45.266568,57,54,47,100,7,215,0
45.371639,56,55,47,100,8,214,0
45.476635,57,55,47,100,8,214,0
45.581766,56,54,47,100,18,214,0
45.686498,56,55,47,100,17,215,0
45.791632,57,54,47,100,14,216,0
45.896614,57,54,47,100,11,216,0
46.001629,57,54,47,100,11,216,0
46.106715,56,54,47,100,11,216,0
46.211500,56,54,47,100,10,216,0
46.316653,56,54,47,100,10,216,0
46.421727,57,54,47,100,10,216,0
46.526798,56,54,47,100,8,216,0
46.631846,56,54,47,100,15,216,0
46.736917,56,54,47,100,13,216,0
46.841770,56,54,47,100,10,216,0
46.946829,56,54,47,100,9,216,0
47.051758,56,54,47,100,8,215,0
47.156777,56,55,47,100,8,215,0
47.261570,56,53,47,100,8,215,0
47.366701,56,53,47,100,8,215,0
47.471770,56,53,47,100,8,214,0
47.576795,55,53,47,100,6,214,0
47.681860,57,54,47,100,24,215,0
47.786923,57,55,47,100,19,215,0
47.891775,56,54,47,100,13,216,0
47.996795,57,54,47,100,11,216,0
48.102035,56,54,47,100,9,216,0
48.206834,57,55,47,100,9,215,0
48.311636,57,54,47,100,9,215,0
48.416618,56,54,47,100,8,215,0
48.521786,56,55,47,100,7,215,0
48.626723,56,53,47,100,8,214,0
48.731875,57,54,47,100,17,215,0
48.836715,56,54,47,100,11,215,0
48.941845,56,54,47,100,9,215,0
49.046787,57,55,47,100,9,215,0
49.151798,57,55,47,100,9,215,0
49.256914,57,53,47,100,9,214,0
49.361657,56,53,47,100,8,214,0
49.466756,56,54,47,100,8,214,0
49.571870,57,55,47,100,8,214,0
49.676987,56,53,47,100,18,213,0
49.781976,56,55,47,100,19,214,0
49.886669,57,54,47,100,14,215,0
49.991701,57,54,47,100,10,215,0
50.096760,56,54,47,100,10,215,0
50.201517,56,54,47,100,9,215,0
50.306137,56,55,47,100,8,214,0
50.410684,56,54,47,100,8,214,0
50.515662,56,55,47,100,9,214,0
50.620538,56,54,47,100,8,214,0
50.725018,56,54,47,100,21,214,0
50.829988,56,55,47,100,16,214,0
50.934690,57,55,47,100,13,215,0
51.039624,57,54,47,100,9,215,0
51.144575,56,55,47,100,9,215,0
51.249096,56,54,47,100,9,214,0
51.354040,56,54,47,100,8,214,0
51.458780,56,53,47,100,8,214,0
51.563970,56,53,47,100,8,213,0
51.668925,56,53,47,100,8,213,0
51.773983,56,55,47,100,17,213,0
51.879020,56,54,47,100,12,213,0
51.983812,56,54,47,100,11,214,0
52.088856,57,54,47,100,11,214,0
52.194016,56,54,47,100,9,214,0
52.298992,57,54,47,100,9,214,0
52.404045,57,55,47,100,9,214,0
52.508862,56,54,47,100,9,214,0
52.613862,56,55,47,100,8,214,0
52.718881,56,54,47,100,9,214,0
52.823833,57,54,47,100,15,214,0
52.928628,56,54,47,100,12,214,0
53.033387,56,54,47,100,10,214,0
53.138075,56,54,47,100,9,214,0
53.242987,56,55,47,100,8,214,0
53.348060,56,54,47,100,9,214,0
53.452684,57,54,47,100,10,214,0
53.557348,56,54,47,100,10,214,0
53.662066,56,54,47,100,10,214,0
53.767001,57,55,47,100,10,214,0
53.872114,56,54,47,100,20,214,0
53.977177,57,54,47,100,15,215,0
54.082262,56,54,47,100,13,215,0
54.187020,57,54,47,100,11,215,0
54.292092,57,54,47,100,10,215,0
54.397100,56,54,47,100,9,215,0
54.502204,56,54,47,100,8,215,0
54.607236,56,54,47,100,8,215,0
54.712122,57,54,48,100,9,215,0
54.817146,56,54,47,100,7,214,0
54.922218,57,54,47,100,21,215,0
55.027176,57,54,47,100,13,215,0
55.132325,56,54,47,100,9,215,0
55.237233,57,55,48,100,8,215,0
55.342193,56,54,48,100,8,215,0
55.447122,57,54,47,100,8,215,0
55.552453,56,53,47,100,7,214,0
55.657408,56,54,48,100,6,214,0
55.762499,56,54,48,100,7,214,0
55.867202,56,53,48,100,7,213,0
55.972097,56,54,47,100,11,214,0
56.077339,56,54,48,100,11,214,0
56.182350,57,55,47,100,10,214,0
56.287091,56,55,47,100,8,214,0
56.392167,57,54,47,100,7,213,0
56.497305,56,53,48,100,8,213,0
56.602252,56,53,47,100,7,213,0
56.707038,56,53,47,100,6,213,0
56.812054,57,53,48,100,7,212,0
56.917224,56,53,47,100,10,212,0
57.022318,57,54,48,100,16,213,0
57.127292,57,54,47,100,10,213,0
57.232320,57,55,47,100,9,213,0
57.337262,56,54,47,100,7,213,0
57.442262,56,53,48,100,8,212,0
57.547168,57,53,48,100,8,212,0
57.652287,57,54,48,100,10,212,0
57.757087,51,53,48,0,0,209,0
57.862230,49,52,48,0,0,201,0
57.967272,49,52,47,0,0,193,0
58.072431,48,52,48,0,0,187,0
58.177467,49,52,48,0,0,180,0
58.282579,48,51,48,0,0,174,0
58.388128,48,51,48,0,0,169,0
58.493285,48,51,48,0,0,163,0
58.598416,48,51,47,0,0,158,0
58.703470,47,51,47,0,0,154,0
58.808411,47,51,47,0,0,150,0
58.913123,47,51,47,0,0,145,0
59.018325,47,51,47,0,0,142,0
59.123441,47,51,47,0,0,138,0
59.228462,47,51,47,0,0,135,0
59.333703,47,52,47,0,0,132,0
59.438971,47,51,48,0,0,129,0
59.544451,46,51,48,0,0,126,0
59.649411,46,50,48,0,0,124,0
59.754541,47,50,48,0,0,121,0
59.859642,46,50,48,0,0,119,0
59.964978,46,50,48,0,0,117,0
60.070063,46,50,47,0,0,115,0
60.175324,46,50,47,0,0,113,0
60.280421,45,50,48,0,0,111,0
60.385221,46,50,48,0,0,110,0
60.490389,46,50,48,0,0,108,0
60.595391,46,50,48,0,0,107,0
60.700569,46,50,48,0,0,106,0
60.805672,46,50,48,0,0,104,0
60.910731,45,50,47,0,0,103,0
61.016104,45,50,47,0,0,102,0
61.121245,45,50,48,0,0,101,0
61.226695,45,50,47,0,0,100,0
61.331732,46,50,47,0,0,99,0
61.436863,45,50,47,0,0,98,0
61.542167,45,50,48,0,0,98,0
61.647258,45,50,48,0,0,97,0
61.752385,45,50,48,0,0,96,0
61.857662,45,50,47,0,0,96,0
61.962752,45,50,48,0,0,95,0
62.067439,45,51,48,0,0,94,0
62.172550,45,51,48,0,0,94,0
62.277536,45,51,48,0,0,93,0
62.382711,45,50,47,0,0,93,0
62.487768,45,51,48,0,0,93,0
62.592531,45,51,48,0,0,92,0
62.697743,45,50,47,0,0,92,0
62.802512,49,53,48,100,47,98,0
62.907155,51,54,48,100,45,108,0
63.011806,51,55,48,100,41,117,0
63.116337,52,55,48,100,29,125,0
63.221429,52,55,48,100,25,132,0
63.326645,53,54,48,100,23,139,0
63.431554,53,55,48,100,21,144,0
63.536654,53,53,48,100,17,149,0
63.641436,53,53,48,100,17,154,0
63.746514,54,53,48,100,17,158,0
63.851539,54,53,48,100,16,162,0
63.956769,54,53,48,100,14,166,0
64.061696,54,53,48,100,13,169,0
64.166438,54,53,48,100,13,173,0
64.271372,55,53,48,100,14,176,0
64.376195,55,53,48,100,15,179,0
64.480950,55,53,48,100,14,181,0
64.585702,55,53,48,100,15,184,0
64.691333,55,53,48,100,16,186,0
64.796259,55,53,48,100,14,188,0
64.900809,55,54,48,100,19,190,0
65.005691,56,54,48,100,15,192,0
65.110501,56,55,48,100,13,194,0
65.215438,55,53,48,100,13,196,0
65.320670,56,53,48,100,13,197,0
65.425626,56,53,48,100,13,198,0
65.530647,56,53,48,100,12,200,0
65.635428,56,53,48,100,12,201,0
65.740476,56,54,48,100,14,202,0
65.845692,55,53,48,100,12,203,0
65.950618,56,54,48,100,18,204,0
66.055790,56,54,48,100,16,205,0
66.160802,56,54,48,100,14,206,0
66.265664,56,54,48,100,11,207,0
66.370665,56,53,48,100,9,207,0
66.475640,56,53,48,100,8,208,0
66.580707,55,53,48,100,8,208,0
66.685695,56,53,48,100,9,208,0
66.790572,56,53,48,100,8,208,0
66.895685,56,53,48,100,6,208,0
67.000725,56,54,48,100,17,209,0
67.105752,56,54,48,100,12,209,0
67.210557,55,54,48,100,8,210,0
67.315570,55,53,48,100,7,210,0
67.420820,56,53,48,100,8,210,0
67.525790,56,53,48,100,8,210,0
67.630782,56,53,48,100,8,210,0
67.735884,56,53,48,100,8,210,0
67.840765,56,53,48,100,9,211,0
67.945800,55,53,48,100,6,210,0
68.050735,56,54,48,100,17,211,0
68.155802,56,54,48,100,13,211,0
68.260909,56,54,48,100,13,212,0
68.365656,55,55,48,100,11,212,0
68.470793,56,54,48,100,12,213,0
68.575806,56,54,48,100,10,213,0
68.680843,56,55,48,100,10,213,0
68.785923,57,55,48,100,11,213,0
68.890664,56,55,48,100,12,213,0
68.995835,56,53,48,100,12,213,0
69.100931,56,54,48,100,21,214,0
69.205821,56,54,48,100,15,215,0
69.310925,57,54,48,100,11,215,0
69.415685,56,54,48,100,9,215,0
69.520830,55,55,48,100,8,215,0
69.625837,55,53,48,100,8,215,0
69.730834,56,53,48,100,8,214,0
69.835939,56,53,48,100,10,214,0
69.940714,56,53,48,100,9,214,0
70.045739,56,53,48,100,14,214,0
70.150818,56,54,48,100,17,215,0
70.255899,56,54,48,100,15,215,0
70.361060,56,54,48,100,10,215,0
70.465840,56,55,48,100,8,215,0
70.570924,56,53,48,100,9,215,0
70.675899,56,53,48,100,8,215,0
70.780972,56,53,48,100,7,214,0
70.886029,56,53,48,100,6,214,0
70.990775,56,53,48,100,8,214,0
71.095833,56,53,48,100,16,213,0
71.200944,56,54,48,100,19,214,0
71.306007,56,54,48,100,17,215,0
71.410781,56,54,48,100,15,215,0
71.515858,56,54,48,100,13,216,0
71.620979,56,54,48,100,11,216,0
71.725903,56,54,48,100,9,216,0
71.830953,56,54,48,100,9,216,0
71.936077,56,54,48,100,10,216,0
72.040798,56,55,48,100,9,216,0
72.145795,56,54,48,100,21,215,0
72.250930,56,54,48,100,16,216,0
72.355978,56,54,48,100,13,216,0
72.460922,56,54,48,100,11,216,0
72.565831,56,54,48,100,11,216,0
72.670930,56,54,48,100,11,216,0
72.775966,56,54,48,100,10,216,0
72.881034,56,54,48,100,9,216,0
72.986128,56,54,48,100,9,216,0
73.090860,56,54,48,100,7,216,0
73.195896,56,54,48,100,23,216,0
73.301029,56,55,48,100,19,216,0
73.406060,56,54,48,100,14,216,0
73.511261,56,54,48,100,10,217,0
73.616365,56,54,48,100,9,216,0
73.721179,56,54,48,100,9,216,0
73.826056,56,55,48,100,8,216,0
73.931124,56,53,48,100,8,215,0
74.035877,56,55,48,100,8,215,0
74.140873,56,54,48,100,8,215,0
74.245939,56,54,48,100,20,215,0
74.354022,57,54,48,100,19,216,0
74.458610,57,54,48,100,12,216,0
74.563298,56,54,48,100,10,216,0
74.667886,56,55,48,100,8,215,0
74.773064,56,55,48,100,9,215,0
74.878079,56,54,48,100,7,215,0
74.983055,55,53,48,100,8,214,0
75.088230,56,54,48,100,7,214,0
75.193014,56,53,48,100,7,214,0
75.298074,56,54,48,100,20,214,0
75.403198,57,54,48,100,15,215,0
75.508148,56,54,48,100,12,215,0
75.613128,57,54,48,100,11,215,0
75.718002,57,54,48,100,10,215,0
75.822929,56,54,48,100,11,215,0
75.927949,56,54,48,100,10,215,0
76.032811,56,54,48,100,8,215,0
76.137434,56,55,48,100,9,214,0
76.242347,56,54,48,100,8,214,0
76.347147,57,54,48,100,12,214,0
76.452149,56,54,48,100,7,215,0
76.557258,57,54,48,100,7,215,0
76.662267,56,54,48,100,8,214,0
76.767053,57,54,48,100,8,214,0
76.872162,57,54,48,100,8,214,0
76.977262,56,55,48,100,8,214,0
77.082263,56,54,48,100,8,214,0
77.187329,56,53,48,100,8,214,0
77.292086,56,53,48,100,7,213,0
77.397228,56,54,48,100,16,214,0
77.502205,57,54,48,100,11,214,0
77.607275,56,54,48,100,9,214,0
77.712339,56,54,48,100,7,214,0
77.817162,56,55,48,100,7,214,0
77.922266,57,54,48,100,8,214,0
78.027266,57,55,48,100,8,214,0
78.132289,56,53,48,100,8,213,0
78.237433,56,53,48,100,8,213,0
78.342516,56,53,48,100,7,213,0
78.447296,56,54,48,100,11,213,0
78.552284,56,54,48,100,11,213,0
78.657319,56,54,48,100,10,214,0
78.762431,56,54,48,100,9,214,0
78.867506,56,54,48,100,8,214,0
78.972433,56,55,48,100,8,214,0
79.077359,57,55,48,100,9,214,0
79.182317,57,54,48,100,9,213,0
79.287399,57,54,48,100,8,213,0
79.392144,56,54,48,100,15,213,0
79.497332,57,54,48,100,20,214,0
79.602347,57,54,48,100,14,214,0
79.707401,56,54,48,100,9,214,0
79.812442,56,54,48,100,8,214,0
79.917263,56,55,48,100,8,214,0
80.022371,56,55,48,100,7,214,0
80.127311,57,54,48,100,8,214,0
80.232438,56,54,48,100,8,214,0
80.337489,56,54,48,100,8,214,0
80.442262,57,54,48,100,19,213,0
80.547334,56,54,48,100,11,214,0
80.652405,56,54,48,100,9,214,0
80.757408,56,54,48,100,8,214,0
80.862514,56,55,48,100,9,214,0
80.967582,56,54,48,100,9,213,0
81.072381,56,54,48,100,8,213,0
81.177462,57,54,48,100,7,213,0
81.282499,56,55,48,100,8,213,0
81.387516,56,54,48,100,8,213,0
81.492287,56,54,48,100,22,213,0
81.597412,57,55,48,100,16,214,0
81.702494,57,54,48,100,14,215,0
81.807460,56,54,48,100,11,215,0
81.912747,57,54,48,100,11,215,0
82.017641,56,54,48,100,10,215,0
82.122421,56,54,48,100,9,215,0
82.227396,56,54,48,100,10,215,0
82.332467,57,54,48,100,9,215,0
82.437562,57,54,48,100,9,215,0
82.542323,57,54,48,100,19,215,0
82.647342,56,56,48,100,19,215,0
82.752526,57,55,48,100,16,216,0
82.857511,57,54,48,100,9,216,0
82.962562,56,54,48,100,10,216,0
83.067271,57,54,48,100,10,216,0
83.172275,57,54,48,100,10,215,0
83.277497,56,54,48,100,9,215,0
83.382484,56,54,48,100,8,215,0
83.487264,56,54,48,100,8,215,0
83.592269,57,55,48,100,21,215,0
83.697397,57,55,48,100,18,216,0
83.802566,56,54,48,100,13,216,0
83.907535,56,54,48,100,10,216,0
84.012617,57,54,48,100,9,216,0
84.117410,56,54,48,100,8,215,0
84.222501,56,54,48,100,8,215,0
84.327570,57,55,48,100,8,215,0
84.432583,56,53,48,100,7,215,0
84.537697,56,55,48,100,7,214,0
84.642393,57,54,48,100,17,215,0
84.747290,57,54,48,100,15,215,0
84.852214,57,54,48,100,11,215,0
84.956762,57,54,48,100,10,215,0
85.061668,56,54,48,100,9,215,0
85.166467,57,54,48,100,9,215,0
85.271443,56,55,48,100,9,214,0
85.376463,56,54,48,100,9,214,0
85.481670,56,55,48,100,8,214,0
85.586663,56,54,48,100,6,214,0
85.691452,56,55,48,100,19,214,0
85.796622,56,55,48,100,20,215,0
85.901639,57,56,48,100,14,216,0
86.006573,57,54,48,100,12,216,0
86.111685,57,54,48,100,10,216,0
86.216568,57,54,48,100,10,216,0
86.321509,57,54,48,100,9,215,0
86.426530,56,54,48,100,9,215,0
86.530965,56,54,48,100,9,215,0
86.635874,56,54,48,100,6,215,0
86.740566,57,55,48,100,19,215,0
86.845525,57,55,48,100,19,216,0
86.950668,56,55,48,100,20,216,0
87.055664,57,56,48,100,14,217,0
87.160765,57,54,48,100,10,217,0
87.265557,57,54,48,100,9,216,0
87.370562,57,54,48,100,8,216,0
87.475466,57,54,48,100,8,216,0
87.579989,57,54,48,100,8,215,0
87.684780,56,54,48,100,8,215,0
87.789699,57,55,48,100,19,216,0
87.894736,56,55,48,100,12,216,0
87.999715,56,54,48,100,9,216,0
88.104734,57,54,48,100,9,216,0
88.209894,57,54,48,100,9,216,0
88.314897,57,54,48,100,9,215,0
88.419642,57,54,48,100,8,215,0
88.524752,56,54,48,100,8,215,0
88.629774,56,55,48,100,8,214,0
88.734829,57,54,48,100,10,214,0
88.839627,56,54,48,100,12,215,0
88.944644,56,54,48,100,8,215,0
89.049809,57,54,48,100,8,215,0
89.154765,57,54,48,100,8,215,0
89.259893,57,54,48,100,7,214,0
89.364993,56,55,48,100,8,214,0
89.469802,57,54,48,100,8,214,0
89.574779,57,55,48,100,9,214,0
89.679785,57,55,48,100,8,214,0
89.784926,56,54,48,100,21,214,0
89.890070,57,54,48,100,14,214,0
89.994823,56,54,48,100,11,214,0
90.099829,56,54,48,100,9,214,0
90.204828,57,54,48,100,8,215,0
90.309886,57,54,48,100,9,215,0
90.414677,57,54,48,100,9,215,0
90.519759,56,54,48,100,10,215,0
90.624918,57,54,48,100,9,214,0
90.729913,57,55,48,100,9,214,0
90.834933,56,54,48,100,19,214,0
90.939998,57,55,48,100,17,215,0
91.044748,57,55,48,100,12,215,0
91.149901,57,54,48,100,12,215,0
91.254834,57,54,48,100,11,216,0
91.359896,57,54,48,100,10,216,0
91.464778,57,54,48,100,9,216,0
91.569769,57,54,48,100,11,216,0
91.674842,57,54,48,100,11,216,0
91.779885,56,54,48,100,11,216,0
91.884682,56,54,48,100,18,216,0
91.989659,57,55,48,100,20,216,0
92.094793,57,55,48,100,13,217,0
92.199945,57,54,48,100,11,217,0
92.304990,56,54,48,100,10,217,0
92.410086,56,54,48,100,9,217,0
92.515092,56,54,48,100,8,217,0
92.620115,56,54,48,100,9,216,0
92.725022,56,54,48,100,8,216,0
92.830017,57,54,48,100,9,216,0
92.935073,57,55,48,100,20,216,0
93.039803,56,55,48,100,14,216,0
93.144810,57,54,48,100,13,217,0
93.250004,56,54,48,100,12,217,0
93.355052,57,54,48,100,10,217,0
93.460225,57,54,48,100,10,216,0
93.565233,56,54,48,100,9,216,0
93.669883,57,54,48,100,8,216,0
93.774994,56,54,48,100,9,216,0
93.879974,56,54,48,100,8,216,0
93.985182,57,55,48,100,20,216,0
94.090188,57,55,48,100,17,216,0
94.194999,57,54,48,100,12,217,0
94.300132,57,54,48,100,10,216,0
94.405153,57,54,48,100,10,216,0
94.510097,57,54,48,100,9,216,0
94.614877,57,54,48,100,9,216,0
94.719891,57,54,48,100,9,216,0
94.825154,57,54,48,100,8,215,0
94.930096,55,54,48,100,5,215,0
95.035116,57,56,48,100,18,216,0
95.139926,57,54,48,100,13,216,0
95.244946,56,54,48,100,11,216,0
95.349978,57,54,48,100,11,216,0
95.454987,57,54,48,100,11,216,0
95.559772,57,54,48,100,10,216,0
95.664447,57,54,48,100,10,216,0
95.769077,57,54,48,100,11,216,0
95.873956,57,54,48,100,9,216,0
95.978926,56,54,48,100,8,215,0
96.084080,57,55,48,100,19,216,0
96.189008,57,55,48,100,19,216,0
96.294002,57,55,48,100,15,217,0
96.398985,57,56,48,100,12,217,0
96.503971,57,54,48,100,10,217,0
96.609218,57,54,48,100,9,217,0
96.714088,57,54,48,100,9,216,0
96.819016,57,54,48,100,9,216,0
96.924025,57,54,48,100,8,216,0
97.029169,57,54,48,100,13,215,0
97.133840,56,55,48,100,14,216,0
97.238516,56,56,48,100,13,216,0
97.343029,56,54,48,100,8,216,0
97.448055,57,54,48,100,8,216,0
97.553269,56,54,48,100,8,216,0
97.658260,57,54,48,100,9,216,0
97.763328,57,54,48,100,8,215,0
97.868140,57,54,48,100,9,215,0
97.973269,57,54,48,100,9,215,0
98.078358,56,54,48,100,20,215,0
98.183279,57,55,48,100,11,215,0
98.288451,57,54,48,100,9,215,0
98.393183,57,54,48,100,8,215,0
98.498284,57,54,48,100,8,215,0
98.603261,57,54,48,100,9,215,0
98.708272,57,54,48,100,10,215,0
98.813154,57,54,48,100,9,215,0
98.918136,57,54,48,100,8,214,0
99.023249,57,54,48,100,8,214,0
99.128310,56,54,48,100,27,214,0
99.233398,57,55,48,100,20,215,0
99.338468,56,55,48,100,16,215,0
99.443166,56,55,48,100,19,216,0
99.548348,57,55,48,100,19,217,0
99.653349,57,55,48,100,16,217,0
99.758435,57,54,48,100,11,217,0
99.863196,57,54,48,100,10,217,0
99.968189,57,54,48,100,10,217,0
100.073280,57,54,48,100,11,217,0
100.178399,57,55,48,100,22,217,0
100.283395,57,55,48,100,20,217,0
100.388416,56,55,48,100,16,218,0
100.493309,57,55,48,100,12,218,0
100.598374,56,54,48,100,9,218,0
100.703364,56,54,48,100,9,218,0
100.808374,57,54,48,100,9,218,0
100.913480,58,54,48,100,9,217,0
101.018348,57,54,48,100,9,217,0
101.123460,57,54,48,100,10,217,0
101.228560,57,56,49,100,17,217,0
101.333512,57,55,48,100,13,217,0
101.438502,57,54,48,100,12,217,0
101.543920,56,54,48,100,12,217,0
101.649093,57,54,48,100,10,217,0
101.754417,57,54,48,100,10,217,0
101.859460,57,54,48,100,9,217,0
101.964595,56,54,48,100,9,217,0
102.069361,57,54,48,100,9,217,0
102.174513,57,54,48,100,8,216,0
102.279426,56,55,48,100,18,217,0
102.384509,57,55,48,100,21,217,0
102.489593,57,55,48,100,17,218,0
102.594437,56,56,49,100,13,218,0
102.699432,56,55,48,100,11,218,0
102.804480,57,54,48,100,10,218,0
102.909521,56,54,48,100,8,217,0
103.014572,56,54,48,100,8,217,0
103.119256,57,54,48,100,10,217,0
103.224332,57,54,48,100,7,217,0
103.329563,57,55,48,100,19,217,0
103.434600,56,55,48,100,18,218,0
103.539574,57,55,49,100,15,218,0
103.644463,57,55,48,100,11,218,0
103.749469,57,54,48,100,9,218,0
103.854512,56,54,48,100,9,218,0
103.959533,56,54,48,100,8,218,0
104.064668,57,54,48,100,7,217,0
104.169407,57,54,49,100,8,217,0
104.274611,57,54,48,100,6,217,0
104.379569,57,55,49,100,24,217,0
104.484643,57,55,48,100,19,218,0
104.589694,57,55,48,100,16,218,0
104.694416,57,56,48,100,13,218,0
104.799388,57,54,49,100,10,218,0
104.904596,56,54,49,100,8,218,0
105.009669,57,54,48,100,9,218,0
105.114776,56,54,48,100,8,217,0
105.219890,56,54,49,100,7,217,0
105.324651,57,54,49,100,7,216,0
105.429621,57,55,49,100,24,217,0
105.534628,57,55,48,100,18,218,0
105.639703,57,55,49,100,15,218,0
105.744483,57,56,49,100,14,218,0
105.849599,57,55,48,100,11,218,0
105.954497,57,54,49,100,10,218,0
106.058934,57,54,49,100,8,218,0
106.163715,56,54,48,100,9,217,0
106.268560,56,54,48,100,7,217,0
106.373637,55,54,48,100,6,216,0
106.478633,57,55,49,100,25,217,0
106.583689,57,55,49,100,16,218,0
106.688543,57,55,49,100,15,218,0
106.793573,57,55,48,100,14,218,0
106.898575,56,55,49,100,13,218,0
107.003711,57,55,48,100,12,218,0
107.108743,56,56,49,100,11,218,0
107.213857,57,54,49,100,9,218,0
107.318870,56,54,49,100,8,218,0
107.423713,57,54,49,100,9,217,0
107.528851,57,55,49,100,18,218,0
107.633905,57,55,49,100,14,218,0
107.738820,57,56,49,100,13,218,0
107.843574,57,54,49,100,10,218,0
107.948864,57,54,48,100,10,218,0
108.053754,57,54,49,100,11,217,0
108.158762,57,54,49,100,10,217,0
108.263829,56,54,48,100,9,217,0
108.368744,57,54,49,100,8,217,0
108.473771,57,54,49,100,17,216,0
108.578772,57,55,49,100,23,217,0
108.683771,57,55,49,100,21,218,0
108.788882,57,55,49,100,13,218,0
108.893651,57,55,49,100,12,218,0
108.998713,56,54,49,100,10,218,0
109.103764,56,54,48,100,10,217,0
109.208875,57,54,48,100,9,217,0
109.313985,56,54,48,100,9,217,0
109.419024,57,54,49,100,9,217,0
109.523769,57,54,48,100,18,216,0
109.628821,57,55,49,100,12,217,0
109.733910,56,54,49,100,10,217,0
109.838945,57,54,49,100,8,217,0
109.943693,57,54,49,100,10,217,0
110.048718,57,54,49,100,9,216,0
110.153850,57,54,49,100,10,216,0
110.258825,57,54,49,100,9,216,0
110.363663,57,54,49,100,7,215,0
110.468722,57,54,49,100,8,215,0
110.573863,57,54,49,100,21,215,0
110.678887,56,55,49,100,18,216,0
110.783931,57,55,49,100,14,216,0
110.889060,57,54,49,100,12,216,0
110.993799,57,56,49,100,14,217,0
111.098899,57,54,49,100,11,217,0
111.203888,57,54,49,100,10,217,0
111.309064,57,54,49,100,11,217,0
111.414045,56,54,49,100,11,216,0
111.519092,56,54,49,100,9,216,0
111.623881,57,55,49,100,19,216,0
111.728955,57,55,48,100,16,217,0
111.833958,57,56,49,100,12,217,0
111.939084,56,55,49,100,12,217,0
112.044121,57,54,49,100,11,217,0
112.148970,57,54,49,100,11,217,0
112.253974,57,54,49,100,9,217,0
112.359007,57,54,48,100,9,217,0
112.464140,57,54,49,100,9,217,0
112.569226,57,54,49,100,8,217,0
112.674069,57,55,49,100,19,217,0
112.778977,57,55,49,100,18,218,0
112.884225,57,55,49,100,12,218,0
112.989181,57,55,49,100,10,218,0
113.094211,56,54,49,100,9,218,0
113.199114,57,54,49,100,8,217,0
113.303967,57,54,49,100,8,217,0
113.409175,57,54,49,100,8,217,0
113.514111,57,54,49,100,9,217,0
113.618850,57,54,49,100,7,216,0
113.723919,57,55,49,100,16,217,0
113.829043,57,55,49,100,16,217,0
113.934063,57,56,49,100,13,217,0
114.039113,57,56,49,100,11,217,0
114.143881,57,54,49,100,12,217,0
114.249019,57,54,49,100,11,217,0
114.354095,56,54,49,100,10,217,0
114.459110,56,54,49,100,9,217,0
114.564178,57,54,49,100,8,217,0
114.669271,57,54,49,100,13,217,0
114.774056,57,55,49,100,19,217,0
114.879075,57,55,49,100,14,218,0
114.984115,57,55,49,100,14,218,0
115.089251,57,56,49,100,12,218,0
115.194284,58,55,49,100,11,218,0
115.299084,56,55,49,100,10,218,0
115.404133,57,55,49,100,15,218,0
115.509421,51,54,49,0,0,214,0
115.614808,50,54,48,0,0,206,0
115.719988,50,52,49,0,0,198,0
115.825363,49,52,49,0,0,191,0
115.930327,49,52,49,0,0,184,0
116.035259,49,52,49,0,0,178,0
116.140358,48,52,49,0,0,172,0
116.245480,48,53,49,0,0,167,0
116.350802,48,52,49,0,0,162,0
116.456042,48,52,49,0,0,157,0
116.561211,48,51,49,0,0,152,0
116.665883,47,51,49,0,0,148,0
116.770858,48,51,49,0,0,144,0
116.875889,47,51,49,0,0,141,0
116.981025,47,51,49,0,0,137,0
117.085518,47,51,49,0,0,134,0
117.190495,47,51,49,0,0,131,0
117.295791,47,51,49,0,0,128,0
117.400822,46,51,49,0,0,125,0
117.506189,47,51,49,0,0,123,0
117.611395,46,52,49,0,0,121,0
117.716513,46,51,49,0,0,118,0
117.821900,46,51,49,0,0,116,0
117.927071,46,51,49,0,0,114,0
118.032321,46,52,49,0,0,113,0
118.137259,46,50,49,0,0,111,0
118.241963,46,50,49,0,0,109,0
118.346897,46,50,49,0,0,108,0
118.451914,46,50,49,0,0,107,0
118.556878,46,50,49,0,0,105,0
118.661450,46,50,49,0,0,104,0
118.766525,46,50,49,0,0,103,0
118.871631,46,50,49,0,0,102,0
118.976995,45,50,49,0,0,101,0
119.082179,46,50,49,0,0,100,0
119.187409,46,50,49,0,0,99,0
119.292527,45,50,49,0,0,98,0
119.397162,46,50,49,0,0,98,0
119.502327,45,50,49,0,0,97,0
119.607364,46,50,49,0,0,96,0
119.712505,46,50,49,0,0,96,0
119.817452,46,50,49,0,0,95,0
119.922712,45,50,49,0,0,94,0
120.027982,45,50,49,0,0,94,0
120.133230,45,50,49,0,0,93,0
120.238565,46,50,49,0,0,93,0
120.343578,46,50,49,0,0,93,0
120.448558,45,50,49,0,0,92,0
120.553316,50,53,48,100,48,99,0
120.658456,51,54,49,100,43,108,0
120.763386,51,55,49,100,38,117,0
120.868414,52,56,49,100,27,125,0
120.973288,53,55,49,100,20,132,0
121.078381,53,54,49,100,20,139,0
121.183397,53,54,49,100,19,144,0
121.288370,54,53,49,100,17,149,0
121.393602,54,53,49,100,18,154,0
121.498550,54,53,49,100,17,158,0
121.603362,55,54,49,100,16,162,0
121.708361,54,53,49,100,15,166,0
121.813429,54,53,49,100,13,169,0
121.918458,55,53,49,100,12,173,0
122.023235,56,54,49,100,12,176,0
122.128266,55,55,49,100,14,179,0
122.233323,56,54,49,100,15,181,0
122.338416,56,54,49,100,16,184,0
122.443536,55,54,49,100,15,186,0
122.548638,56,54,49,100,16,188,0
122.653571,55,54,49,100,17,190,0
122.758522,55,54,49,100,17,192,0
122.863479,56,54,49,100,15,194,0
122.968620,56,54,49,100,14,196,0
123.073720,56,54,49,100,14,197,0
123.178446,55,54,49,100,13,199,0
123.283441,56,54,49,100,14,200,0
123.388528,55,54,49,100,13,202,0
123.493596,56,54,49,100,13,203,0
123.598616,56,54,49,100,9,204,0
123.703513,56,54,49,100,17,204,0
123.808522,56,54,49,100,13,206,0
123.913541,56,54,49,100,11,206,0
124.018576,55,54,49,100,10,207,0
124.123386,56,54,49,100,10,208,0
124.228603,56,55,49,100,10,208,0
124.333571,56,55,49,100,11,209,0
124.438496,56,53,49,100,9,209,0
124.543576,56,53,49,100,9,209,0
124.648397,56,53,49,100,6,209,0
124.753494,56,54,49,100,17,210,0
124.858564,56,54,49,100,13,211,0
124.963587,56,54,49,100,11,211,0
125.068691,56,54,49,100,10,212,0
125.173829,56,54,49,100,9,212,0
125.278538,56,55,49,100,8,212,0
125.383440,56,55,49,100,8,212,0
125.488531,56,53,49,100,8,212,0
125.593702,57,53,49,100,9,212,0
125.698768,56,53,49,100,10,212,0
125.803476,56,54,49,100,13,212,0
125.908643,56,54,49,100,9,213,0
126.013762,56,55,49,100,9,213,0
126.118736,56,53,49,100,8,212,0
126.223705,56,53,49,100,9,212,0
126.328677,56,53,49,100,8,212,0
126.433684,56,53,49,100,7,212,0
126.538668,56,53,49,100,7,212,0
126.643736,56,53,49,100,8,212,0
126.748944,56,54,49,100,17,212,0
126.853955,56,54,49,100,17,213,0
126.958701,56,54,49,100,12,213,0
127.063651,56,54,49,100,9,213,0
127.168819,56,54,49,100,9,213,0
127.273547,56,55,49,100,8,213,0
127.378543,57,55,49,100,8,213,0
127.483533,56,53,49,100,8,213,0
127.588561,56,53,49,100,7,213,0
127.693378,56,53,49,100,5,213,0
127.798055,56,54,49,100,15,213,0
127.902646,56,55,49,100,10,213,0
128.007651,57,54,49,100,9,213,0
128.112711,56,55,49,100,9,213,0
128.217813,56,54,49,100,10,213,0
128.322599,56,54,49,100,8,213,0
128.427603,56,55,49,100,7,213,0
128.532753,56,53,49,100,8,212,0
128.637791,56,53,49,100,7,212,0
128.742842,56,55,49,100,6,212,0
128.847625,57,54,49,100,21,212,0
128.952673,56,54,49,100,16,213,0
129.057638,57,54,49,100,11,213,0
129.162620,56,54,49,100,10,213,0
129.267414,56,54,49,100,8,213,0
129.372106,57,55,49,100,8,213,0
129.477053,57,54,49,100,9,213,0
129.581865,56,55,49,100,8,213,0
129.686788,56,53,49,100,7,213,0
129.791864,56,53,49,100,7,212,0
129.896986,56,54,49,100,14,213,0
130.001762,56,54,49,100,12,213,0
130.106901,57,54,49,100,11,213,0
130.211826,56,54,49,100,11,213,0
130.316882,57,54,49,100,9,213,0
130.421740,56,55,49,100,8,213,0
130.526684,56,54,49,100,8,213,0
130.631845,56,53,49,100,8,213,0
130.736905,57,54,49,100,8,213,0
130.842042,56,54,49,100,8,212,0
130.947008,56,54,49,100,12,213,0
131.051697,56,54,49,100,10,213,0
131.156844,56,54,49,100,9,213,0
131.261938,57,54,49,100,9,213,0
131.366918,57,54,49,100,9,213,0
131.471757,56,55,49,100,9,213,0
131.576780,57,55,49,100,9,213,0
131.681939,56,54,49,100,9,213,0
131.786923,57,54,49,100,8,213,0
131.892002,56,54,49,100,7,213,0
131.997066,56,54,49,100,18,213,0
132.101750,56,55,49,100,15,213,0
132.207008,57,54,49,100,10,214,0
132.311884,57,54,49,100,12,214,0
132.417189,57,54,49,100,11,214,0
132.522127,56,54,49,100,10,214,0
132.626827,56,54,49,100,10,214,0
132.732085,56,54,49,100,10,214,0
132.836935,57,54,49,100,10,214,0
132.942060,56,54,49,100,7,214,0
133.047102,57,55,49,100,16,215,0
133.151842,56,54,49,100,10,215,0
133.256990,57,54,49,100,9,215,0
133.362034,57,54,49,100,8,215,0
133.467064,57,54,49,100,8,215,0
133.572160,57,54,49,100,9,215,0
133.677056,57,54,49,100,9,215,0
133.782105,56,54,49,100,9,215,0
133.887078,56,54,49,100,8,214,0
133.992154,56,55,49,100,9,214,0
134.097146,57,55,49,100,17,214,0
134.201875,57,55,49,100,20,215,0
134.306969,56,55,49,100,18,216,0
134.412009,56,55,49,100,15,216,0
134.517115,57,55,49,100,13,217,0
134.621877,57,54,49,100,11,217,0
134.726872,57,54,49,100,9,216,0
134.831917,56,54,49,100,9,216,0
134.937141,57,54,49,100,8,216,0
135.042147,57,54,49,100,9,215,0
135.147245,57,55,49,100,16,216,0
135.252109,57,54,49,100,11,216,0
135.357115,56,54,49,100,9,216,0
135.462160,57,54,49,100,8,216,0
135.567162,57,54,49,100,6,216,0
135.672240,56,54,49,100,8,215,0
135.777026,57,54,49,100,9,215,0
135.882067,57,54,49,100,8,215,0
135.987343,57,54,49,100,8,215,0
136.092269,56,54,49,100,15,214,0
136.197205,56,54,49,100,14,215,0
136.301971,57,54,49,100,10,215,0
136.407045,57,54,49,100,9,215,0
136.512021,56,54,49,100,9,215,0
136.617179,56,54,49,100,9,215,0
136.721849,56,54,49,100,9,215,0
136.826982,56,54,49,100,9,215,0
136.932032,56,54,49,100,8,215,0
137.037269,57,54,49,100,8,215,0
137.142212,56,54,49,100,16,215,0
137.247026,57,54,49,100,13,215,0
137.352053,57,54,49,100,13,215,0
137.457297,57,54,49,100,12,215,0
137.562294,57,54,49,100,11,215,0
137.667323,57,54,49,100,11,216,0
137.772099,57,54,49,100,11,216,0
137.877110,56,54,49,100,10,216,0
137.982119,57,54,49,100,9,216,0
138.087090,57,54,49,100,9,216,0
138.191901,57,55,49,100,23,216,0
138.296557,57,55,49,100,17,216,0
138.401116,57,55,49,100,15,217,0
138.506188,57,56,49,100,12,217,0
138.611284,57,54,49,100,10,217,0
138.716254,57,54,49,100,10,217,0
138.821439,57,54,49,100,9,217,0
138.926123,57,54,49,100,9,216,0
139.031248,57,54,49,100,7,216,0
139.136292,57,55,49,100,8,216,0
139.241353,57,56,49,100,19,216,0
139.346099,57,56,49,100,16,216,0
139.450925,57,56,49,100,12,217,0
139.556118,57,54,49,100,10,217,0
139.661314,57,54,49,100,10,216,0
139.766160,56,54,49,100,9,216,0
139.870911,57,54,49,100,8,216,0
139.975987,57,54,49,100,9,216,0
140.081206,57,54,49,100,9,216,0
140.186350,56,54,49,100,7,215,0
140.291348,57,55,49,100,20,216,0
140.396418,57,55,49,100,18,216,0
140.501295,57,56,49,100,12,216,0
140.606424,57,54,49,100,11,216,0
140.711337,56,54,49,100,9,216,0
140.816557,57,54,49,100,10,216,0
140.921497,57,54,49,100,10,216,0
141.026270,57,54,49,100,9,216,0
141.131385,57,54,49,100,9,216,0
141.236423,57,54,49,100,7,215,0
141.341604,57,55,49,100,16,216,0
141.446550,57,55,49,100,15,216,0
141.551429,57,55,49,100,13,216,0
141.656403,57,54,49,100,12,217,0
141.761449,56,54,49,100,11,216,0
141.866399,57,54,49,100,11,216,0
141.971508,57,54,49,100,10,216,0
142.076309,57,54,49,100,10,216,0
142.181442,57,54,49,100,10,216,0
142.286494,56,54,49,100,8,216,0
142.391466,57,55,49,100,21,216,0
142.496598,57,55,49,100,17,217,0
142.601320,57,56,49,100,12,217,0
142.706533,57,55,49,100,11,217,0
142.811437,57,54,49,100,11,217,0
142.916437,57,54,49,100,10,217,0
143.021648,56,54,49,100,10,217,0
143.126739,56,54,49,100,10,217,0
143.231504,57,54,49,100,9,217,0
143.336546,56,54,49,100,11,216,0
143.441547,56,55,49,100,23,217,0
143.546615,57,55,49,100,15,217,0
143.651349,57,55,49,100,11,218,0
143.756377,57,54,49,100,10,218,0
143.861542,57,54,49,100,12,218,0
143.966549,56,54,49,100,11,218,0
144.071674,57,54,49,100,10,218,0
144.176675,57,54,49,100,9,217,0
144.281254,57,54,49,100,8,217,0
144.386302,57,54,49,100,18,216,0
144.491647,57,55,49,100,16,217,0
144.596698,57,56,49,100,10,217,0
144.701424,57,54,49,100,9,217,0
144.806545,56,54,49,100,9,217,0
144.911601,57,54,49,100,8,217,0
145.016634,57,54,49,100,8,216,0
145.121761,57,54,49,100,8,216,0
145.226576,57,54,49,100,9,216,0
145.331616,56,54,49,100,9,216,0
145.436619,57,54,49,100,18,215,0
145.541732,57,55,49,100,18,216,0
145.646721,57,55,49,100,15,216,0
145.751433,57,55,49,100,13,217,0
145.856623,57,55,49,100,11,217,0
145.961660,57,54,49,100,9,217,0
146.066648,57,54,49,100,8,217,0
146.171702,57,54,49,100,10,217,0
146.276565,57,54,49,100,11,217,0
146.381786,57,54,49,100,10,216,0
146.486605,57,55,49,100,17,216,0
146.591641,57,55,49,100,16,217,0
146.696762,57,55,49,100,14,217,0
146.801520,57,55,49,100,10,217,0
146.906624,57,54,49,100,10,217,0
147.011675,57,54,49,100,10,217,0
147.116736,56,54,49,100,8,217,0
147.221909,57,54,49,100,9,217,0
147.326683,57,54,49,100,8,217,0
147.431722,57,54,49,100,9,216,0
147.536688,57,55,49,100,17,216,0
147.641707,57,56,49,100,15,217,0
147.746767,57,56,49,100,11,217,0
147.852052,56,55,49,100,10,217,0
147.957407,57,54,49,100,9,217,0
148.062601,57,54,49,100,9,216,0
148.167771,57,54,49,100,9,216,0
148.272935,56,54,49,100,8,216,0
148.377667,56,54,49,100,8,216,0
148.482679,57,54,49,100,8,215,0
148.587652,57,55,49,100,23,216,0
148.692508,57,55,49,100,16,216,0
148.797075,57,55,49,100,11,216,0
148.902020,57,54,49,100,10,216,0
149.006882,56,54,49,100,8,216,0
149.111755,57,54,49,100,9,216,0
149.216694,57,54,49,100,8,215,0
149.321681,56,54,49,100,8,215,0
149.426647,56,55,49,100,8,215,0
149.531657,56,54,49,100,6,215,0
149.636857,57,55,49,100,21,215,0
149.741864,57,55,49,100,17,216,0
149.846901,57,56,49,100,13,216,0
149.951685,57,54,49,100,9,216,0
150.056877,57,54,49,100,9,216,0
150.161845,56,54,49,100,9,216,0
150.266831,57,54,49,100,9,215,0
150.371458,57,54,49,100,8,215,0
150.476181,56,54,49,100,7,215,0
150.580903,57,54,49,100,5,215,0
150.685849,57,55,49,100,19,215,0
150.790826,57,55,49,100,14,216,0
150.895966,57,54,49,100,10,216,0
151.000786,57,54,49,100,9,215,0
151.105888,57,54,49,100,9,215,0
151.210989,57,54,49,100,8,215,0
151.316009,57,54,49,100,7,215,0
151.421077,56,54,49,100,8,215,0
151.526128,56,54,49,100,8,214,0
151.630929,56,54,49,100,8,214,0
151.735959,56,55,49,100,11,215,0
151.840956,57,55,49,100,11,215,0
151.946071,57,54,49,100,10,215,0
152.051080,57,54,49,100,10,215,0
152.155891,57,54,49,100,10,215,0
152.261020,57,54,49,100,9,215,0
152.366063,57,54,49,100,9,215,0
152.471023,57,54,49,100,9,215,0
152.575783,57,54,49,100,8,214,0
152.680871,57,54,49,100,15,214,0
152.786025,57,55,49,100,15,215,0
152.891037,57,55,49,100,11,215,0
152.996136,57,54,49,100,9,215,0
153.100908,57,54,49,100,8,215,0
153.205911,56,54,49,100,8,215,0
153.311013,57,54,49,100,8,215,0
153.416182,57,54,49,100,8,214,0
153.521077,57,54,49,100,8,214,0
153.625857,57,54,49,100,8,214,0
153.730922,57,54,49,100,17,214,0
153.835832,57,56,49,100,11,214,0
153.941063,57,54,49,100,9,214,0
154.046116,57,54,49,100,8,214,0
154.151179,56,54,49,100,8,214,0
154.255918,56,54,49,100,7,214,0
154.361087,57,54,49,100,7,214,0
154.466123,58,54,49,100,8,214,0
154.571171,57,54,49,100,8,214,0
154.675925,57,54,49,100,8,214,0
154.780928,56,55,49,100,25,214,0
154.886102,57,55,49,100,18,214,0
154.991091,57,56,49,100,14,215,0
155.096150,57,55,49,100,11,215,0
155.201259,57,55,49,100,10,215,0
155.306045,56,54,49,100,8,215,0
155.411156,56,54,49,100,7,215,0
155.516134,57,54,49,100,9,215,0
155.621227,57,54,49,100,9,215,0
155.726318,57,54,49,100,9,215,0
155.831143,56,55,49,100,17,215,0
155.936143,57,56,49,100,12,215,0
156.041191,57,54,49,100,11,215,0
156.146228,57,54,49,100,9,215,0
156.251265,57,54,49,100,9,215,0
156.356019,57,54,49,100,8,215,0
156.461349,57,54,49,100,7,215,0
156.566179,57,54,49,100,7,215,0
156.671245,57,54,49,100,8,215,0
156.776320,57,54,49,100,8,215,0
156.881183,57,55,49,100,20,215,0
156.986193,57,55,49,100,18,215,0
157.091140,57,55,49,100,17,216,0
157.196262,57,55,49,100,12,216,0
157.301394,56,55,49,100,9,216,0
157.406208,57,54,49,100,9,216,0
157.511287,56,54,49,100,9,216,0
157.616301,56,54,49,100,7,216,0
157.721287,57,54,49,100,7,216,0
157.826386,57,54,49,100,8,215,0
157.931073,57,55,49,100,18,216,0
158.036307,57,55,49,100,14,216,0
158.141257,57,56,49,100,11,216,0
158.246390,57,54,49,100,10,216,0
158.351316,57,54,49,100,9,216,0
158.456134,57,54,49,100,8,216,0
158.561337,56,54,49,100,8,216,0
158.666302,57,54,49,100,8,216,0
158.771315,57,54,49,100,7,215,0
158.876067,57,54,49,100,4,215,0
158.981137,57,55,49,100,22,216,0
159.086295,57,55,49,100,18,216,0
159.191244,57,55,49,100,14,217,0
159.295938,57,55,49,100,13,217,0
159.400774,58,55,49,100,10,217,0
159.505640,57,54,49,100,10,217,0
159.610369,57,54,49,100,9,217,0
159.715287,57,54,49,100,9,217,0
159.819976,57,54,49,100,9,216,0
159.924685,56,54,49,100,8,216,0
160.030055,57,55,49,100,23,217,0
160.135200,57,55,49,100,22,217,0
160.240281,57,55,49,100,13,218,0
160.345043,56,56,49,100,11,218,0
160.449630,57,56,49,100,10,218,0
160.554206,57,54,49,100,9,217,0
160.659177,57,54,49,100,9,217,0
160.764440,57,54,49,100,9,217,0
160.869366,57,54,49,100,9,217,0
160.974254,57,54,49,100,9,216,0
161.079229,57,55,49,100,20,217,0
161.184329,57,55,49,100,14,217,0
161.289390,57,55,49,100,13,217,0
161.394433,57,56,49,100,12,217,0
161.499524,57,54,49,100,10,217,0
161.604372,57,54,49,100,9,217,0
161.709425,57,54,49,100,9,217,0
161.814552,57,54,49,100,8,217,0
161.919412,57,54,49,100,8,216,0
162.024238,57,54,49,100,17,216,0
162.129145,57,55,49,100,11,216,0
162.234394,57,56,49,100,10,217,0
162.339305,58,54,49,100,8,217,0
162.444652,57,55,49,100,11,217,0
162.549576,57,54,49,100,9,216,0
162.654320,57,54,49,100,9,216,0
162.759431,57,54,49,100,9,216,0
162.864496,57,54,49,100,8,216,0
162.969825,57,54,49,100,8,215,0
163.074861,57,54,49,100,22,215,0
163.180199,57,55,49,100,15,216,0
163.285396,56,55,49,100,11,216,0
163.390589,56,56,49,100,9,216,0
163.495470,57,54,49,100,9,216,0
163.600379,57,54,49,100,10,216,0
163.705370,57,54,49,100,9,216,0
163.810483,57,54,49,100,8,216,0
163.915458,57,54,49,100,8,216,0
164.020804,57,54,49,100,9,215,0
164.125776,56,55,49,100,22,215,0
164.230757,57,55,49,100,19,216,0
164.335577,57,55,49,100,15,217,0
164.440757,57,55,49,100,14,217,0
164.545615,57,55,49,100,12,217,0
164.650676,57,55,49,100,12,217,0
164.755434,57,56,49,100,12,217,0
164.860547,57,56,49,100,11,217,0
164.965700,57,54,49,100,10,217,0
165.070567,57,54,49,100,10,217,0
165.175651,57,55,49,100,20,217,0
165.280591,57,55,49,100,16,218,0
165.385570,57,55,49,100,13,218,0
165.490594,57,55,49,100,11,218,0
165.595624,57,56,49,100,9,218,0
165.700811,57,54,49,100,10,218,0
165.805695,57,54,49,100,9,218,0
165.910587,57,54,49,100,10,218,0
166.015731,57,54,49,100,9,217,0
166.120711,56,54,49,100,8,217,0
166.225495,56,55,49,100,17,217,0
166.330490,56,55,49,100,13,217,0
166.435676,57,56,49,100,10,217,0
166.540893,57,54,49,100,9,217,0
166.645904,57,54,49,100,8,217,0
166.750847,57,54,49,100,8,217,0
166.855905,57,54,49,100,8,216,0
166.960750,57,54,49,100,8,216,0
167.065732,57,54,49,100,7,216,0
167.170800,57,54,49,100,7,215,0
167.275958,57,55,49,100,13,216,0
167.380923,57,55,49,100,12,216,0
167.485728,57,54,49,100,11,216,0
167.590661,57,54,49,100,8,216,0
167.695729,56,54,49,100,8,216,0
167.800857,56,54,49,100,8,215,0
167.905611,57,54,49,100,8,215,0
168.010727,57,54,49,100,8,215,0
168.115737,57,54,49,100,9,215,0
168.220758,57,54,49,100,9,215,0
168.325860,57,55,49,100,15,215,0
168.430575,57,56,49,100,13,215,0
168.535601,57,56,49,100,11,215,0
168.640748,57,54,49,100,10,215,0
168.745852,57,54,49,100,9,215,0
168.850895,57,54,49,100,9,215,0
168.955651,57,54,49,100,9,215,0
169.060854,57,54,49,100,9,215,0
169.165796,56,54,49,100,8,215,0
169.270795,57,54,49,100,18,215,0
169.375898,57,55,49,100,23,215,0
169.480676,57,55,49,100,19,216,0
169.585867,57,55,49,100,12,216,0
169.690896,57,56,49,100,11,216,0
169.795999,57,54,49,100,10,216,0
169.901023,57,54,49,100,10,216,0
170.005797,57,54,49,100,9,216,0
170.110852,57,54,49,100,9,216,0
170.215912,57,54,49,100,9,216,0
170.321206,56,54,49,100,19,216,0
170.426287,57,55,49,100,16,216,0
170.531145,57,55,49,100,12,217,0
170.635839,57,55,49,100,11,217,0
170.740861,57,54,49,100,10,216,0
170.845910,57,54,49,100,10,216,0
170.950942,57,54,49,100,10,216,0
171.055831,57,54,49,100,10,216,0
171.160836,56,54,49,100,9,216,0
171.265923,57,54,49,100,9,216,0
171.370909,57,56,49,100,16,216,0
171.475694,57,55,49,100,12,216,0
171.580582,57,55,49,100,10,216,0
171.685642,57,54,49,100,8,216,0
171.790206,58,54,49,100,8,216,0
171.894928,57,54,49,100,8,216,0
171.999838,57,54,49,100,8,216,0
172.104806,57,54,50,100,7,215,0
172.209848,57,54,49,100,7,215,0
172.314908,57,54,49,100,8,215,0
172.419818,57,56,49,100,23,215,0
172.524637,57,55,49,100,19,216,0
172.629662,57,56,50,100,15,216,0
172.734635,57,55,49,100,14,217,0
172.839203,57,55,49,100,11,217,0
172.944089,57,54,49,100,10,217,0
173.048790,57,54,49,100,10,216,0
173.153809,57,55,49,100,6,216,0
173.258988,50,53,49,0,0,209,0
173.364083,50,53,49,0,0,201,0
173.469063,50,54,49,0,0,194,0
173.574288,49,52,49,0,0,187,0
173.679369,49,52,49,0,0,181,0
173.784161,48,52,49,0,0,175,0
173.889102,49,52,49,0,0,169,0
173.994230,48,52,49,0,0,164,0
174.099267,49,52,49,0,0,159,0
174.204051,48,52,49,0,0,154,0
174.309060,48,53,49,0,0,150,0
174.414180,48,51,49,0,0,146,0
174.519279,47,51,49,0,0,142,0
174.624291,47,51,49,0,0,139,0
174.728883,47,51,49,0,0,135,0
174.833965,47,51,49,0,0,132,0
174.938995,47,51,49,0,0,129,0
175.044202,47,51,49,0,0,127,0
175.149159,47,51,49,0,0,124,0
175.254117,47,51,49,0,0,122,0
175.359036,47,51,49,0,0,119,0
175.464041,47,51,49,0,0,117,0
175.569098,47,51,49,0,0,115,0
175.673958,46,51,49,0,0,114,0
175.779100,47,51,49,0,0,112,0
175.884205,46,51,49,0,0,110,0
175.989204,46,51,49,0,0,109,0
176.094425,47,51,49,0,0,107,0
176.199850,47,51,49,0,0,106,0
176.304980,46,51,49,0,0,105,0
176.410290,46,50,49,0,0,104,0
176.515226,46,50,49,0,0,102,0
176.620374,46,51,49,0,0,101,0
176.725408,46,50,49,0,0,100,0
176.830166,46,50,49,0,0,100,0
176.935153,46,50,49,0,0,99,0
177.040304,46,50,49,0,0,98,0
177.145255,46,50,49,0,0,97,0
177.250508,46,50,49,0,0,97,0
177.355894,46,50,49,0,0,96,0
177.461056,46,50,49,0,0,95,0
177.566278,46,50,49,0,0,95,0
177.671362,46,50,49,0,0,94,0
177.776354,46,50,49,0,0,94,0
177.881153,46,50,49,0,0,93,0
177.986372,46,50,49,0,0,93,0
178.091329,45,50,49,0,0,92,0
178.585648,46,50,49,0,1,92,0
