timestamp,"amd_smi:::temp_current_sensor=1:device=0","amd_smi:::temp_current_sensor=2:device=0","amd_smi:::temp_current_sensor=7:device=0","amd_smi:::gfx_activity:device=0","amd_smi:::umc_activity:device=0","amd_smi:::power_current:device=0","amd_smi:::power_average:device=0","amd_smi:::process_cu_occupancy_proc=0:device=0"
0.001781,40,47,48,7,0,65535,89,0
0.103361,41,47,48,100,1,65535,91,0
0.205363,41,48,48,100,1,65535,92,0
0.307416,41,49,48,9,1,65535,94,0
0.408897,41,49,48,8,1,65535,95,0
0.510618,41,49,48,8,1,65535,97,0
0.612395,41,48,48,9,1,65535,98,0
0.714482,41,47,48,0,0,65535,98,0
0.816422,41,47,48,0,0,65535,98,0
0.917910,40,47,48,0,0,65535,97,0
1.019614,40,47,48,0,0,65535,97,0
1.121400,40,47,48,0,0,65535,96,0
1.223465,40,47,48,0,0,65535,96,0
1.325416,40,47,48,0,0,65535,96,0
1.426919,40,47,48,0,0,65535,95,0
1.528620,41,47,48,0,0,65535,95,0
1.630444,40,47,48,0,0,65535,95,0
1.732515,41,47,48,0,0,65535,94,0
1.834531,40,47,48,0,0,65535,94,0
1.936474,41,47,48,0,0,65535,94,0
2.038309,40,47,48,0,0,65535,94,0
2.139929,41,47,48,0,0,65535,93,0
2.241489,40,47,48,0,0,65535,93,0
2.343520,40,47,48,0,0,65535,93,0
2.445466,40,47,48,0,0,65535,93,0
2.547309,40,47,48,0,0,65535,93,0
2.648930,40,47,48,0,0,65535,93,0
2.750503,40,47,48,0,0,65535,92,0
2.852574,40,47,48,0,0,65535,92,0
2.954513,41,47,48,0,0,65535,92,0
3.055861,40,47,48,0,0,65535,92,0
3.157628,41,47,48,0,0,65535,92,0
3.259522,40,47,48,0,0,65535,92,0
3.361560,40,47,48,0,0,65535,92,0
3.463579,40,47,48,0,0,65535,92,0
3.565352,40,47,48,0,0,65535,92,0
3.666855,40,47,48,0,0,65535,91,0
3.768532,40,47,48,0,0,65535,91,0
3.870616,41,47,48,0,0,65535,91,0
3.972553,40,47,48,0,0,65535,91,0
4.074057,40,47,48,0,0,65535,91,0
4.175772,41,47,48,0,0,65535,91,0
4.277539,40,47,48,0,0,65535,91,0
4.379604,40,47,48,0,0,65535,91,0
4.481579,40,47,48,0,0,65535,91,0
4.583064,40,47,48,0,0,65535,91,0
4.684757,40,47,48,0,0,65535,91,0
4.786576,40,47,48,0,0,65535,91,0
4.888656,40,47,48,0,0,65535,91,0
4.990599,41,47,48,0,0,65535,91,0
5.092686,43,49,48,100,25,65535,98,0
5.194442,43,51,48,100,31,65535,107,0
5.296086,44,51,48,100,21,65535,115,0
5.397615,45,53,48,100,36,65535,123,0
5.499653,45,52,48,100,35,65535,131,0
5.601628,46,52,48,100,29,65535,138,0
5.703422,46,54,48,100,36,65535,144,0
5.805080,46,53,48,100,33,65535,151,0
5.906639,47,53,48,100,31,65535,156,0
6.008712,47,53,48,100,31,65535,162,0
6.110649,47,53,48,100,27,65535,166,0
6.212484,47,53,48,100,31,65535,171,0
6.314083,47,53,48,100,27,65535,175,0
6.415640,47,53,48,100,23,65535,179,0
6.517477,48,53,48,100,28,65535,182,0
6.618917,47,53,48,100,25,65535,185,0
6.720737,48,53,48,100,23,65535,188,0
6.822515,48,53,48,100,25,65535,191,0
6.924491,48,53,48,100,23,65535,193,0
7.026522,48,53,48,100,25,65535,196,0
7.127900,48,53,48,100,23,65535,198,0
7.229736,48,53,48,100,23,65535,200,0
7.331526,48,53,48,100,25,65535,202,0
7.433120,49,53,48,100,24,65535,204,0
7.534707,49,53,48,100,22,65535,206,0
7.636784,48,53,48,100,22,65535,207,0
7.738749,48,53,48,100,22,65535,209,0
7.840555,48,53,48,100,20,65535,210,0
7.942212,48,53,48,100,24,65535,211,0
8.043729,49,54,48,100,23,65535,213,0
8.145761,49,55,48,100,24,65535,214,0
8.247765,49,55,48,100,22,65535,215,0
8.349554,50,53,48,100,20,65535,216,0
8.451153,49,53,48,100,17,65535,216,0
8.552753,49,53,48,100,18,65535,217,0
8.654755,48,53,48,100,19,65535,218,0
8.756835,49,53,48,100,20,65535,218,0
8.858602,49,53,48,100,26,65535,219,0
8.960217,49,54,48,100,26,65535,220,0
9.061774,50,54,48,100,23,65535,220,0
9.163759,49,54,48,100,22,65535,221,0
9.265808,49,53,48,100,19,65535,221,0
9.367603,50,53,48,100,20,65535,222,0
9.469237,49,54,48,100,20,65535,222,0
9.570797,49,54,48,100,21,65535,222,0
9.672803,49,54,48,100,20,65535,223,0
9.774871,49,53,48,100,14,65535,223,0
9.876642,49,54,48,100,24,65535,223,0
9.978230,49,54,48,100,21,65535,224,0
10.079798,49,54,48,100,19,65535,224,0
10.181852,49,55,48,100,18,65535,224,0
10.283824,50,55,48,100,20,65535,225,0
10.385621,49,55,48,100,22,65535,225,0
10.487236,50,54,48,100,20,65535,225,0
10.588831,49,54,48,100,19,65535,225,0
10.690912,49,54,48,100,19,65535,226,0
10.792849,49,54,48,100,22,65535,226,0
10.894361,49,54,48,100,21,65535,226,0
10.996082,49,54,48,100,21,65535,226,0
11.097830,50,54,48,100,21,65535,226,0
11.199896,50,54,48,100,21,65535,226,0
11.301868,49,54,48,100,22,65535,227,0
11.403367,49,54,48,100,20,65535,227,0
11.505042,49,55,48,100,20,65535,227,0
11.606875,49,54,48,100,21,65535,227,0
11.708938,49,55,48,100,26,65535,227,0
11.810891,50,54,48,100,24,65535,227,0
11.912976,49,54,48,100,22,65535,228,0
12.014742,50,54,48,100,22,65535,228,0
12.116332,50,54,48,100,22,65535,228,0
12.217915,50,54,48,100,23,65535,228,0
12.319914,49,54,48,100,22,65535,228,0
12.421978,49,54,48,100,24,65535,229,0
12.523737,49,54,48,100,20,65535,229,0
12.625351,49,54,48,100,15,65535,229,0
12.726931,49,54,48,100,24,65535,229,0
12.829001,49,54,48,100,21,65535,229,0
12.930942,49,54,48,100,19,65535,229,0
13.032767,50,54,48,100,20,65535,229,0
13.134371,50,54,48,100,20,65535,229,0
13.235957,50,54,48,100,21,65535,229,0
13.337928,49,54,48,100,21,65535,229,0
13.439961,50,54,48,100,20,65535,229,0
13.541767,50,54,48,100,19,65535,229,0
13.643379,49,54,48,100,24,65535,229,0
13.744977,50,54,48,100,24,65535,229,0
13.847042,49,54,48,100,23,65535,229,0
13.948984,49,54,48,100,24,65535,230,0
14.050491,50,55,48,100,25,65535,230,0
14.152238,50,54,48,100,23,65535,230,0
14.253989,50,55,48,100,24,65535,230,0
14.356032,50,54,48,100,22,65535,230,0
14.458004,50,54,48,100,23,65535,230,0
14.559821,49,54,48,100,19,65535,230,0
14.661416,50,54,48,100,22,65535,230,0
14.763021,50,54,48,100,20,65535,230,0
14.865086,50,54,48,100,19,65535,230,0
14.967025,50,54,48,100,19,65535,230,0
15.068521,50,54,48,100,19,65535,230,0
15.170246,50,54,48,100,20,65535,229,0
15.272010,50,54,48,100,20,65535,229,0
15.374038,49,54,48,100,21,65535,229,0
15.476075,50,54,48,100,19,65535,229,0
15.578075,49,54,48,100,23,65535,229,0
15.679874,50,54,48,100,21,65535,229,0
15.781525,49,54,48,100,22,65535,230,0
15.883069,50,56,49,100,23,65535,230,0
15.985140,49,55,48,100,21,65535,230,0
16.087079,50,54,49,100,22,65535,230,0
16.188918,50,54,48,100,21,65535,230,0
16.290923,50,54,49,100,22,65535,230,0
16.392558,50,54,49,100,22,65535,230,0
16.494095,50,54,49,100,24,65535,230,0
16.596095,50,54,49,100,21,65535,230,0
16.697918,50,55,48,100,22,65535,230,0
16.799494,50,55,48,100,21,65535,230,0
16.901113,50,54,48,100,22,65535,230,0
17.003182,49,54,48,100,23,65535,230,0
17.105122,50,54,48,100,20,65535,230,0
17.206956,50,54,49,100,22,65535,230,0
17.308965,50,54,48,100,20,65535,230,0
17.410946,50,54,49,100,16,65535,230,0
17.512163,50,55,48,100,22,65535,230,0
17.614141,50,55,48,100,21,65535,230,0
17.715932,50,54,48,100,21,65535,230,0
17.817530,49,55,49,100,22,65535,230,0
17.919153,50,56,49,100,22,65535,230,0
18.021228,50,56,49,100,22,65535,230,0
18.123165,50,56,48,100,23,65535,230,0
18.224672,50,55,48,100,23,65535,230,0
18.326359,50,55,48,100,22,65535,230,0
18.428170,50,55,48,100,24,65535,230,0
18.530215,50,55,48,100,24,65535,230,0
18.632182,50,55,48,100,21,65535,231,0
18.733487,50,55,49,100,22,65535,231,0
18.835317,50,55,48,100,23,65535,231,0
18.937185,50,55,48,100,22,65535,231,0
19.039263,51,55,49,100,21,65535,230,0
19.141277,51,54,49,100,22,65535,230,0
19.243224,50,54,48,100,21,65535,230,0
19.345053,51,54,49,100,21,65535,230,0
19.446629,50,54,49,100,21,65535,230,0
19.548204,50,55,49,100,23,65535,230,0
19.650261,50,55,49,100,21,65535,230,0
19.752233,50,56,49,100,21,65535,230,0
19.854048,50,56,49,100,20,65535,230,0
19.955622,50,54,49,100,20,65535,230,0
20.057248,50,54,48,100,20,65535,230,0
20.159321,51,54,49,100,21,65535,230,0
20.261257,50,54,49,100,14,65535,230,0
20.363092,50,56,49,100,23,65535,230,0
20.464702,50,55,48,100,21,65535,230,0
20.566250,50,56,49,100,21,65535,230,0
20.668305,50,55,49,100,19,65535,230,0
20.770278,50,56,49,100,19,65535,230,0
20.872093,50,54,49,100,19,65535,230,0
20.973705,50,54,49,100,20,65535,230,0
21.075294,50,54,49,100,20,65535,229,0
21.177361,50,54,49,100,20,65535,229,0
21.279301,50,54,49,100,24,65535,229,0
21.381138,50,55,48,100,24,65535,229,0
21.482715,50,55,48,100,22,65535,229,0
21.584290,50,55,49,100,21,65535,229,0
21.686348,50,55,49,100,23,65535,230,0
21.788320,50,56,49,100,22,65535,230,0
21.889816,50,55,49,100,23,65535,230,0
21.991527,50,55,49,100,22,65535,230,0
22.093328,50,55,49,100,21,65535,230,0
22.195398,50,56,49,100,20,65535,230,0
22.297410,51,55,49,100,22,65535,230,0
22.399367,50,55,49,100,23,65535,230,0
22.501185,51,55,49,100,22,65535,230,0
22.602833,50,55,48,100,21,65535,230,0
22.704361,50,55,49,100,22,65535,230,0
22.806395,50,55,49,100,21,65535,230,0
22.908381,51,56,49,100,21,65535,230,0
23.010188,50,55,49,100,22,65535,230,0
23.111836,50,55,49,100,22,65535,230,0
23.213385,50,55,49,100,23,65535,230,0
23.315385,51,55,49,100,23,65535,231,0
23.417462,51,55,49,100,24,65535,231,0
23.519233,50,55,49,100,23,65535,231,0
23.620845,50,55,49,100,22,65535,231,0
23.722386,51,56,49,100,21,65535,231,0
23.824443,50,55,49,100,21,65535,230,0
23.926439,50,56,49,100,22,65535,230,0
24.027919,50,55,49,100,22,65535,230,0
24.129679,50,55,49,100,24,65535,230,0
24.231419,50,55,49,100,23,65535,231,0
24.333497,50,55,49,100,23,65535,231,0
24.435439,50,55,49,100,22,65535,231,0
24.536936,50,55,49,100,22,65535,231,0
24.638599,50,55,49,100,22,65535,231,0
24.740419,50,55,49,100,20,65535,231,0
24.842493,50,56,49,100,19,65535,231,0
24.944456,50,55,49,100,19,65535,231,0
25.045964,50,55,49,100,14,65535,230,0
25.147694,50,55,49,100,24,65535,231,0
25.249458,50,55,49,100,21,65535,231,0
25.351542,50,55,49,100,19,65535,231,0
25.453548,50,55,49,100,19,65535,231,0
25.555517,50,56,49,100,20,65535,230,0
25.657336,51,55,49,100,20,65535,230,0
25.759501,50,56,49,100,22,65535,230,0
25.861560,50,55,49,100,22,65535,230,0
25.963506,50,55,49,100,23,65535,230,0
26.065584,50,55,49,100,25,65535,231,0
26.167348,51,55,49,100,25,65535,231,0
26.269004,51,55,49,100,23,65535,231,0
26.370519,51,55,49,100,20,65535,231,0
26.472505,51,55,49,100,21,65535,231,0
26.574586,50,55,49,100,20,65535,231,0
26.676350,50,55,49,100,21,65535,231,0
26.777998,50,55,49,100,18,65535,230,0
26.879545,51,55,49,100,20,65535,230,0
26.981612,51,55,49,100,25,65535,230,0
27.083554,50,55,49,100,23,65535,230,0
27.185055,51,55,49,100,25,65535,231,0
27.286822,50,55,49,100,24,65535,231,0
27.388571,50,55,49,100,23,65535,231,0
27.490599,50,55,49,100,21,65535,231,0
27.592571,50,55,49,100,22,65535,231,0
27.694368,51,55,49,100,21,65535,231,0
27.795973,50,55,49,100,21,65535,231,0
27.897585,50,55,49,100,17,65535,231,0
27.999594,51,55,49,100,26,65535,231,0
28.101664,50,55,49,100,23,65535,231,0
28.203659,50,55,49,100,20,65535,231,0
28.305443,50,55,49,100,20,65535,231,0
28.407117,50,55,49,100,20,65535,230,0
28.508613,50,56,49,100,21,65535,230,0
28.610615,50,56,49,100,22,65535,230,0
28.712095,51,55,49,100,21,65535,230,0
28.813821,50,55,49,100,21,65535,230,0
28.915627,50,55,49,100,26,65535,230,0
29.017700,50,55,49,100,23,65535,230,0
29.119637,50,55,49,100,25,65535,231,0
29.221113,50,55,49,100,23,65535,231,0
29.322824,50,55,49,100,22,65535,231,0
29.424641,50,55,49,100,24,65535,231,0
29.526685,50,55,49,100,23,65535,231,0
29.628660,51,55,49,100,23,65535,231,0
29.730691,50,55,49,100,23,65535,231,0
29.832498,50,55,49,100,17,65535,231,0
29.934136,50,55,49,100,22,65535,231,0
30.035679,50,55,49,100,21,65535,231,0
30.137754,51,55,49,100,19,65535,231,0
30.239694,50,55,49,100,20,65535,231,0
30.341197,51,56,49,100,18,65535,231,0
30.442979,50,56,49,100,19,65535,231,0
30.544683,50,56,49,100,19,65535,230,0
30.646739,50,55,49,100,20,65535,230,0
30.748722,50,55,49,100,22,65535,230,0
30.850527,51,55,49,100,26,65535,230,0
30.952152,51,55,49,100,26,65535,231,0
31.053726,50,55,49,100,24,65535,231,0
31.155798,51,55,49,100,24,65535,231,0
31.257736,51,55,49,100,21,65535,231,0
31.359555,50,55,49,100,24,65535,231,0
31.461088,50,55,49,100,23,65535,232,0
31.562725,51,55,49,100,20,65535,232,0
31.664781,51,55,49,100,20,65535,231,0
31.766753,51,55,49,100,23,65535,231,0
31.868548,50,55,49,100,21,65535,231,0
31.970140,50,55,49,100,19,65535,231,0
32.071761,51,55,49,100,21,65535,231,0
32.173839,51,55,49,100,22,65535,231,0
32.275779,50,55,49,100,21,65535,231,0
32.377277,50,55,49,100,20,65535,231,0
32.479010,51,55,49,100,19,65535,231,0
32.580787,51,55,49,100,21,65535,231,0
32.682825,50,55,49,100,16,65535,231,0
32.784800,50,55,49,100,23,65535,231,0
32.886831,50,55,49,100,19,65535,231,0
32.988624,50,55,49,100,19,65535,230,0
33.090285,50,56,49,100,20,65535,230,0
33.191824,50,56,49,100,19,65535,230,0
33.293885,51,55,49,100,21,65535,230,0
33.395837,51,56,49,100,19,65535,230,0
33.497670,51,55,49,100,19,65535,230,0
33.599243,50,56,49,100,21,65535,230,0
33.700820,50,55,49,100,25,65535,230,0
33.802875,50,55,49,100,23,65535,230,0
33.904309,51,55,49,100,24,65535,230,0
34.005997,51,55,49,100,24,65535,230,0
34.107850,51,55,49,100,21,65535,230,0
34.209912,50,55,49,100,19,65535,230,0
34.311935,50,55,49,100,20,65535,230,0
34.413942,51,55,49,100,20,65535,230,0
34.515715,50,55,49,100,21,65535,230,0
34.617299,50,55,49,100,27,65535,230,0
34.718865,50,55,49,100,27,65535,230,0
34.820919,50,55,49,100,22,65535,231,0
34.922891,50,55,49,100,24,65535,231,0
35.024690,50,55,49,100,20,65535,231,0
35.126239,51,55,49,100,18,65535,231,0
35.227900,50,55,49,100,20,65535,231,0
35.329968,50,55,49,100,20,65535,231,0
35.431919,50,55,49,100,21,65535,231,0
35.533403,50,55,49,100,14,65535,230,0
35.635133,50,55,49,100,24,65535,230,0
35.736926,51,55,49,100,23,65535,231,0
35.838966,50,55,49,100,21,65535,230,0
35.940966,50,55,49,100,23,65535,231,0
36.042971,50,55,50,100,21,65535,231,0
36.144774,50,55,49,100,22,65535,231,0
36.246428,51,55,49,100,18,65535,230,0
36.347958,51,56,50,100,18,65535,230,0
36.450028,51,55,49,100,20,65535,230,0
36.551986,50,55,49,100,22,65535,230,0
36.653812,51,55,49,100,21,65535,230,0
36.755475,50,55,49,100,21,65535,230,0
36.856980,50,55,49,100,20,65535,230,0
36.959035,50,55,50,100,21,65535,230,0
37.061004,50,55,50,100,18,65535,230,0
37.162805,50,55,49,100,17,65535,230,0
37.264433,50,56,49,100,17,65535,229,0
37.366007,50,56,49,100,19,65535,229,0
37.468074,50,54,49,100,21,65535,229,0
37.570016,50,55,50,100,22,65535,229,0
37.671856,50,55,50,100,22,65535,230,0
37.773858,50,55,49,100,23,65535,230,0
37.875850,50,55,49,100,21,65535,230,0
37.977876,50,55,49,100,20,65535,230,0
38.079260,51,55,50,100,19,65535,230,0
38.181099,51,55,50,100,19,65535,230,0
38.282868,50,55,49,100,20,65535,230,0
38.384550,50,55,49,100,20,65535,230,0
38.486055,51,55,49,100,26,65535,230,0
38.588127,50,55,50,100,22,65535,230,0
38.690118,50,55,50,100,22,65535,230,0
38.791915,51,55,50,100,22,65535,230,0
38.894075,50,55,50,100,20,65535,230,0
38.996132,50,55,50,100,19,65535,230,0
39.098082,50,55,50,100,20,65535,230,0
39.199584,51,55,50,100,21,65535,230,0
39.301246,50,55,50,100,21,65535,230,0
39.403084,50,55,49,100,24,65535,230,0
39.505131,51,55,50,100,22,65535,230,0
39.607104,50,55,50,100,21,65535,230,0
39.708592,51,55,50,100,20,65535,230,0
39.810319,51,55,50,100,22,65535,230,0
39.912107,51,55,50,100,23,65535,230,0
40.014184,51,55,50,100,21,65535,230,0
40.116126,51,55,50,100,21,65535,230,0
40.218204,50,55,50,100,21,65535,230,0
40.319969,50,55,50,100,16,65535,230,0
40.421989,50,55,50,100,25,65535,230,0
40.523982,50,55,50,100,20,65535,231,0
40.625996,51,55,50,100,22,65535,231,0
40.727423,50,55,50,100,22,65535,231,0
40.829242,51,55,50,100,21,65535,231,0
40.931160,51,55,50,100,22,65535,231,0
41.033201,51,55,50,100,21,65535,230,0
41.135173,51,55,50,100,20,65535,230,0
41.237201,50,55,50,100,20,65535,230,0
41.338995,50,55,50,100,21,65535,230,0
41.441003,51,55,50,100,23,65535,230,0
41.542686,51,55,50,100,23,65535,231,0
41.644198,51,55,50,100,23,65535,231,0
41.746268,51,55,50,100,22,65535,231,0
41.848038,51,55,50,100,20,65535,231,0
41.949584,51,55,50,100,21,65535,231,0
42.051196,51,55,50,100,20,65535,231,0
42.153248,50,55,50,100,21,65535,231,0
42.255223,51,55,50,100,24,65535,230,0
42.357043,51,55,50,100,24,65535,230,0
42.458641,51,55,50,100,23,65535,231,0
42.560241,51,55,50,100,21,65535,231,0
42.662308,51,55,50,100,20,65535,231,0
42.764244,51,55,50,100,19,65535,231,0
42.865754,51,55,50,100,21,65535,230,0
42.967452,50,55,50,100,20,65535,230,0
43.069226,50,55,50,100,21,65535,230,0
43.171292,50,55,50,100,15,65535,230,0
43.273242,51,55,50,100,25,65535,230,0
43.374754,51,55,50,100,26,65535,230,0
43.476482,51,55,50,100,25,65535,231,0
43.578272,51,55,50,100,22,65535,231,0
43.680346,50,55,50,100,20,65535,231,0
43.782292,50,55,50,100,21,65535,231,0
43.884372,51,55,50,100,22,65535,231,0
43.986138,50,55,50,100,21,65535,231,0
44.088155,51,55,50,100,21,65535,231,0
44.190145,51,55,50,100,25,65535,231,0
44.292379,50,55,50,100,20,65535,231,0
44.394321,50,55,50,100,19,65535,230,0
44.496160,51,55,50,100,19,65535,230,0
44.597775,51,55,50,100,21,65535,230,0
44.699333,50,55,50,100,21,65535,230,0
44.801371,51,55,50,100,22,65535,230,0
44.903341,50,55,50,100,22,65535,231,0
45.005156,50,55,50,100,21,65535,231,0
45.106794,50,55,50,100,18,65535,230,0
45.208360,51,55,50,100,24,65535,231,0
45.310362,50,55,50,100,22,65535,231,0
45.412434,51,55,50,100,21,65535,231,0
45.514184,50,55,50,100,23,65535,231,0
45.615782,51,55,50,100,21,65535,231,0
45.717196,51,55,50,100,22,65535,231,0
45.819195,51,55,50,100,23,65535,231,0
45.920539,50,55,50,100,21,65535,231,0
46.022440,51,55,50,100,19,65535,231,0
46.124241,51,55,50,100,23,65535,230,0
46.225879,50,55,50,100,22,65535,231,0
46.327405,51,55,50,100,21,65535,231,0
46.429438,51,55,50,100,20,65535,231,0
46.531442,51,55,50,100,22,65535,231,0
46.633230,51,55,50,100,21,65535,231,0
46.734910,51,55,50,100,19,65535,230,0
46.836428,51,55,50,100,19,65535,230,0
46.938500,51,55,50,100,19,65535,230,0
47.040453,51,55,50,100,24,65535,230,0
47.142276,50,55,50,100,22,65535,230,0
47.243855,51,55,50,100,21,65535,230,0
47.345458,51,55,50,100,19,65535,230,0
47.447487,51,55,50,100,18,65535,230,0
47.549470,51,55,50,100,20,65535,230,0
47.651276,50,55,50,100,20,65535,230,0
47.752922,51,55,50,100,20,65535,230,0
47.854481,51,55,50,100,20,65535,230,0
47.956546,50,56,50,100,18,65535,230,0
48.058488,51,55,50,100,22,65535,230,0
48.160327,51,55,50,100,21,65535,230,0
48.261863,51,55,50,100,23,65535,230,0
48.363479,51,55,50,100,20,65535,230,0
48.465508,50,55,50,100,22,65535,230,0
48.567532,51,55,50,100,21,65535,230,0
48.669309,50,55,50,100,22,65535,230,0
48.770942,50,55,50,100,21,65535,230,0
48.872523,51,55,50,100,22,65535,230,0
48.974527,50,55,50,100,23,65535,230,0
49.076533,50,55,50,100,24,65535,231,0
49.178042,50,55,50,100,22,65535,231,0
49.279782,50,55,50,100,21,65535,231,0
49.381512,50,55,50,100,21,65535,231,0
49.483580,50,55,50,100,22,65535,231,0
49.585553,51,55,50,100,20,65535,231,0
49.687058,51,55,50,100,21,65535,231,0
49.788720,51,55,50,100,21,65535,231,0
49.890560,50,55,50,100,27,65535,231,0
49.992637,51,55,50,100,26,65535,231,0
50.094572,51,55,50,100,25,65535,231,0
50.196670,51,55,50,100,22,65535,231,0
50.298433,50,55,50,100,21,65535,231,0
50.400078,51,55,50,100,22,65535,231,0
50.501600,51,55,50,100,22,65535,231,0
50.603626,50,55,50,100,23,65535,231,0
50.705079,51,55,50,100,21,65535,231,0
50.806798,50,55,50,100,15,65535,231,0
50.908602,51,55,50,100,23,65535,231,0
51.010670,51,55,50,100,23,65535,231,0
51.112622,51,55,50,100,22,65535,231,0
51.214699,51,55,50,100,22,65535,231,0
51.316470,51,55,50,100,22,65535,231,0
51.418470,51,55,50,100,20,65535,231,0
51.520691,50,55,50,100,20,65535,231,0
51.622642,51,55,50,100,20,65535,231,0
51.724717,50,55,50,100,17,65535,231,0
51.826486,51,55,50,100,21,65535,231,0
51.928091,51,55,50,100,20,65535,231,0
52.029670,50,55,50,100,21,65535,231,0
52.131698,51,55,50,100,20,65535,231,0
52.233674,51,55,50,100,21,65535,231,0
52.335468,51,55,50,100,20,65535,231,0
52.437108,51,55,50,100,19,65535,231,0
52.538689,51,55,50,100,19,65535,231,0
52.640693,51,55,50,100,20,65535,230,0
52.742696,50,55,50,100,23,65535,230,0
52.844209,50,55,50,100,23,65535,230,0
52.945945,51,55,50,100,23,65535,230,0
53.047705,51,55,50,100,23,65535,230,0
53.149694,50,55,50,100,24,65535,230,0
53.251744,51,55,50,100,23,65535,231,0
53.353211,50,55,50,100,18,65535,230,0
53.454937,49,55,50,100,8,65535,230,0
53.556719,47,53,50,0,0,65535,222,0
53.658794,45,52,50,0,0,65535,214,0
53.760738,45,53,50,0,0,65535,207,0
53.862827,45,52,50,0,0,65535,199,0
53.964588,46,51,50,0,0,65535,193,0
54.066252,46,51,50,0,0,65535,186,0
54.167764,45,51,50,0,0,65535,181,0
54.269763,45,51,50,0,0,65535,175,0
54.371051,44,51,50,0,0,65535,170,0
54.472871,45,51,50,0,0,65535,165,0
54.574612,44,50,50,0,0,65535,160,0
54.676620,44,50,50,0,0,65535,156,0
54.778851,44,50,50,0,0,65535,152,0
54.880793,44,50,50,0,0,65535,148,0
54.982617,44,50,50,0,0,65535,145,0
55.084245,44,50,50,0,0,65535,141,0
55.185787,43,50,50,0,0,65535,138,0
55.287791,44,51,50,0,0,65535,135,0
55.389238,43,50,50,0,0,65535,133,0
55.490893,43,51,50,0,0,65535,130,0
55.592661,43,49,50,0,0,65535,128,0
55.694638,43,49,50,0,0,65535,125,0
55.796665,43,49,50,0,0,65535,123,0
55.898235,43,49,50,0,0,65535,121,0
55.999915,43,49,50,0,0,65535,119,0
56.101791,43,49,50,0,0,65535,118,0
56.203846,43,49,50,0,0,65535,116,0
56.305837,42,49,50,0,0,65535,114,0
56.407886,43,49,50,0,0,65535,113,0
56.509366,43,49,50,0,0,65535,111,0
56.611101,42,49,50,0,0,65535,110,0
56.712867,43,49,50,0,0,65535,109,0
56.814945,43,49,50,0,0,65535,108,0
56.916885,43,49,50,0,0,65535,107,0
57.018385,43,49,50,0,0,65535,106,0
57.120109,42,49,50,0,0,65535,105,0
57.221867,43,49,50,0,0,65535,104,0
57.323929,43,49,50,0,0,65535,103,0
57.425908,42,49,50,0,0,65535,102,0
57.527930,43,49,50,0,0,65535,102,0
57.629740,43,49,50,0,0,65535,101,0
57.731392,42,49,50,0,0,65535,100,0
57.832920,42,50,50,0,0,65535,100,0
57.934931,42,50,50,0,0,65535,99,0
58.037002,42,50,50,0,0,65535,99,0
58.138775,42,49,50,0,0,65535,98,0
58.240346,42,49,50,0,0,65535,98,0
58.341926,42,49,50,0,0,65535,97,0
58.443982,42,49,50,0,0,65535,97,0
58.545956,43,50,50,100,19,65535,102,0
58.647769,45,53,50,100,31,65535,110,0
58.749398,45,53,50,100,36,65535,119,0
58.850972,47,53,50,100,23,65535,126,0
58.953039,47,53,50,100,35,65535,134,0
59.054981,47,54,50,100,31,65535,141,0
59.156808,48,54,50,100,24,65535,147,0
59.258401,48,54,50,100,32,65535,153,0
59.359995,47,54,50,100,28,65535,158,0
59.462026,48,54,50,100,28,65535,163,0
59.564026,48,54,50,100,29,65535,168,0
59.665509,48,54,50,100,26,65535,172,0
59.767226,48,54,50,100,27,65535,176,0
59.869000,49,54,50,100,26,65535,180,0
59.971084,48,54,50,100,25,65535,183,0
60.073025,49,54,50,100,25,65535,187,0
60.174537,49,54,50,100,25,65535,190,0
60.276256,49,54,50,100,25,65535,192,0
60.378008,49,54,51,100,27,65535,195,0
60.480072,49,54,50,100,25,65535,198,0
60.582044,49,54,50,100,24,65535,200,0
60.683531,50,54,50,100,24,65535,202,0
60.785255,49,56,50,100,24,65535,204,0
60.887046,50,54,50,100,23,65535,206,0
60.989121,50,54,50,100,23,65535,207,0
61.091069,50,54,50,100,22,65535,209,0
61.192502,50,54,50,100,23,65535,210,0
61.294170,50,54,51,100,24,65535,212,0
61.396081,50,55,50,100,26,65535,213,0
61.498054,49,56,51,100,22,65535,214,0
61.600123,50,54,50,100,23,65535,215,0
61.701565,50,54,51,100,23,65535,216,0
61.803270,50,54,50,100,21,65535,217,0
61.905092,50,54,50,100,19,65535,218,0
62.007166,50,54,50,100,22,65535,218,0
62.109115,50,54,50,100,21,65535,219,0
62.211188,50,54,50,100,21,65535,220,0
62.312956,50,54,50,100,20,65535,220,0
62.414562,50,54,50,100,23,65535,221,0
62.516113,50,54,51,100,20,65535,222,0
62.618116,50,56,50,100,24,65535,222,0
62.720167,50,55,50,100,22,65535,223,0
62.821963,50,55,51,100,23,65535,223,0
62.923544,50,55,50,100,21,65535,224,0
63.025154,50,55,50,100,20,65535,224,0
63.127224,50,55,50,100,23,65535,225,0
63.229165,50,55,50,100,20,65535,225,0
63.330669,50,55,51,100,22,65535,225,0
63.432316,50,56,51,100,22,65535,226,0
63.534172,50,56,51,100,22,65535,226,0
63.636218,50,55,51,100,22,65535,227,0
63.738231,51,55,50,100,22,65535,227,0
63.839689,51,55,50,100,21,65535,227,0
63.941409,50,55,51,100,23,65535,228,0
64.043195,51,55,51,100,23,65535,228,0
64.145266,50,55,51,100,23,65535,228,0
64.247211,50,55,51,100,25,65535,228,0
64.349298,51,55,50,100,24,65535,229,0
64.451057,51,55,51,100,26,65535,229,0
64.552709,51,55,50,100,23,65535,229,0
64.654225,50,55,50,100,23,65535,229,0
64.756263,50,55,51,100,24,65535,230,0
64.858245,50,55,50,100,21,65535,230,0
64.960041,50,55,51,100,22,65535,230,0
65.061706,50,55,51,100,21,65535,230,0
65.163256,50,55,50,100,15,65535,230,0
65.265254,50,55,51,100,25,65535,230,0
65.366655,50,55,51,100,24,65535,230,0
65.468371,50,55,50,100,24,65535,231,0
65.570237,50,55,51,100,22,65535,231,0
65.672243,50,55,50,100,21,65535,231,0
65.774309,50,55,51,100,21,65535,231,0
65.876281,50,55,51,100,21,65535,231,0
65.978097,51,55,51,100,22,65535,231,0
66.079728,50,55,51,100,20,65535,231,0
66.181299,50,55,50,100,24,65535,231,0
66.283369,50,55,50,100,22,65535,231,0
66.385308,51,55,51,100,20,65535,231,0
66.486815,50,55,50,100,22,65535,231,0
66.588455,50,55,51,100,22,65535,231,0
66.690292,50,55,51,100,24,65535,231,0
66.792132,51,55,51,100,23,65535,231,0
66.893521,50,55,50,100,25,65535,231,0
66.995370,51,55,51,100,26,65535,231,0
67.097176,50,55,51,100,22,65535,231,0
67.198828,51,55,51,100,23,65535,231,0
67.300319,50,55,51,100,23,65535,231,0
67.402382,51,55,51,100,22,65535,231,0
67.504421,50,55,51,100,20,65535,231,0
67.606186,51,55,51,100,21,65535,231,0
67.707843,50,55,51,100,21,65535,231,0
67.809371,50,55,50,100,21,65535,231,0
67.911443,50,55,51,100,23,65535,231,0
68.013396,50,55,51,100,20,65535,231,0
68.115221,50,55,51,100,21,65535,231,0
68.216874,50,55,51,100,21,65535,231,0
68.318390,50,55,51,100,21,65535,231,0
68.420429,51,55,51,100,20,65535,231,0
68.522409,51,55,51,100,20,65535,231,0
68.624217,50,55,51,100,21,65535,231,0
68.725821,50,55,50,100,21,65535,231,0
68.827419,50,55,51,100,21,65535,231,0
68.929489,50,55,51,100,21,65535,231,0
69.031424,50,55,51,100,23,65535,231,0
69.133250,50,55,51,100,23,65535,231,0
69.234857,50,55,51,100,21,65535,231,0
69.336418,50,55,51,100,21,65535,231,0
69.438473,51,55,51,100,19,65535,231,0
69.540443,51,55,51,100,20,65535,230,0
69.642240,51,55,51,100,21,65535,230,0
69.743850,51,55,51,100,22,65535,231,0
69.845462,50,55,51,100,18,65535,230,0
69.947531,51,56,51,100,15,65535,230,0
70.049534,51,55,51,100,22,65535,230,0
70.151526,51,55,51,100,22,65535,230,0
70.253311,50,55,51,100,19,65535,230,0
70.354905,50,55,51,100,19,65535,230,0
70.456459,50,55,51,100,20,65535,230,0
70.558517,50,55,51,100,19,65535,230,0
70.659993,50,55,51,100,21,65535,230,0
70.761643,51,55,51,100,22,65535,230,0
70.863498,50,55,51,100,22,65535,230,0
70.965511,51,55,51,100,24,65535,230,0
71.067581,51,55,51,100,24,65535,231,0
71.169003,51,55,51,100,20,65535,231,0
71.270648,50,55,51,100,23,65535,231,0
71.372491,50,55,51,100,23,65535,231,0
71.474506,50,55,51,100,21,65535,231,0
71.576564,51,55,51,100,20,65535,230,0
71.678563,51,55,51,100,20,65535,230,0
71.780360,51,55,51,100,21,65535,230,0
71.882008,51,55,51,100,24,65535,230,0
71.983560,51,55,51,100,23,65535,230,0
72.085561,51,55,51,100,22,65535,230,0
72.187630,51,55,51,100,21,65535,230,0
72.289407,51,55,51,100,23,65535,230,0
72.390944,50,55,51,100,23,65535,231,0
72.492557,51,55,51,100,23,65535,231,0
72.594563,51,55,51,100,22,65535,231,0
72.696614,51,55,51,100,20,65535,231,0
72.798092,50,55,51,100,15,65535,231,0
72.899853,51,55,51,100,22,65535,231,0
73.001590,51,55,51,100,21,65535,231,0
73.103672,50,55,51,100,22,65535,231,0
73.205610,50,55,51,100,21,65535,231,0
73.307447,51,55,51,100,22,65535,231,0
73.409038,51,55,51,100,23,65535,231,0
73.510604,51,55,51,100,23,65535,231,0
73.612657,50,55,51,100,22,65535,231,0
73.714632,50,55,51,100,23,65535,231,0
73.816448,51,55,51,100,25,65535,231,0
73.918047,51,55,51,100,22,65535,231,0
74.019647,50,55,51,100,22,65535,231,0
74.121652,51,55,51,100,22,65535,231,0
74.223724,51,55,51,100,20,65535,231,0
74.325694,51,55,51,100,22,65535,231,0
74.427498,50,55,51,100,22,65535,231,0
74.529664,51,55,51,100,20,65535,231,0
74.631675,51,56,51,100,19,65535,231,0
74.733748,50,56,51,100,21,65535,230,0
74.835696,51,55,51,100,24,65535,231,0
74.937524,50,55,51,100,23,65535,231,0
75.039099,51,55,51,100,22,65535,231,0
75.140698,50,55,51,100,21,65535,231,0
75.242675,51,55,51,100,20,65535,231,0
75.344733,50,55,51,100,19,65535,231,0
75.446526,51,55,51,100,20,65535,231,0
75.548165,50,55,51,100,20,65535,230,0
75.649724,50,55,51,100,21,65535,230,0
75.751790,51,55,51,100,21,65535,230,0
75.853730,50,55,51,100,21,65535,231,0
75.955569,51,55,51,100,19,65535,230,0
76.057571,51,55,51,100,21,65535,230,0
76.159798,51,55,51,100,22,65535,230,0
76.261749,51,55,51,100,23,65535,230,0
76.363817,51,55,51,100,21,65535,230,0
76.465589,51,55,51,100,22,65535,230,0
76.567183,51,55,51,100,19,65535,230,0
76.668772,51,55,51,100,24,65535,230,0
76.770750,50,55,51,100,21,65535,230,0
76.872821,51,55,51,100,21,65535,230,0
76.974825,50,55,51,100,21,65535,230,0
77.076610,50,55,51,100,20,65535,230,0
77.178282,50,55,51,100,19,65535,230,0
77.279793,51,55,51,100,18,65535,230,0
77.381799,50,55,51,100,19,65535,230,0
77.483639,51,55,51,100,21,65535,230,0
77.585644,50,55,51,100,17,65535,230,0
77.687313,51,55,51,100,21,65535,230,0
77.788813,51,55,51,100,22,65535,230,0
77.890820,50,55,51,100,22,65535,230,0
77.992315,51,55,51,100,18,65535,230,0
78.093985,51,55,51,100,20,65535,230,0
78.195825,52,55,51,100,20,65535,230,0
78.297898,51,55,51,100,19,65535,230,0
78.399841,51,55,51,100,22,65535,230,0
78.501926,51,55,51,100,19,65535,230,0
78.603688,50,55,51,100,21,65535,230,0
78.705333,50,55,51,100,22,65535,230,0
78.806861,50,55,51,100,23,65535,230,0
78.908867,51,55,51,100,22,65535,230,0
79.010878,51,55,51,100,23,65535,230,0
79.112691,50,55,51,100,24,65535,230,0
79.214706,51,55,51,100,22,65535,230,0
79.316681,50,55,51,100,21,65535,230,0
79.418701,50,55,51,100,21,65535,230,0
79.520112,51,55,51,100,24,65535,230,0
79.621979,50,55,51,100,22,65535,230,0
79.723751,51,55,51,100,19,65535,230,0
79.825950,51,55,51,100,19,65535,230,0
79.927913,51,55,51,100,21,65535,230,0
80.029984,50,55,51,100,22,65535,230,0
80.131754,51,55,51,100,19,65535,230,0
80.233345,51,55,51,100,19,65535,230,0
80.334907,50,55,51,100,19,65535,230,0
80.436965,51,55,51,100,12,65535,230,0
80.538936,51,55,51,100,25,65535,230,0
80.640448,51,55,51,100,23,65535,230,0
80.742179,51,55,51,100,20,65535,231,0
80.843945,50,55,51,100,20,65535,231,0
80.946018,50,55,51,100,22,65535,231,0
81.048031,51,55,51,100,21,65535,231,0
81.150003,51,55,51,100,22,65535,231,0
81.251815,51,55,51,100,21,65535,231,0
81.353973,50,55,51,100,21,65535,231,0
81.455980,51,55,51,100,25,65535,231,0
81.558051,50,55,51,100,21,65535,231,0
81.660009,50,55,51,100,19,65535,231,0
81.761827,50,55,51,100,22,65535,231,0
81.863842,50,55,51,100,21,65535,231,0
81.965836,51,55,51,100,23,65535,231,0
82.067856,51,55,51,100,22,65535,231,0
82.169432,51,55,51,100,23,65535,231,0
82.271152,51,55,51,100,22,65535,231,0
82.372985,51,55,51,100,24,65535,231,0
82.474994,51,55,51,100,23,65535,231,0
82.577060,51,55,51,100,20,65535,231,0
82.679034,51,55,51,100,21,65535,231,0
82.780849,51,55,51,100,22,65535,231,0
82.882495,51,55,51,100,21,65535,231,0
82.984047,51,55,51,100,22,65535,231,0
83.086051,51,55,51,100,21,65535,231,0
83.188124,50,55,51,100,20,65535,231,0
83.289899,51,55,51,100,17,65535,231,0
83.391486,52,55,51,100,23,65535,231,0
83.493050,51,55,51,100,23,65535,231,0
83.595107,51,55,51,100,22,65535,231,0
83.697080,51,55,51,100,20,65535,231,0
83.798876,51,55,51,100,21,65535,231,0
83.900406,51,55,51,100,22,65535,231,0
84.002084,51,55,51,100,19,65535,231,0
84.104161,51,55,51,100,21,65535,231,0
84.206100,50,55,51,100,21,65535,231,0
84.307612,51,55,51,100,24,65535,231,0
84.409331,51,55,51,100,22,65535,231,0
84.511112,50,55,51,100,20,65535,231,0
84.613151,50,55,51,100,22,65535,231,0
84.715124,51,55,51,100,22,65535,231,0
84.816617,51,55,51,100,20,65535,231,0
84.918344,51,55,51,100,21,65535,231,0
85.020127,51,55,51,100,21,65535,231,0
85.122200,51,55,51,100,21,65535,231,0
85.224153,50,55,51,100,18,65535,231,0
85.326167,50,55,51,100,23,65535,231,0
85.427991,51,55,51,100,19,65535,231,0
85.530007,51,55,51,100,20,65535,231,0
85.632000,50,55,51,100,21,65535,231,0
85.734016,52,55,51,100,18,65535,231,0
85.835367,51,55,51,100,20,65535,231,0
85.936996,51,55,51,100,18,65535,230,0
86.038636,51,55,51,100,19,65535,230,0
86.140189,50,55,51,100,19,65535,230,0
86.242264,50,55,51,100,23,65535,230,0
86.344264,51,55,51,100,22,65535,230,0
86.446037,50,55,51,100,24,65535,230,0
86.548046,50,55,51,100,25,65535,231,0
86.650038,51,55,51,100,22,65535,231,0
86.752062,51,55,51,100,24,65535,231,0
86.853455,51,55,51,100,22,65535,231,0
86.955288,51,55,51,100,22,65535,231,0
87.057174,51,55,51,100,23,65535,231,0
87.158728,50,55,51,100,27,65535,231,0
87.260243,51,55,51,100,26,65535,231,0
87.362307,50,55,51,100,22,65535,232,0
87.463756,51,55,51,100,23,65535,232,0
87.565499,51,55,51,100,23,65535,232,0
87.667253,50,55,51,100,22,65535,232,0
87.769295,51,55,51,100,21,65535,232,0
87.871292,50,55,51,100,21,65535,232,0
87.972740,51,55,51,100,21,65535,232,0
88.074473,51,55,51,100,16,65535,232,0
88.176272,51,55,51,100,25,65535,232,0
88.278338,51,55,51,100,23,65535,232,0
88.380291,51,55,51,100,20,65535,232,0
88.481780,51,55,51,100,21,65535,232,0
88.583500,51,55,51,100,21,65535,231,0
88.685272,51,55,51,100,21,65535,231,0
88.787330,51,55,51,100,21,65535,231,0
88.889310,51,55,51,100,21,65535,231,0
88.990790,51,55,51,100,22,65535,231,0
89.092429,51,55,51,100,22,65535,231,0
89.194170,52,55,51,100,23,65535,231,0
89.296164,50,55,51,100,21,65535,231,0
89.398181,51,55,51,100,20,65535,231,0
89.499590,51,55,51,100,21,65535,231,0
89.601432,51,55,51,100,20,65535,231,0
89.703342,51,55,51,100,21,65535,231,0
89.805347,50,55,51,100,19,65535,231,0
89.907390,51,55,51,100,22,65535,231,0
90.009387,51,55,51,100,27,65535,231,0
90.111179,51,55,51,100,22,65535,231,0
90.212769,51,55,51,100,22,65535,231,0
90.314376,51,55,51,100,19,65535,231,0
90.416448,51,55,51,100,20,65535,231,0
90.518453,51,55,51,100,20,65535,231,0
90.620453,50,55,51,100,21,65535,231,0
90.722241,51,55,51,100,23,65535,231,0
90.824426,51,55,51,100,21,65535,231,0
90.926407,51,55,51,100,18,65535,231,0
91.028410,50,55,51,100,26,65535,231,0
91.129920,51,55,51,100,23,65535,231,0
91.231593,51,55,51,100,22,65535,231,0
91.333418,51,55,51,100,20,65535,231,0
91.435407,51,55,51,100,20,65535,231,0
91.537475,51,55,51,100,22,65535,231,0
91.639463,51,55,51,100,22,65535,231,0
91.741253,51,55,51,100,20,65535,231,0
91.842927,51,55,51,100,22,65535,231,0
91.944449,51,55,51,100,21,65535,231,0
92.046520,50,55,51,100,22,65535,231,0
92.148485,51,55,51,100,20,65535,231,0
92.250297,51,55,51,100,22,65535,231,0
92.351941,51,55,51,100,21,65535,231,0
92.453470,51,55,51,100,20,65535,231,0
92.555503,51,55,51,100,20,65535,231,0
92.657504,51,55,51,100,20,65535,231,0
92.759302,51,55,51,100,20,65535,231,0
92.860848,50,55,51,100,15,65535,231,0
92.962497,51,55,51,100,20,65535,231,0
93.064566,51,55,51,100,22,65535,231,0
93.166574,50,55,51,100,22,65535,231,0
93.268345,51,55,51,100,22,65535,231,0
93.369964,51,55,51,100,22,65535,231,0
93.471523,51,55,51,100,22,65535,231,0
93.573555,51,55,51,100,22,65535,231,0
93.675553,50,55,51,100,22,65535,231,0
93.777346,51,55,51,100,21,65535,231,0
93.878878,51,55,51,100,23,65535,231,0
93.980542,51,55,51,100,21,65535,231,0
94.082617,51,55,51,100,21,65535,231,0
94.184552,51,55,51,100,20,65535,231,0
94.286388,51,55,51,100,21,65535,231,0
94.387979,51,55,51,100,21,65535,231,0
94.489570,51,55,51,100,21,65535,231,0
94.591598,51,55,51,100,22,65535,231,0
94.693572,51,55,51,100,20,65535,231,0
94.795080,51,55,51,100,24,65535,231,0
94.896796,51,55,51,100,20,65535,231,0
94.998578,51,55,51,100,21,65535,231,0
95.100657,51,55,51,100,20,65535,231,0
95.202593,51,55,51,100,21,65535,231,0
95.304102,51,55,51,100,21,65535,231,0
95.405812,51,55,51,100,20,65535,231,0
95.507604,50,55,51,100,20,65535,231,0
95.609642,51,55,51,100,21,65535,231,0
95.711593,51,55,51,100,17,65535,231,0
95.813103,51,55,51,100,25,65535,231,0
95.914819,51,55,51,100,22,65535,231,0
96.016625,51,55,51,100,23,65535,231,0
96.118690,51,55,51,100,22,65535,231,0
96.220709,51,55,51,100,20,65535,231,0
96.322651,51,55,51,100,21,65535,231,0
96.424485,51,55,51,100,22,65535,231,0
96.526132,50,55,51,100,20,65535,231,0
96.627669,51,55,51,100,20,65535,231,0
96.729694,51,55,51,100,24,65535,231,0
96.831670,51,56,51,100,25,65535,231,0
96.933486,50,55,51,100,22,65535,231,0
97.035495,50,55,51,100,22,65535,231,0
97.137158,51,55,51,100,23,65535,232,0
97.238683,51,55,51,100,22,65535,232,0
97.340755,51,57,51,100,22,65535,232,0
97.442530,50,55,51,100,21,65535,232,0
97.544130,51,55,51,100,22,65535,232,0
97.645685,51,55,51,100,25,65535,232,0
97.747741,51,57,51,100,22,65535,232,0
97.849712,51,55,51,100,23,65535,232,0
97.951535,51,56,51,100,24,65535,232,0
98.053111,51,55,51,100,22,65535,232,0
98.154730,51,55,51,100,22,65535,232,0
98.256796,50,55,51,100,21,65535,232,0
98.358736,51,55,51,100,20,65535,232,0
98.460238,51,55,51,100,22,65535,232,0
98.561961,51,55,51,100,17,65535,232,0
98.663717,51,55,51,100,23,65535,232,0
98.765790,51,55,51,100,24,65535,232,0
98.867759,51,56,51,100,23,65535,232,0
98.969792,51,56,51,100,24,65535,232,0
99.071585,51,57,51,100,23,65535,232,0
99.173250,50,55,51,100,21,65535,232,0
99.274774,50,55,51,100,19,65535,232,0
99.376853,51,55,51,100,18,65535,232,0
99.478799,51,55,51,100,19,65535,232,0
99.580630,51,55,51,100,24,65535,231,0
99.682203,51,55,51,100,21,65535,231,0
99.783802,51,55,51,100,21,65535,231,0
99.885835,51,55,51,100,22,65535,231,0
99.987274,51,55,52,100,19,65535,231,0
100.088947,51,55,51,100,19,65535,231,0
100.190810,50,55,52,100,19,65535,231,0
100.292883,51,55,51,100,21,65535,231,0
100.394831,51,55,52,100,23,65535,231,0
100.496903,50,55,51,100,20,65535,231,0
100.598668,51,56,51,100,27,65535,231,0
100.700263,50,56,51,100,24,65535,231,0
100.801827,50,55,51,100,24,65535,231,0
100.903667,51,55,51,100,20,65535,231,0
101.005081,51,55,52,100,21,65535,231,0
101.106919,50,55,51,100,21,65535,231,0
101.208713,51,55,51,100,21,65535,231,0
101.310377,50,55,52,100,22,65535,231,0
101.411872,51,55,51,100,22,65535,231,0
101.513853,51,55,52,100,24,65535,231,0
101.615385,51,55,51,100,22,65535,231,0
101.716918,51,55,51,100,21,65535,231,0
101.818886,51,55,51,100,19,65535,231,0
101.920951,51,55,51,100,19,65535,231,0
102.022970,50,55,52,100,19,65535,231,0
102.124939,51,55,51,100,21,65535,231,0
102.226749,51,55,51,100,21,65535,231,0
102.328406,51,55,51,100,19,65535,231,0
102.429919,50,55,51,100,24,65535,231,0
102.531950,51,56,52,100,23,65535,231,0
102.633954,51,55,52,100,22,65535,231,0
102.735750,51,57,52,100,21,65535,231,0
102.837343,52,55,51,100,21,65535,231,0
102.938945,51,57,51,100,22,65535,231,0
103.041016,51,55,52,100,22,65535,231,0
103.142956,51,55,52,100,22,65535,231,0
103.244795,51,55,51,100,21,65535,231,0
103.346446,51,55,51,100,16,65535,231,0
103.447963,51,55,52,100,24,65535,231,0
103.550002,51,55,51,100,22,65535,231,0
103.651978,51,55,51,100,23,65535,231,0
103.753793,51,55,51,100,22,65535,231,0
103.855427,51,55,51,100,20,65535,231,0
103.956987,51,55,52,100,21,65535,231,0
104.059059,50,55,51,100,22,65535,231,0
104.160398,51,55,52,100,21,65535,231,0
104.262057,51,55,52,100,20,65535,231,0
104.363965,51,56,51,100,24,65535,231,0
104.465997,51,55,51,100,23,65535,231,0
104.568046,51,55,51,100,22,65535,231,0
104.670022,51,55,52,100,21,65535,231,0
104.771828,51,55,51,100,20,65535,231,0
104.873443,51,55,52,100,18,65535,231,0
104.975034,51,55,51,100,18,65535,231,0
105.077105,51,55,52,100,19,65535,231,0
105.179043,51,55,51,100,21,65535,231,0
105.280546,50,55,52,100,27,65535,231,0
105.382283,51,56,51,100,24,65535,231,0
105.484022,50,55,52,100,23,65535,231,0
105.586092,51,55,51,100,22,65535,231,0
105.688065,51,55,52,100,21,65535,231,0
105.789554,51,55,51,100,22,65535,231,0
105.891253,51,55,51,100,21,65535,231,0
105.993067,51,55,52,100,21,65535,231,0
106.095144,51,55,51,100,20,65535,231,0
106.197156,51,55,51,100,16,65535,231,0
106.298567,51,55,52,100,24,65535,231,0
106.400284,51,57,52,100,24,65535,231,0
106.502066,51,55,52,100,23,65535,231,0
106.604073,51,55,52,100,21,65535,231,0
106.706143,51,55,52,100,20,65535,231,0
106.808131,51,55,51,100,20,65535,231,0
106.909935,51,55,52,100,24,65535,231,0
107.011582,47,53,51,0,0,65535,226,0
107.113129,46,54,52,0,0,65535,217,0
107.215140,46,52,51,0,0,65535,210,0
107.317209,46,52,52,0,0,65535,202,0
107.418978,45,52,51,0,0,65535,195,0
107.520575,45,51,52,0,0,65535,189,0
107.622134,45,51,51,0,0,65535,183,0
107.724188,44,51,51,0,0,65535,177,0
107.826161,45,51,51,0,0,65535,172,0
107.927970,44,51,51,0,0,65535,167,0
108.029587,45,52,51,0,0,65535,162,0
108.131176,44,51,51,0,0,65535,158,0
108.233183,44,50,51,0,0,65535,154,0
108.335255,44,50,51,0,0,65535,150,0
108.436689,44,50,51,0,0,65535,146,0
108.538428,44,50,51,0,0,65535,143,0
108.640170,44,50,51,0,0,65535,139,0
108.742240,44,50,51,0,0,65535,136,0
108.844207,43,50,51,0,0,65535,134,0
108.945708,44,50,51,0,0,65535,131,0
109.047431,43,50,51,0,0,65535,128,0
109.149209,43,51,51,0,0,65535,126,0
109.251286,43,51,51,0,0,65535,124,0
109.353232,43,51,51,0,0,65535,122,0
109.455253,43,49,51,0,0,65535,120,0
109.557076,43,49,51,0,0,65535,118,0
109.659093,43,49,51,0,0,65535,116,0
109.761307,43,49,51,0,0,65535,115,0
109.863257,43,49,51,0,0,65535,113,0
109.965333,43,49,51,0,0,65535,112,0
110.067101,43,49,51,0,0,65535,111,0
110.168715,43,49,51,0,0,65535,109,0
110.270253,43,49,51,0,0,65535,108,0
110.372310,43,49,51,0,0,65535,107,0
110.474293,43,49,51,0,0,65535,106,0
110.576097,43,49,51,0,0,65535,105,0
110.677642,42,49,51,0,0,65535,104,0
110.779298,43,49,51,0,0,65535,103,0
110.881367,43,49,51,0,0,65535,103,0
110.983305,42,49,51,0,0,65535,102,0
111.085136,43,49,51,0,0,65535,101,0
111.186677,42,49,51,0,0,65535,101,0
111.288294,43,49,51,0,0,65535,100,0
111.390354,42,49,51,0,0,65535,99,0
111.491753,42,49,51,0,0,65535,99,0
111.593430,42,49,51,0,0,65535,98,0
111.695183,43,49,51,0,0,65535,98,0
111.796846,42,49,51,0,0,65535,97,0
111.898346,42,50,51,0,0,65535,97,0
112.000348,42,49,51,100,16,65535,99,0
112.101863,44,53,51,100,30,65535,107,0
112.203578,45,52,51,100,20,65535,115,0
112.305357,46,53,51,100,36,65535,123,0
112.407436,47,53,51,100,31,65535,131,0
112.509370,47,53,51,100,29,65535,138,0
112.610873,47,54,51,100,32,65535,144,0
112.712586,48,54,51,100,24,65535,150,0
112.814380,48,54,52,100,30,65535,156,0
112.916359,48,54,51,100,26,65535,161,0
113.018420,48,54,51,100,26,65535,166,0
113.120424,48,54,52,100,28,65535,170,0
113.222229,48,54,51,100,25,65535,174,0
113.323818,48,54,51,100,25,65535,178,0
113.425419,49,54,51,100,23,65535,181,0
113.527487,48,54,52,100,21,65535,185,0
113.629424,49,54,51,100,23,65535,188,0
113.731264,50,54,52,100,24,65535,190,0
113.832877,49,54,51,100,20,65535,193,0
113.934437,50,54,51,100,24,65535,195,0
114.036422,50,54,51,100,23,65535,197,0
114.138472,49,54,52,100,21,65535,200,0
114.240260,50,54,51,100,18,65535,202,0
114.341892,49,54,51,100,20,65535,203,0
114.443461,50,54,52,100,19,65535,205,0
114.545532,50,54,52,100,20,65535,206,0
114.647469,50,54,51,100,20,65535,208,0
114.749296,50,54,51,100,20,65535,209,0
114.850832,50,54,52,100,22,65535,210,0
114.952457,50,54,52,100,23,65535,211,0
115.054530,50,54,52,100,21,65535,212,0
115.156489,50,54,52,100,22,65535,214,0
115.258311,50,54,51,100,22,65535,215,0
115.359902,50,55,52,100,22,65535,216,0
115.461504,50,54,52,100,20,65535,217,0
115.563579,50,54,52,100,21,65535,217,0
115.665512,50,56,52,100,23,65535,218,0
115.767026,50,56,52,100,17,65535,219,0
115.868753,50,55,52,100,24,65535,220,0
115.970517,51,55,51,100,23,65535,221,0
116.072569,50,55,52,100,23,65535,222,0
116.174535,51,55,52,100,22,65535,222,0
116.276610,50,55,51,100,22,65535,223,0
116.378371,50,56,52,100,22,65535,223,0
116.480020,50,55,51,100,20,65535,224,0
116.581557,50,56,52,100,19,65535,224,0
116.683631,50,55,52,100,20,65535,224,0
116.785569,50,55,52,100,25,65535,225,0
116.887406,51,55,51,100,24,65535,225,0
116.989018,50,55,51,100,24,65535,226,0
117.090557,50,55,52,100,23,65535,226,0
117.192615,50,55,51,100,23,65535,227,0
117.294044,50,55,52,100,23,65535,227,0
117.395747,50,55,52,100,20,65535,227,0
117.497583,50,55,52,100,22,65535,227,0
117.599658,50,55,51,100,22,65535,227,0
117.701607,50,55,52,100,19,65535,227,0
117.803677,50,55,52,100,25,65535,228,0
117.905448,50,55,52,100,20,65535,228,0
118.007050,50,55,52,100,22,65535,228,0
118.108605,50,55,52,100,22,65535,229,0
118.210660,51,55,51,100,23,65535,229,0
118.312631,50,55,51,100,21,65535,229,0
118.414439,50,55,52,100,20,65535,229,0
118.516062,50,55,51,100,23,65535,229,0
118.617645,50,55,52,100,21,65535,229,0
118.719722,51,55,52,100,23,65535,230,0
118.821657,51,55,52,100,25,65535,230,0
118.923470,50,55,52,100,23,65535,230,0
119.025059,50,55,52,100,21,65535,230,0
119.126646,51,55,52,100,20,65535,230,0
119.228704,50,55,51,100,19,65535,230,0
119.330678,51,55,52,100,22,65535,230,0
119.432172,50,55,52,100,21,65535,230,0
119.533900,50,55,52,100,20,65535,230,0
119.635679,51,55,52,100,24,65535,230,0
119.737698,50,55,52,100,22,65535,230,0
119.839699,50,55,52,100,22,65535,230,0
119.941728,51,55,52,100,22,65535,231,0
120.043556,51,55,52,100,22,65535,231,0
120.145139,50,55,52,100,21,65535,231,0
120.246719,50,55,52,100,20,65535,231,0
120.348765,50,55,51,100,20,65535,231,0
120.450739,51,55,51,100,19,65535,231,0
120.552552,50,55,52,100,14,65535,230,0
120.654193,50,55,52,100,24,65535,230,0
120.755745,51,55,52,100,24,65535,231,0
120.857813,50,55,52,100,24,65535,231,0
120.959752,50,55,52,100,23,65535,231,0
121.061589,50,55,52,100,23,65535,231,0
121.163598,51,55,52,100,23,65535,231,0
121.265596,50,55,52,100,21,65535,231,0
121.367609,50,55,52,100,20,65535,231,0
121.468955,50,55,52,100,20,65535,231,0
121.570839,50,55,52,100,26,65535,231,0
121.672737,50,55,52,100,21,65535,231,0
121.774749,51,55,52,100,22,65535,231,0
121.876834,50,55,52,100,21,65535,231,0
121.978824,50,55,52,100,19,65535,231,0
122.080617,51,55,51,100,20,65535,231,0
122.182165,50,55,52,100,21,65535,231,0
122.283815,50,55,52,100,23,65535,231,0
122.385817,51,55,52,100,22,65535,231,0
122.487891,50,55,51,100,22,65535,231,0
122.589658,51,55,52,100,24,65535,231,0
122.691218,51,55,52,100,21,65535,231,0
122.792804,51,55,52,100,18,65535,231,0
122.894868,51,55,52,100,20,65535,231,0
122.996840,51,55,51,100,22,65535,231,0
123.098328,51,55,52,100,23,65535,231,0
123.200009,50,55,51,100,22,65535,231,0
123.301844,50,55,51,100,23,65535,231,0
123.403922,51,55,52,100,21,65535,231,0
123.505863,51,55,52,100,24,65535,231,0
123.607351,51,55,52,100,23,65535,231,0
123.709062,51,55,51,100,20,65535,231,0
123.810869,51,55,52,100,21,65535,231,0
123.912902,50,55,52,100,21,65535,231,0
124.014932,51,55,52,100,21,65535,231,0
124.116905,51,55,51,100,23,65535,231,0
124.218708,50,55,52,100,20,65535,231,0
124.320288,51,55,52,100,22,65535,231,0
124.421909,51,55,52,100,25,65535,231,0
124.523977,51,55,52,100,21,65535,231,0
124.625982,50,55,52,100,21,65535,231,0
124.727753,51,55,52,100,22,65535,231,0
124.829357,50,55,52,100,20,65535,231,0
124.930909,51,55,52,100,22,65535,231,0
125.032964,50,55,52,100,20,65535,231,0
125.134938,50,55,52,100,21,65535,231,0
125.236733,51,55,52,100,22,65535,231,0
125.338333,51,55,52,100,17,65535,231,0
125.439942,51,55,52,100,23,65535,231,0
125.542015,50,55,52,100,23,65535,231,0
125.643960,50,55,52,100,20,65535,231,0
125.745464,50,55,52,100,21,65535,231,0
125.847196,50,55,52,100,19,65535,231,0
125.948944,51,55,52,100,20,65535,231,0
126.051013,50,55,52,100,20,65535,231,0
126.152982,50,55,52,100,21,65535,231,0
126.254483,50,55,52,100,20,65535,231,0
126.356208,51,55,52,100,25,65535,231,0
126.457990,51,55,52,100,22,65535,231,0
126.560066,50,55,51,100,22,65535,231,0
126.662009,50,55,52,100,21,65535,231,0
126.764034,50,55,52,100,20,65535,231,0
126.865859,51,55,52,100,20,65535,230,0
126.967414,50,55,52,100,21,65535,230,0
127.069032,51,55,52,100,19,65535,230,0
127.171004,50,55,52,100,18,65535,230,0
127.272508,51,55,52,100,24,65535,230,0
127.374202,51,55,51,100,23,65535,230,0
127.476033,51,55,51,100,24,65535,230,0
127.578107,51,55,52,100,24,65535,230,0
127.680121,51,55,52,100,21,65535,230,0
127.782122,51,55,52,100,21,65535,230,0
127.883894,51,55,52,100,22,65535,230,0
127.985505,51,55,52,100,21,65535,230,0
128.087074,50,55,52,100,23,65535,230,0
128.189104,51,55,52,100,14,65535,230,0
128.291080,51,55,52,100,22,65535,230,0
128.392893,50,55,52,100,23,65535,230,0
128.494495,50,55,52,100,23,65535,231,0
128.596091,51,55,52,100,20,65535,231,0
128.698163,50,55,52,100,19,65535,231,0
128.800108,51,55,52,100,19,65535,231,0
128.901617,50,55,52,100,21,65535,231,0
129.003356,51,55,52,100,21,65535,231,0
129.105093,51,55,52,100,20,65535,231,0
129.207150,51,55,52,100,24,65535,230,0
129.309124,51,55,52,100,25,65535,231,0
129.410639,51,55,52,100,23,65535,231,0
129.512303,51,55,52,100,23,65535,231,0
129.614129,51,55,52,100,22,65535,231,0
129.716210,50,55,52,100,21,65535,231,0
129.818149,51,55,52,100,20,65535,231,0
129.919642,51,55,52,100,20,65535,231,0
130.021358,51,55,52,100,20,65535,231,0
130.123151,50,55,51,100,19,65535,231,0
130.225195,51,55,52,100,21,65535,231,0
130.327170,50,55,52,100,19,65535,231,0
130.429234,51,55,52,100,19,65535,231,0
130.530997,50,55,52,100,18,65535,230,0
130.632650,50,55,52,100,20,65535,230,0
130.734191,51,55,52,100,20,65535,230,0
130.836267,50,55,52,100,22,65535,230,0
130.938265,51,55,52,100,22,65535,230,0
131.040037,51,55,52,100,18,65535,230,0
131.141658,50,55,52,100,22,65535,230,0
131.243194,51,55,52,100,22,65535,231,0
131.345191,51,55,52,100,22,65535,231,0
131.446647,51,55,51,100,25,65535,231,0
131.548357,51,55,52,100,23,65535,231,0
131.650207,50,55,52,100,22,65535,231,0
131.752285,50,55,52,100,22,65535,231,0
131.854240,51,55,52,100,18,65535,231,0
131.956308,51,55,52,100,18,65535,230,0
132.058083,51,55,52,100,22,65535,230,0
132.160090,51,55,52,100,21,65535,230,0
132.261705,50,55,52,100,21,65535,230,0
132.363262,51,55,52,100,20,65535,230,0
132.465239,51,55,52,100,21,65535,230,0
132.567061,51,55,52,100,21,65535,230,0
132.668673,51,55,52,100,19,65535,230,0
132.770279,51,55,52,100,18,65535,230,0
132.872353,51,55,52,100,20,65535,230,0
132.974292,51,55,52,100,16,65535,229,0
133.075786,51,55,52,100,24,65535,230,0
133.177515,51,55,52,100,23,65535,230,0
133.279297,50,55,52,100,20,65535,230,0
133.381312,51,55,52,100,19,65535,230,0
133.483311,51,55,52,100,19,65535,230,0
133.584773,50,55,52,100,20,65535,230,0
133.686498,51,55,52,100,19,65535,230,0
133.788317,50,55,52,100,21,65535,230,0
133.890392,51,55,52,100,22,65535,230,0
133.992335,51,55,52,100,23,65535,230,0
134.094422,50,57,52,100,26,65535,230,0
134.196183,51,55,52,100,22,65535,230,0
134.297835,50,55,52,100,22,65535,230,0
134.399351,51,55,52,100,20,65535,230,0
134.501389,50,55,52,100,20,65535,230,0
134.603373,50,55,52,100,20,65535,230,0
134.705184,51,55,52,100,20,65535,230,0
134.806827,51,55,52,100,20,65535,230,0
134.908380,51,55,52,100,24,65535,230,0
135.010384,51,55,52,100,21,65535,230,0
135.112455,51,55,52,100,23,65535,230,0
135.214225,50,55,52,100,21,65535,230,0
135.316229,50,55,52,100,22,65535,230,0
135.418222,51,55,52,100,21,65535,230,0
135.519893,51,55,52,100,21,65535,230,0
135.621467,51,55,52,100,23,65535,230,0
135.723225,50,55,52,100,24,65535,231,0
135.824836,51,55,52,100,16,65535,231,0
135.926427,51,55,52,100,23,65535,231,0
136.028492,51,55,52,100,23,65535,231,0
136.130434,51,55,52,100,21,65535,231,0
136.231936,50,55,52,100,22,65535,231,0
136.333668,51,55,52,100,22,65535,231,0
136.435439,50,55,52,100,21,65535,231,0
136.537481,51,55,52,100,21,65535,231,0
136.639452,51,55,52,100,20,65535,231,0
136.740961,51,55,52,100,22,65535,231,0
136.842640,50,55,52,100,23,65535,231,0
136.944460,51,56,52,100,25,65535,231,0
137.046531,51,55,52,100,23,65535,231,0
137.148478,51,55,52,100,22,65535,231,0
137.249917,51,55,52,100,20,65535,231,0
137.351621,51,55,52,100,20,65535,231,0
137.453481,51,55,52,100,21,65535,231,0
137.555467,51,55,52,100,21,65535,231,0
137.657545,51,55,52,100,21,65535,231,0
137.759527,51,55,52,100,22,65535,231,0
137.861319,51,55,52,100,22,65535,231,0
137.962944,51,55,52,100,21,65535,231,0
138.064523,50,55,52,100,20,65535,231,0
138.166590,51,55,52,100,20,65535,231,0
138.268533,51,55,52,100,21,65535,231,0
138.370372,50,55,52,100,21,65535,231,0
138.472370,51,55,52,100,18,65535,231,0
138.574366,51,55,52,100,19,65535,231,0
138.676379,51,55,52,100,18,65535,231,0
138.777778,51,55,52,100,23,65535,230,0
138.879620,51,55,52,100,23,65535,231,0
138.981516,50,55,52,100,23,65535,231,0
139.083556,51,55,52,100,22,65535,231,0
139.185598,51,55,52,100,21,65535,231,0
139.287599,51,55,52,100,21,65535,231,0
139.389382,51,55,52,100,23,65535,231,0
139.491006,51,55,52,100,21,65535,231,0
139.592590,51,55,52,100,22,65535,231,0
139.694663,50,55,52,100,23,65535,231,0
139.796667,51,55,52,100,21,65535,231,0
139.898649,51,55,52,100,20,65535,231,0
140.000451,51,55,52,100,21,65535,231,0
140.102112,51,55,52,100,22,65535,231,0
140.203614,51,55,52,100,21,65535,231,0
140.305647,51,55,52,100,20,65535,231,0
140.407109,51,55,52,100,21,65535,231,0
140.508769,51,55,52,100,21,65535,231,0
140.610624,50,55,52,100,15,65535,231,0
140.712690,51,55,52,100,23,65535,231,0
140.814710,50,55,52,100,22,65535,231,0
140.916130,50,55,52,100,19,65535,231,0
141.017827,51,55,52,100,23,65535,231,0
141.119644,51,57,52,100,23,65535,231,0
141.221693,51,55,52,100,21,65535,231,0
141.323663,51,55,52,100,20,65535,231,0
141.425704,51,55,52,100,19,65535,231,0
141.527492,51,55,52,100,21,65535,230,0
141.629129,51,55,52,100,26,65535,230,0
141.730684,50,55,52,100,21,65535,230,0
141.832694,51,55,52,100,20,65535,230,0
141.934762,51,55,52,100,20,65535,230,0
142.036535,51,55,52,100,19,65535,230,0
142.138142,51,55,52,100,17,65535,230,0
142.239687,51,55,52,100,18,65535,230,0
142.341743,51,55,52,100,20,65535,230,0
142.443744,51,55,52,100,19,65535,230,0
142.545531,51,55,52,100,24,65535,230,0
142.647153,50,55,52,100,25,65535,230,0
142.748733,50,57,52,100,25,65535,230,0
142.850800,51,56,52,100,23,65535,230,0
142.952740,51,55,52,100,22,65535,231,0
143.054230,51,56,52,100,21,65535,231,0
143.155857,51,55,52,100,21,65535,231,0
143.257719,51,55,52,100,20,65535,231,0
143.359787,51,55,52,100,21,65535,231,0
143.461760,51,55,52,100,15,65535,231,0
143.563231,51,55,52,100,21,65535,231,0
143.664961,51,55,52,100,23,65535,231,0
143.766765,51,57,52,100,21,65535,231,0
143.868842,51,55,52,100,21,65535,231,0
143.970782,51,55,52,100,23,65535,231,0
144.072287,51,56,52,100,23,65535,231,0
144.174000,51,56,52,100,23,65535,231,0
144.275792,51,55,52,100,22,65535,231,0
144.377772,51,55,52,100,21,65535,231,0
144.479621,51,55,52,100,25,65535,231,0
144.581038,51,57,52,100,24,65535,231,0
144.682922,51,56,52,100,24,65535,232,0
144.784668,51,57,52,100,21,65535,232,0
144.886658,51,57,52,100,22,65535,232,0
144.988679,51,55,52,100,21,65535,232,0
145.090250,50,57,52,100,23,65535,232,0
145.191920,51,55,52,100,20,65535,232,0
145.293834,51,55,52,100,20,65535,232,0
145.395842,51,55,52,100,22,65535,232,0
145.497886,51,55,52,100,24,65535,232,0
145.599855,51,55,52,100,22,65535,232,0
145.701673,51,56,52,100,21,65535,232,0
145.803283,51,55,52,100,20,65535,232,0
145.904877,51,55,52,100,20,65535,232,0
146.006946,51,55,52,100,22,65535,232,0
146.108951,51,55,52,100,23,65535,231,0
146.210697,51,55,52,100,22,65535,231,0
146.312238,51,55,52,100,19,65535,231,0
146.413866,51,57,52,100,26,65535,232,0
146.515930,51,57,52,100,24,65535,232,0
146.617903,51,56,52,100,22,65535,232,0
146.719701,51,56,52,100,23,65535,232,0
146.821280,51,55,52,100,22,65535,232,0
146.922920,51,55,52,100,21,65535,232,0
147.024986,51,55,52,100,22,65535,232,0
147.126922,51,55,52,100,21,65535,231,0
147.228398,50,55,52,100,21,65535,231,0
147.330138,51,55,52,100,28,65535,231,0
147.431935,51,56,52,100,24,65535,232,0
147.533984,51,55,52,100,23,65535,232,0
147.635975,51,55,52,100,21,65535,232,0
147.737432,51,55,52,100,22,65535,232,0
147.839077,51,55,52,100,22,65535,232,0
147.940952,51,57,52,100,23,65535,232,0
148.043021,51,56,52,100,22,65535,232,0
148.144974,51,55,52,100,22,65535,232,0
148.247049,51,55,52,100,16,65535,232,0
148.348821,51,56,52,100,26,65535,232,0
148.450475,51,56,52,100,23,65535,232,0
148.551990,51,56,52,100,24,65535,232,0
148.653992,51,55,52,100,22,65535,232,0
148.755999,51,55,52,100,20,65535,232,0
148.857817,51,55,52,100,20,65535,232,0
148.959444,51,55,52,100,21,65535,232,0
149.061017,51,55,52,100,21,65535,232,0
149.163021,51,55,52,100,21,65535,231,0
149.265091,51,55,52,100,22,65535,231,0
149.366862,51,55,52,100,22,65535,231,0
149.468441,50,55,52,100,21,65535,231,0
149.570041,51,55,52,100,22,65535,231,0
149.672048,51,55,52,100,21,65535,232,0
149.774017,51,55,52,100,21,65535,231,0
149.875843,51,55,52,100,20,65535,231,0
149.977450,51,55,52,100,21,65535,231,0
150.079060,51,55,52,100,20,65535,231,0
150.181130,51,55,52,100,24,65535,231,0
150.283068,51,56,52,100,22,65535,231,0
150.384578,51,55,52,100,21,65535,231,0
150.486304,51,55,52,100,20,65535,231,0
150.588045,51,55,52,100,20,65535,231,0
150.690117,51,55,52,100,20,65535,231,0
150.792093,51,55,52,100,21,65535,231,0
150.894166,51,55,52,100,20,65535,231,0
150.995927,51,55,52,100,21,65535,231,0
151.097581,51,55,52,100,14,65535,231,0
151.199112,51,55,52,100,26,65535,231,0
151.301185,51,56,52,100,22,65535,231,0
151.403128,51,55,52,100,21,65535,231,0
151.504960,51,55,52,100,22,65535,231,0
151.606606,51,55,52,100,23,65535,231,0
151.708131,51,55,52,100,21,65535,231,0
151.810164,51,55,52,100,23,65535,231,0
151.912145,51,55,52,100,22,65535,231,0
152.013963,51,55,52,100,22,65535,231,0
152.115580,51,56,52,100,26,65535,232,0
152.217161,51,56,52,100,23,65535,232,0
152.319227,51,57,52,100,23,65535,232,0
152.421167,51,56,52,100,22,65535,232,0
152.522993,51,56,52,100,21,65535,232,0
152.624611,51,57,52,100,22,65535,232,0
152.726184,51,56,52,100,19,65535,232,0
152.828189,50,55,52,100,20,65535,232,0
152.930219,51,55,52,100,22,65535,232,0
153.031992,51,55,52,100,20,65535,232,0
153.133543,51,56,52,100,23,65535,232,0
153.235206,51,56,52,100,23,65535,232,0
153.337270,51,55,52,100,22,65535,232,0
153.439212,51,55,52,100,22,65535,232,0
153.541049,51,55,52,100,22,65535,232,0
153.642581,52,55,52,100,22,65535,232,0
153.744226,51,55,52,100,22,65535,232,0
153.846235,51,55,52,100,24,65535,232,0
153.948207,52,55,52,100,20,65535,232,0
154.049730,51,57,52,100,25,65535,232,0
154.151402,51,57,52,100,23,65535,232,0
154.253236,51,57,52,100,21,65535,232,0
154.355310,51,55,52,100,21,65535,232,0
154.457257,51,55,52,100,21,65535,232,0
154.558753,51,55,52,100,23,65535,232,0
154.660473,51,55,52,100,22,65535,232,0
154.762235,51,55,52,100,22,65535,232,0
154.864297,51,55,52,100,20,65535,232,0
154.966278,51,55,52,100,22,65535,231,0
155.068310,52,56,52,100,22,65535,232,0
155.170104,51,57,52,100,23,65535,232,0
155.272119,51,57,52,100,22,65535,232,0
155.374106,51,55,52,100,21,65535,232,0
155.476119,51,55,52,100,21,65535,232,0
155.577542,50,55,52,100,23,65535,232,0
155.679399,51,55,52,100,22,65535,232,0
155.781297,51,55,52,100,21,65535,232,0
155.883377,50,55,52,100,17,65535,231,0
155.985330,51,57,52,100,26,65535,232,0
156.087400,51,56,52,100,26,65535,232,0
156.189168,51,57,52,100,23,65535,232,0
156.290776,51,56,52,100,22,65535,232,0
156.392346,51,57,52,100,22,65535,232,0
156.494349,51,56,52,100,21,65535,232,0
156.596326,51,55,52,100,20,65535,232,0
156.698146,51,55,52,100,21,65535,232,0
156.799772,51,55,52,100,21,65535,232,0
156.901370,51,56,52,100,26,65535,232,0
157.003438,51,57,52,100,24,65535,232,0
157.105379,51,55,52,100,20,65535,232,0
157.206885,51,55,52,100,21,65535,232,0
157.308626,51,55,52,100,22,65535,232,0
157.410354,51,55,52,100,19,65535,232,0
157.512426,50,55,52,100,20,65535,232,0
157.614396,51,55,52,100,18,65535,232,0
157.715897,51,55,52,100,19,65535,231,0
157.817441,51,55,52,100,25,65535,231,0
157.919401,51,55,52,100,24,65535,231,0
158.021471,50,57,52,100,24,65535,232,0
158.123422,51,56,52,100,22,65535,232,0
158.225505,51,55,52,100,23,65535,232,0
158.327268,51,55,52,100,23,65535,232,0
158.428924,51,55,52,100,21,65535,232,0
158.530438,52,55,52,100,22,65535,232,0
158.632478,51,55,52,100,22,65535,231,0
158.734461,51,55,52,100,18,65535,231,0
158.836270,51,55,52,100,26,65535,231,0
158.937889,51,56,52,100,24,65535,232,0
159.039465,51,56,52,100,25,65535,232,0
159.141535,51,56,52,100,21,65535,232,0
159.243473,51,57,52,100,20,65535,232,0
159.345306,51,55,52,100,19,65535,232,0
159.446901,51,55,52,100,19,65535,232,0
159.548467,52,55,52,100,19,65535,232,0
159.650472,51,55,52,100,21,65535,232,0
159.752521,51,57,52,100,24,65535,232,0
159.854315,51,55,52,100,20,65535,232,0
159.955907,51,55,52,100,20,65535,232,0
160.057501,52,55,52,100,20,65535,232,0
160.159582,51,55,52,100,20,65535,231,0
160.261585,51,55,52,100,20,65535,231,0
160.363356,51,55,52,100,26,65535,231,0
160.464936,49,55,52,100,0,65535,229,0
160.566512,46,53,52,0,0,65535,221,0
160.668567,47,52,52,0,0,65535,213,0
160.770540,45,52,52,0,0,65535,205,0
160.872015,46,52,52,0,0,65535,198,0
160.973747,45,52,52,0,0,65535,192,0
161.075543,45,51,52,0,0,65535,186,0
161.177617,45,51,52,0,0,65535,180,0
161.279565,45,51,52,0,0,65535,174,0
161.381651,45,51,52,0,0,65535,169,0
161.483418,45,51,52,0,0,65535,164,0
161.585581,45,51,52,0,0,65535,160,0
161.687585,44,52,52,0,0,65535,155,0
161.789658,44,50,52,0,0,65535,151,0
161.891073,44,50,52,0,0,65535,148,0
161.992780,44,50,52,0,0,65535,144,0
162.094592,44,50,52,0,0,65535,141,0
162.196575,44,50,52,0,0,65535,138,0
162.298657,45,50,52,0,0,65535,135,0
162.400618,44,50,52,0,0,65535,132,0
162.502430,44,50,52,0,0,65535,130,0
162.604064,44,50,52,0,0,65535,127,0
162.705630,43,50,52,0,0,65535,125,0
162.807698,44,50,52,0,0,65535,123,0
162.909639,44,50,52,0,0,65535,121,0
163.011468,43,50,52,0,0,65535,119,0
163.113007,43,49,52,0,0,65535,117,0
163.214632,43,49,52,0,0,65535,116,0
163.316472,43,49,52,0,0,65535,114,0
163.418081,43,49,52,0,0,65535,113,0
163.519723,43,49,52,0,0,65535,111,0
163.621517,44,49,52,0,0,65535,110,0
163.723076,43,49,52,0,0,65535,109,0
163.824680,43,49,52,0,0,65535,108,0
163.926685,43,49,52,0,0,65535,107,0
164.028165,42,49,52,0,0,65535,106,0
164.129918,43,49,52,0,0,65535,105,0
164.231743,43,49,52,0,0,65535,104,0
164.333706,42,49,52,0,0,65535,103,0
164.435702,43,49,52,0,0,65535,102,0
164.537215,43,49,52,0,0,65535,101,0
164.638925,43,49,52,0,0,65535,101,0
164.740717,42,49,52,0,0,65535,100,0
164.842760,43,49,52,0,0,65535,100,0
164.944728,43,49,52,0,0,65535,99,0
165.046801,42,49,52,0,0,65535,98,0
165.148565,43,49,52,0,0,65535,98,0
165.250222,42,49,52,0,0,65535,98,0
165.351752,42,49,52,0,0,65535,97,0
165.453750,42,49,52,0,0,65535,97,0
165.895276,42,49,52,0,1,65535,96,0
