timestamp,"amd_smi:::temp_current_sensor=1:device=1","amd_smi:::temp_current_sensor=2:device=1","amd_smi:::temp_current_sensor=7:device=1","amd_smi:::gfx_activity:device=1","amd_smi:::umc_activity:device=1","amd_smi:::power_current:device=1","amd_smi:::power_average:device=1","amd_smi:::process_cu_occupancy_proc=0:device=1","amd_smi:::process_count:device=1"
0.003239,37,48,32,38,0,65535,39,0,1
0.105929,38,47,32,6,1,65535,40,0,1
0.208962,37,47,32,6,1,65535,42,0,1
0.311829,37,47,32,6,1,65535,43,0,1
0.414966,38,47,32,6,1,65535,44,0,1
0.518064,38,48,32,6,1,65535,45,0,1
0.621135,38,47,32,0,0,65535,46,0,1
0.724130,37,47,32,0,0,65535,45,0,1
0.827147,37,47,32,0,0,65535,45,0,1
0.930151,37,47,32,0,0,65535,45,0,1
1.032986,37,47,32,0,0,65535,44,0,1
1.136104,37,47,32,0,0,65535,44,0,1
1.239274,37,47,32,0,0,65535,44,0,1
1.342155,37,47,32,0,0,65535,43,0,1
1.445165,37,47,32,0,0,65535,43,0,1
1.547682,37,47,32,0,0,65535,43,0,1
1.650284,37,47,32,0,0,65535,42,0,1
1.752984,38,48,32,0,0,65535,42,0,1
1.856133,37,47,32,0,0,65535,42,0,1
1.959222,37,47,32,0,0,65535,42,0,1
2.061986,37,47,32,0,0,65535,41,0,1
2.164953,37,47,32,0,0,65535,41,0,1
2.267499,37,48,32,0,0,65535,41,0,1
2.370275,37,47,32,0,0,65535,41,0,1
2.473240,37,47,32,0,0,65535,41,0,1
2.576193,37,47,32,0,0,65535,41,0,1
2.679202,37,47,32,0,0,65535,40,0,1
2.782213,37,47,32,0,0,65535,40,0,1
2.884487,37,47,32,0,0,65535,40,0,1
2.987304,38,47,32,0,0,65535,40,0,1
3.090022,37,47,32,0,0,65535,40,0,1
3.192952,37,47,32,0,0,65535,40,0,1
3.295977,37,47,32,0,0,65535,40,0,1
3.398986,37,48,32,0,0,65535,40,0,1
3.501513,38,48,32,0,0,65535,40,0,1
3.604303,37,47,32,0,0,65535,40,0,1
3.707213,37,47,32,0,0,65535,40,0,1
3.810231,38,47,32,0,0,65535,39,0,1
3.913406,37,47,32,0,0,65535,39,0,1
4.016203,37,47,32,0,0,65535,39,0,1
4.118480,38,47,32,0,0,65535,39,0,1
4.221013,37,47,32,0,0,65535,39,0,1
4.323784,38,47,32,0,0,65535,39,0,1
4.426780,37,47,32,0,0,65535,39,0,1
4.529144,37,47,32,0,0,65535,39,0,1
4.631792,37,47,32,0,0,65535,39,0,1
4.734792,37,48,32,0,0,65535,39,0,1
4.837801,37,47,32,0,0,65535,39,0,1
4.940801,37,48,32,0,0,65535,39,0,1
5.043851,41,48,32,100,17,65535,43,78,1
5.146853,43,51,32,100,15,65535,53,90,1
5.249847,44,52,32,100,32,65535,63,99,1
5.352294,45,51,32,100,28,65535,72,74,1
5.454604,45,51,32,100,22,65535,80,92,1
5.557114,45,52,32,100,32,65535,89,85,1
5.659878,45,52,32,100,23,65535,96,83,1
5.762878,46,53,32,100,28,65535,103,82,1
5.865870,46,53,32,100,30,65535,110,74,1
5.968875,46,52,32,100,24,65535,116,87,1
6.071884,46,54,32,100,26,65535,122,78,1
6.174881,47,53,32,100,25,65535,127,72,1
6.277914,46,52,32,99,30,65535,131,94,1
6.380333,47,53,32,100,32,65535,136,81,1
6.482909,47,54,32,100,25,65535,141,81,1
6.585897,47,53,32,100,29,65535,145,82,1
6.688908,47,53,32,100,25,65535,149,75,1
6.791908,47,54,32,100,23,65535,152,84,1
6.894937,47,54,32,100,32,65535,155,86,1
6.997378,48,54,32,100,27,65535,159,75,1
7.099689,48,54,32,100,27,65535,162,87,1
7.202168,48,55,32,100,24,65535,164,82,1
7.304927,48,54,32,100,23,65535,167,73,1
7.407906,48,54,32,100,25,65535,169,76,1
7.510721,48,54,32,100,23,65535,171,75,1
7.613929,47,53,32,96,26,65535,172,92,1
7.716938,49,54,32,100,34,65535,175,86,1
7.819943,49,55,33,100,29,65535,177,81,1
7.922947,49,55,32,100,27,65535,180,88,1
8.025928,49,56,32,100,27,65535,181,83,1
8.128924,49,55,32,100,27,65535,183,84,1
8.231206,49,55,32,100,27,65535,184,77,1
8.333963,49,56,32,100,24,65535,186,72,1
8.436941,49,55,32,100,23,65535,187,75,1
8.540238,47,55,32,14,1,65535,187,92,1
8.642592,49,55,32,100,33,65535,189,78,1
8.745223,49,56,32,100,26,65535,190,76,1
8.847348,50,55,32,100,27,65535,191,73,1
8.950474,49,55,32,100,26,65535,192,71,1
9.052589,49,54,32,100,18,65535,192,75,1
9.154996,50,54,33,100,19,65535,192,74,1
9.257372,50,55,33,100,21,65535,193,77,1
9.360000,50,54,32,100,17,65535,193,69,1
9.462792,50,54,32,100,16,65535,193,73,1
9.565820,50,55,32,100,29,65535,193,90,1
9.668291,50,55,33,100,23,65535,194,71,1
9.770995,50,55,33,100,17,65535,194,76,1
9.873803,50,55,33,100,25,65535,194,67,1
9.976687,50,55,32,100,19,65535,195,67,1
10.079263,50,55,32,100,21,65535,195,79,1
10.181814,50,56,32,100,22,65535,195,69,1
10.284694,51,55,33,100,18,65535,195,80,1
10.387702,50,55,33,100,22,65535,195,82,1
10.490757,50,56,32,100,25,65535,196,79,1
10.593693,51,56,32,100,26,65535,196,80,1
10.696316,51,56,33,100,30,65535,197,81,1
10.798841,51,57,33,100,31,65535,198,77,1
10.901701,51,56,33,100,25,65535,199,69,1
11.004682,51,56,33,100,27,65535,199,78,1
11.107710,51,56,33,100,22,65535,199,74,1
11.210710,51,56,33,100,20,65535,199,75,1
11.313310,51,56,33,100,24,65535,199,83,1
11.416095,52,57,33,100,22,65535,200,84,1
11.518770,52,57,33,100,31,65535,200,89,1
11.621719,51,57,33,100,28,65535,201,82,1
11.724709,52,57,33,100,24,65535,201,76,1
11.827325,52,57,33,100,27,65535,202,78,1
11.929865,52,57,33,100,26,65535,202,77,1
12.032722,52,57,33,100,25,65535,202,75,1
12.135729,52,57,33,100,26,65535,202,80,1
12.238719,52,58,33,100,26,65535,203,87,1
12.341790,52,57,33,100,28,65535,203,90,1
12.444349,52,58,33,100,31,65535,203,87,1
12.546865,53,58,33,100,28,65535,204,90,1
12.649750,52,58,33,100,27,65535,205,91,1
12.752731,52,58,33,100,26,65535,205,80,1
12.855737,53,58,33,100,27,65535,205,80,1
12.958368,53,58,33,100,26,65535,205,77,1
13.060872,53,59,33,100,27,65535,205,75,1
13.163751,53,58,33,100,26,65535,205,80,1
13.266828,53,58,33,100,27,65535,205,84,1
13.369762,53,58,33,100,29,65535,206,88,1
13.472740,53,58,33,100,29,65535,206,78,1
13.575475,53,58,33,100,28,65535,206,76,1
13.677927,53,58,33,100,29,65535,207,81,1
13.780461,54,58,33,100,27,65535,207,79,1
13.884869,54,58,33,100,25,65535,207,82,1
13.987389,53,58,33,100,27,65535,207,80,1
14.090657,54,58,33,100,27,65535,207,76,1
14.193185,54,59,33,100,31,65535,207,85,1
14.295507,54,59,33,100,30,65535,207,86,1
14.397954,54,59,33,100,30,65535,208,87,1
14.500763,54,59,33,100,28,65535,208,82,1
14.603503,54,59,33,100,27,65535,208,73,1
14.705948,54,59,33,100,26,65535,208,69,1
14.808753,54,59,33,100,24,65535,208,77,1
14.911732,54,59,33,100,23,65535,208,80,1
15.014657,55,59,33,100,25,65535,207,81,1
15.117205,54,59,33,100,28,65535,207,73,1
15.219776,55,60,33,100,25,65535,207,85,1
15.322679,55,59,33,100,30,65535,207,79,1
15.425215,55,59,33,100,24,65535,207,73,1
15.527791,55,59,33,100,26,65535,207,70,1
15.630685,55,59,33,100,23,65535,207,74,1
15.733219,55,59,33,100,25,65535,207,78,1
15.835785,55,59,33,100,24,65535,206,74,1
15.938687,54,59,33,100,23,65535,206,80,1
16.041245,55,60,33,100,21,65535,206,84,1
16.143792,55,59,33,100,25,65535,206,83,1
16.246694,55,59,33,100,24,65535,206,64,1
16.349723,55,59,33,100,22,65535,206,75,1
16.452736,55,59,33,100,22,65535,206,76,1
16.555721,55,59,33,100,20,65535,205,80,1
16.658695,56,59,33,100,20,65535,205,85,1
16.761694,56,60,33,100,21,65535,205,74,1
16.864719,55,60,33,100,22,65535,205,78,1
16.967759,56,60,33,100,31,65535,204,90,1
17.070716,56,61,33,100,26,65535,205,87,1
17.173722,56,60,33,100,27,65535,205,82,1
17.276717,56,60,33,100,26,65535,205,78,1
17.379605,56,60,33,100,23,65535,205,79,1
17.481991,56,60,33,100,21,65535,205,76,1
17.584818,56,60,33,100,22,65535,205,75,1
17.687719,56,60,33,100,25,65535,205,68,1
17.790784,56,60,33,100,20,65535,205,74,1
17.893642,56,60,33,100,30,65535,204,70,1
17.996006,56,60,33,100,27,65535,204,74,1
18.098834,57,61,33,100,25,65535,205,87,1
18.201743,56,61,33,100,25,65535,205,88,1
18.304734,57,61,33,100,26,65535,205,87,1
18.407810,57,61,33,100,27,65535,206,83,1
18.510646,57,61,33,100,28,65535,206,80,1
18.613316,57,61,33,100,26,65535,206,78,1
18.715851,57,61,33,100,28,65535,206,77,1
18.818859,56,61,33,100,33,65535,206,82,1
18.921757,57,61,33,100,29,65535,207,82,1
19.024742,57,61,33,100,29,65535,207,82,1
19.127590,57,62,33,100,28,65535,207,78,1
19.229967,57,61,33,100,29,65535,207,77,1
19.332788,58,62,33,100,27,65535,207,82,1
19.435780,58,61,33,100,28,65535,207,87,1
19.538740,57,62,33,100,26,65535,207,86,1
19.641604,58,62,33,100,27,65535,208,78,1
19.744379,57,61,33,99,28,65535,207,64,1
19.846677,58,62,33,100,28,65535,207,82,1
19.949017,57,62,33,100,33,65535,208,85,1
20.051751,58,62,33,100,31,65535,208,80,1
20.154872,59,62,33,100,29,65535,209,80,1
20.257763,58,62,33,100,28,65535,209,85,1
20.360870,58,62,33,100,26,65535,209,79,1
20.463807,58,62,33,100,25,65535,209,81,1
20.566777,58,63,33,100,27,65535,209,77,1
20.669841,58,61,33,99,28,65535,208,93,1
20.772395,59,62,33,100,21,65535,208,84,1
20.874890,58,62,33,100,27,65535,208,86,1
20.977410,59,63,33,100,28,65535,209,82,1
21.079878,59,62,33,100,28,65535,209,78,1
21.182414,59,62,33,100,25,65535,209,80,1
21.284852,59,62,33,100,25,65535,209,86,1
21.387421,59,63,33,100,28,65535,209,84,1
21.489661,59,62,33,100,25,65535,209,78,1
21.592149,58,62,33,95,25,65535,208,84,1
21.694639,59,62,33,100,25,65535,208,83,1
21.796978,59,62,33,100,27,65535,208,80,1
21.899441,59,63,33,100,23,65535,208,77,1
22.001909,59,62,33,100,23,65535,208,86,1
22.104440,59,62,33,100,24,65535,208,84,1
22.206880,59,63,33,100,24,65535,208,73,1
22.309781,59,63,33,100,25,65535,208,82,1
22.412440,59,63,33,100,25,65535,208,86,1
22.514971,60,62,33,95,23,65535,208,0,1
22.617802,60,63,33,100,32,65535,207,83,1
22.720954,60,63,33,100,32,65535,208,81,1
22.823813,60,63,33,100,26,65535,208,74,1
22.926811,59,63,33,100,23,65535,208,86,1
23.029460,60,63,33,100,24,65535,208,78,1
23.131941,60,63,33,100,22,65535,207,73,1
23.234832,60,63,33,100,22,65535,207,72,1
23.337783,60,62,33,100,20,65535,207,65,1
23.440825,60,63,33,100,20,65535,206,74,1
23.543877,60,64,33,100,30,65535,206,91,1
23.646837,60,63,33,100,34,65535,207,89,1
23.749477,60,64,33,100,31,65535,207,84,1
23.852510,61,64,33,100,28,65535,208,81,1
23.954975,60,64,33,100,27,65535,208,72,1
24.057797,60,64,33,100,26,65535,208,79,1
24.160844,61,64,33,100,26,65535,208,77,1
24.263854,60,64,33,100,25,65535,208,86,1
24.366316,61,63,33,100,28,65535,208,79,1
24.468915,61,64,33,100,31,65535,208,76,1
24.571859,61,64,33,100,31,65535,209,80,1
24.674859,61,64,33,100,30,65535,209,88,1
24.777239,61,64,33,100,23,65535,209,77,1
24.879858,61,64,33,100,26,65535,209,77,1
24.982867,61,64,33,100,25,65535,209,80,1
25.085886,61,64,33,100,22,65535,209,85,1
25.188887,61,64,33,100,23,65535,208,83,1
25.291887,61,64,33,100,21,65535,208,74,1
25.394923,61,64,33,100,23,65535,208,89,1
25.497889,61,64,33,100,30,65535,208,79,1
25.600324,61,64,33,100,23,65535,208,81,1
25.702850,61,64,33,100,25,65535,208,77,1
25.805829,61,65,33,100,26,65535,208,77,1
25.908832,61,64,33,100,21,65535,208,75,1
26.011841,61,64,33,100,22,65535,208,73,1
26.114139,61,64,33,100,20,65535,208,76,1
26.216930,61,64,33,100,20,65535,207,71,1
26.319900,62,64,33,100,24,65535,207,89,1
26.422900,62,64,33,100,32,65535,207,87,1
26.525854,62,64,33,100,29,65535,208,71,1
26.628299,61,64,33,100,24,65535,208,80,1
26.730882,61,65,33,100,25,65535,208,78,1
26.833875,62,64,33,100,23,65535,208,78,1
26.936878,62,64,33,100,24,65535,208,75,1
27.039871,62,64,33,100,20,65535,208,68,1
27.142877,62,65,33,100,23,65535,207,69,1
27.245425,62,64,33,100,24,65535,207,78,1
27.347892,62,64,33,100,25,65535,207,72,1
27.450889,62,64,33,100,23,65535,207,70,1
27.553893,62,64,33,100,21,65535,207,76,1
27.656836,62,64,33,100,21,65535,206,84,1
27.759276,63,64,33,100,20,65535,206,75,1
27.861901,62,64,33,100,22,65535,206,75,1
27.964906,62,64,33,100,21,65535,206,69,1
28.067848,63,64,33,100,21,65535,205,74,1
28.170936,63,64,33,100,22,65535,205,77,1
28.273906,62,65,33,100,28,65535,205,90,1
28.377306,63,65,33,100,32,65535,206,79,1
28.479966,63,66,33,100,22,65535,206,83,1
28.582194,63,65,33,100,26,65535,206,85,1
28.684336,63,65,33,100,24,65535,206,74,1
28.786700,63,64,33,100,21,65535,206,76,1
28.889063,63,64,33,100,22,65535,206,82,1
28.991382,63,64,33,100,21,65535,206,70,1
29.093956,63,65,33,100,25,65535,206,69,1
29.196193,63,65,33,100,27,65535,206,81,1
29.298404,63,65,33,100,33,65535,206,79,1
29.400956,63,65,34,100,27,65535,207,80,1
29.503195,63,65,33,100,29,65535,207,86,1
29.606052,63,65,33,100,28,65535,208,85,1
29.708254,63,65,33,100,26,65535,208,73,1
29.811063,63,66,33,100,23,65535,208,75,1
29.913240,63,65,33,100,24,65535,208,78,1
30.016032,64,65,33,100,24,65535,208,82,1
30.118928,63,66,33,100,27,65535,208,74,1
30.221176,63,65,34,100,25,65535,208,85,1
30.324072,63,66,34,100,25,65535,208,77,1
30.426235,64,65,33,100,25,65535,208,71,1
30.529060,63,65,33,100,27,65535,208,76,1
30.632311,64,66,34,100,23,65535,208,65,1
30.735458,64,66,33,100,23,65535,208,77,1
30.838048,64,66,33,100,23,65535,208,77,1
30.940462,63,66,34,100,29,65535,208,77,1
31.043014,64,66,33,100,28,65535,208,79,1
31.145216,64,66,34,100,25,65535,209,83,1
31.247422,64,66,34,100,23,65535,209,87,1
31.349792,65,66,33,100,24,65535,209,86,1
31.452454,65,66,34,100,27,65535,209,71,1
31.555031,64,66,34,100,23,65535,209,76,1
31.657801,64,66,33,100,25,65535,209,81,1
31.760785,64,66,34,100,23,65535,209,75,1
31.863822,64,66,34,99,32,65535,209,81,1
31.966790,65,67,34,100,26,65535,209,82,1
32.069815,65,67,34,100,25,65535,209,79,1
32.172819,65,66,34,100,23,65535,209,81,1
32.275831,65,66,34,100,22,65535,209,75,1
32.378823,65,65,34,100,20,65535,208,71,1
32.481829,65,66,34,100,20,65535,208,74,1
32.584827,65,65,33,100,20,65535,207,66,1
32.687831,65,66,33,100,20,65535,207,68,1
32.790857,65,65,33,99,29,65535,206,88,1
32.893844,65,66,34,100,34,65535,206,74,1
32.996844,65,67,33,100,25,65535,207,87,1
33.099236,65,67,33,100,30,65535,207,74,1
33.202096,65,68,34,100,23,65535,207,69,1
33.304864,65,66,34,100,22,65535,207,83,1
33.407862,65,67,33,100,24,65535,207,78,1
33.510867,65,66,34,100,22,65535,207,73,1
33.613865,66,66,34,100,23,65535,207,67,1
33.716891,65,66,34,99,27,65535,206,63,1
33.819904,66,68,34,100,30,65535,206,77,1
33.923120,66,67,34,100,30,65535,207,80,1
34.026042,66,67,34,100,32,65535,208,84,1
34.128609,66,67,34,100,31,65535,208,83,1
34.231125,66,67,34,100,30,65535,209,84,1
34.333901,66,67,34,100,31,65535,209,78,1
34.436901,66,67,34,100,27,65535,210,75,1
34.539308,66,67,34,100,24,65535,210,86,1
34.642194,65,67,34,99,28,65535,209,87,1
34.744904,66,67,34,100,22,65535,209,52,1
34.847885,66,67,34,100,28,65535,209,90,1
34.950891,66,68,34,100,29,65535,210,82,1
35.054844,66,68,34,100,28,65535,210,82,1
35.158026,66,67,34,100,25,65535,210,79,1
35.261048,66,67,34,100,26,65535,210,79,1
35.363927,66,67,34,100,25,65535,210,81,1
35.466729,66,67,34,100,24,65535,210,80,1
35.569655,64,67,34,75,17,65535,210,82,1
35.672609,66,67,34,100,27,65535,210,90,1
35.775191,66,68,34,100,29,65535,210,79,1
35.877935,66,68,34,100,26,65535,210,79,1
35.980703,66,68,34,100,25,65535,210,80,1
36.083613,66,67,34,100,23,65535,210,78,1
36.185961,67,68,34,100,26,65535,210,76,1
36.288337,67,68,34,100,26,65535,210,76,1
36.390621,67,67,34,100,22,65535,210,83,1
36.493305,67,68,34,100,24,65535,210,0,1
36.595993,67,69,34,100,31,65535,210,87,1
36.698368,67,68,34,100,28,65535,210,81,1
36.800995,67,68,34,100,27,65535,210,86,1
36.903774,67,68,34,100,28,65535,210,82,1
37.006665,67,68,34,100,23,65535,210,72,1
37.109270,67,68,34,100,24,65535,210,80,1
37.211974,67,68,34,100,22,65535,210,73,1
37.314763,67,68,34,100,21,65535,210,80,1
37.417702,67,67,34,100,21,65535,209,74,1
37.520761,67,68,34,100,28,65535,209,92,1
37.623273,67,68,34,100,25,65535,209,75,1
37.725791,67,68,34,100,21,65535,209,74,1
37.828668,67,68,34,100,27,65535,209,73,1
37.931269,67,68,34,100,22,65535,209,73,1
38.033996,67,68,34,100,24,65535,209,83,1
38.136769,68,68,34,100,24,65535,209,78,1
38.239693,68,69,34,100,21,65535,209,80,1
38.342687,67,68,34,100,24,65535,209,84,1
38.445756,67,69,34,100,25,65535,209,72,1
38.549681,68,68,34,100,29,65535,209,77,1
38.652082,67,69,34,100,30,65535,209,86,1
38.754532,68,69,34,100,28,65535,210,83,1
38.857058,68,70,34,100,30,65535,210,83,1
38.959407,68,69,34,100,30,65535,210,81,1
39.061679,68,70,34,100,26,65535,211,86,1
39.164637,68,69,34,100,30,65535,211,79,1
39.267082,68,70,34,100,26,65535,211,67,1
39.369870,68,68,34,100,20,65535,211,84,1
39.472695,68,69,34,100,33,65535,211,90,1
39.575706,68,69,34,100,28,65535,212,79,1
39.678664,68,69,34,100,29,65535,212,83,1
39.781111,68,70,34,100,31,65535,212,81,1
39.883791,69,69,34,100,25,65535,212,79,1
39.986735,69,69,34,100,28,65535,212,81,1
40.089713,68,69,34,100,27,65535,212,87,1
40.192661,68,69,34,100,25,65535,212,77,1
40.295378,68,68,34,100,27,65535,212,88,1
40.397832,68,69,34,100,29,65535,212,81,1
40.500721,68,69,34,100,27,65535,212,74,1
40.603635,68,69,34,100,25,65535,212,78,1
40.706252,69,69,34,100,25,65535,212,77,1
40.809459,69,69,34,100,26,65535,212,72,1
40.911900,69,69,34,100,27,65535,212,79,1
41.014388,69,69,34,100,23,65535,212,65,1
41.116846,69,70,34,100,24,65535,212,73,1
41.219803,69,69,34,100,32,65535,211,80,1
41.322914,69,69,34,100,27,65535,212,81,1
41.425775,68,70,34,100,27,65535,212,77,1
41.528679,68,70,34,100,23,65535,212,73,1
41.631655,68,69,34,100,26,65535,211,81,1
41.734690,69,70,34,100,24,65535,211,84,1
41.837674,69,69,34,100,20,65535,211,71,1
41.940508,69,69,34,100,23,65535,211,72,1
42.042947,69,68,34,100,20,65535,210,60,1
42.145856,69,69,34,100,23,65535,210,73,1
42.248767,69,69,34,100,24,65535,210,90,1
42.351687,69,69,34,100,30,65535,210,79,1
42.454534,68,70,34,100,23,65535,210,65,1
42.556958,69,70,34,100,23,65535,210,78,1
42.659784,69,69,34,100,23,65535,210,77,1
42.762712,69,69,34,100,22,65535,210,84,1
42.865685,69,69,34,100,24,65535,209,79,1
42.968666,69,69,34,100,20,65535,209,75,1
43.071244,69,70,34,100,24,65535,209,69,1
43.173805,69,69,34,100,23,65535,209,84,1
43.276714,69,70,34,100,31,65535,209,76,1
43.379727,69,71,34,100,24,65535,210,70,1
43.482697,69,69,34,100,25,65535,210,78,1
43.585669,69,69,34,100,23,65535,209,75,1
43.688497,69,70,34,100,19,65535,209,71,1
43.790913,69,69,34,100,21,65535,209,74,1
43.896191,69,69,34,100,22,65535,208,71,1
43.998683,69,69,34,100,19,65535,208,81,1
44.101597,69,69,34,100,26,65535,208,84,1
44.204591,69,69,34,100,28,65535,209,77,1
44.306946,69,69,34,100,22,65535,209,78,1
44.409735,70,69,34,100,25,65535,209,73,1
44.512607,69,69,34,100,24,65535,209,82,1
44.614843,69,69,34,100,22,65535,209,76,1
44.717620,69,69,34,100,23,65535,209,80,1
44.819854,70,70,34,100,23,65535,209,77,1
44.922554,69,70,34,100,29,65535,209,78,1
45.024837,69,71,34,100,25,65535,209,90,1
45.127626,70,70,34,100,23,65535,209,90,1
45.229862,70,71,34,100,25,65535,209,80,1
45.332633,70,70,34,100,25,65535,210,77,1
45.435562,69,71,34,100,27,65535,210,71,1
45.537837,70,70,34,100,27,65535,210,73,1
45.640567,70,70,34,100,25,65535,210,79,1
45.742841,70,70,34,100,25,65535,210,83,1
45.845713,70,70,34,100,31,65535,210,84,1
45.948300,70,70,34,100,29,65535,210,89,1
46.050594,70,70,34,100,28,65535,210,79,1
46.152963,70,70,34,100,27,65535,211,76,1
46.255719,70,71,34,100,26,65535,211,74,1
46.358845,70,70,34,100,22,65535,211,80,1
46.461673,70,71,34,100,24,65535,211,86,1
46.564350,70,70,34,100,22,65535,210,76,1
46.666852,70,70,34,100,22,65535,210,77,1
46.769802,70,69,34,99,33,65535,210,88,1
46.872762,70,70,34,100,30,65535,210,76,1
46.975855,70,71,34,100,25,65535,210,80,1
47.078688,70,71,34,100,30,65535,210,78,1
47.181374,70,70,34,100,24,65535,211,75,1
47.283854,70,70,34,100,24,65535,211,86,1
47.386774,70,70,34,100,23,65535,210,84,1
47.489875,70,70,34,100,21,65535,210,82,1
47.592722,70,70,34,100,25,65535,210,74,1
47.695671,69,70,34,99,28,65535,209,71,1
47.798018,70,70,34,100,28,65535,210,87,1
47.900730,70,72,34,100,27,65535,210,86,1
48.003737,70,70,34,100,26,65535,210,85,1
48.106908,70,71,34,100,25,65535,210,75,1
48.209730,70,71,34,100,24,65535,210,72,1
48.312398,70,71,34,100,23,65535,210,85,1
48.414894,70,70,34,100,24,65535,210,83,1
48.517791,70,71,34,100,22,65535,210,83,1
48.620812,69,69,34,99,26,65535,210,94,1
48.723440,70,70,34,100,29,65535,210,81,1
48.825877,70,71,34,100,25,65535,210,79,1
48.928728,70,71,34,100,31,65535,211,87,1
49.031780,70,71,34,100,29,65535,211,74,1
49.134944,70,71,34,100,30,65535,211,84,1
49.237458,70,71,34,100,28,65535,212,79,1
49.339878,70,72,34,100,23,65535,212,78,1
49.442797,70,70,34,100,23,65535,211,80,1
49.546136,70,70,34,5,1,65535,211,87,1
49.648719,71,70,34,100,29,65535,211,92,1
49.751216,70,72,34,100,27,65535,211,80,1
49.853818,71,72,34,100,27,65535,212,76,1
49.956824,70,70,34,100,24,65535,211,73,1
50.059783,70,70,34,100,20,65535,211,74,1
50.162826,70,71,34,100,20,65535,211,70,1
50.265285,70,70,34,100,21,65535,210,70,1
50.367817,70,70,34,100,18,65535,210,75,1
50.470840,71,70,34,100,20,65535,209,77,1
50.573821,71,70,34,100,33,65535,209,93,1
50.676838,71,71,34,100,33,65535,210,87,1
50.779316,71,71,34,100,31,65535,211,89,1
50.881832,71,71,34,100,31,65535,211,81,1
50.984854,71,71,34,100,29,65535,212,81,1
51.087864,71,72,34,100,25,65535,212,86,1
51.190787,71,71,34,100,27,65535,212,84,1
51.293254,71,71,34,100,22,65535,212,76,1
51.395844,71,70,34,100,22,65535,212,71,1
51.498898,70,71,34,100,31,65535,211,90,1
51.601885,71,71,34,100,34,65535,212,81,1
51.704889,71,72,34,100,27,65535,212,82,1
51.807334,71,71,34,100,27,65535,212,78,1
51.909851,71,72,34,100,25,65535,213,74,1
52.012861,71,71,34,100,25,65535,212,75,1
52.115825,71,71,34,100,22,65535,212,74,1
52.218822,70,70,34,100,19,65535,212,74,1
52.321827,71,71,34,100,21,65535,211,76,1
52.424392,71,71,34,100,20,65535,211,72,1
52.526869,71,70,34,100,24,65535,210,76,1
52.629894,71,70,34,100,19,65535,210,69,1
52.732933,71,70,34,100,21,65535,210,71,1
52.835902,71,70,34,100,22,65535,210,71,1
52.938320,71,70,34,100,20,65535,209,68,1
53.040859,70,70,34,100,22,65535,209,75,1
53.143868,71,71,34,100,23,65535,209,73,1
53.246860,71,70,34,100,20,65535,209,80,1
53.349971,70,71,34,100,19,65535,208,86,1
53.452967,71,71,34,100,31,65535,209,74,1
53.555636,71,72,34,100,26,65535,209,80,1
53.657988,71,71,34,100,26,65535,210,76,1
53.760975,71,71,34,100,23,65535,210,71,1
53.864140,71,71,34,100,22,65535,210,75,1
53.967089,71,72,34,100,23,65535,210,79,1
54.069433,71,72,34,100,23,65535,209,83,1
54.171890,71,72,34,100,25,65535,209,79,1
54.274999,71,72,34,100,23,65535,209,92,1
54.377991,71,71,34,100,30,65535,210,91,1
54.480916,71,71,34,100,27,65535,210,87,1
54.583861,71,71,34,100,28,65535,211,86,1
54.686305,71,71,34,100,29,65535,211,82,1
54.788914,71,71,34,100,28,65535,211,79,1
54.891880,71,71,34,100,27,65535,212,77,1
54.994893,71,71,34,100,25,65535,212,80,1
55.097892,71,72,34,100,23,65535,211,74,1
55.200428,71,71,34,100,32,65535,211,80,1
55.302933,71,71,34,100,28,65535,212,87,1
55.405900,71,72,34,100,30,65535,212,80,1
55.508913,71,73,34,100,27,65535,213,82,1
55.611720,71,72,34,100,26,65535,213,90,1
55.714208,71,72,34,100,27,65535,213,83,1
55.817051,71,72,34,100,26,65535,213,81,1
55.919970,71,72,34,100,25,65535,213,80,1
56.022932,71,71,34,100,25,65535,212,77,1
56.126004,71,71,34,100,29,65535,212,82,1
56.228947,71,71,34,100,29,65535,213,85,1
56.331745,71,71,34,100,29,65535,213,76,1
56.434080,68,70,34,100,0,65535,210,0,1
56.537227,63,68,34,0,0,65535,200,0,1
56.640175,63,67,34,0,0,65535,190,0,1
56.743225,62,67,34,0,0,65535,180,0,1
56.845722,62,67,34,0,0,65535,172,0,1
56.948177,62,67,34,0,0,65535,164,0,1
57.051240,62,66,34,0,0,65535,156,0,1
57.154197,61,66,34,0,0,65535,149,0,1
57.257252,62,67,34,0,0,65535,142,0,1
57.359742,61,66,34,0,0,65535,136,0,1
57.462469,61,67,34,0,0,65535,130,0,1
57.565308,61,65,34,0,0,65535,124,0,1
57.668026,61,65,34,0,0,65535,119,0,1
57.770990,61,66,34,0,0,65535,114,0,1
57.873995,61,65,34,0,0,65535,109,0,1
57.976770,61,65,34,0,0,65535,105,0,1
58.079441,61,65,34,0,0,65535,101,0,1
58.182264,61,66,34,0,0,65535,97,0,1
58.285214,60,66,34,0,0,65535,94,0,1
58.388276,60,66,34,0,0,65535,90,0,1
58.491234,61,64,34,0,0,65535,87,0,1
58.594280,60,64,34,0,0,65535,84,0,1
58.696537,60,64,34,0,0,65535,82,0,1
58.799171,60,64,34,0,0,65535,79,0,1
58.902041,60,64,34,0,0,65535,77,0,1
59.005043,60,64,34,0,0,65535,74,0,1
59.108044,60,65,34,0,0,65535,72,0,1
59.211040,60,64,34,0,0,65535,70,0,1
59.313508,59,64,34,0,0,65535,68,0,1
59.416266,59,64,34,0,0,65535,67,0,1
59.519340,59,65,34,0,0,65535,65,0,1
59.622247,59,64,34,0,0,65535,63,0,1
59.725347,59,65,34,0,0,65535,62,0,1
59.828244,59,63,34,0,0,65535,61,0,1
59.930841,59,63,34,0,0,65535,59,0,1
60.033493,59,63,34,0,0,65535,58,0,1
60.135833,59,63,34,0,0,65535,57,0,1
60.239054,59,63,34,0,0,65535,56,0,1
60.341354,59,63,34,0,0,65535,55,0,1
60.444265,59,63,34,0,0,65535,54,0,1
60.547370,59,63,34,0,0,65535,53,0,1
60.650260,58,63,34,0,0,65535,53,0,1
60.753362,58,63,34,0,0,65535,52,0,1
60.856265,58,63,34,0,0,65535,51,0,1
60.959395,58,63,34,0,0,65535,50,0,1
61.061886,58,63,34,0,0,65535,50,0,1
61.164288,58,63,34,0,0,65535,49,0,1
61.267410,58,63,34,0,0,65535,49,0,1
61.370269,57,63,34,0,0,65535,48,0,1
61.472569,62,63,34,100,19,65535,51,79,1
61.574948,64,67,34,100,21,65535,61,64,1
61.677921,65,66,34,100,31,65535,71,104,1
61.780280,65,67,34,100,32,65535,80,78,1
61.882955,66,68,34,100,22,65535,88,92,1
61.985753,66,67,34,100,31,65535,96,90,1
62.088761,66,68,34,100,30,65535,103,78,1
62.191655,66,69,34,100,28,65535,110,87,1
62.294212,66,68,34,100,31,65535,117,79,1
62.396753,67,68,34,100,25,65535,123,77,1
62.499649,67,69,34,100,27,65535,128,84,1
62.602220,67,68,34,100,27,65535,134,80,1
62.704781,67,68,34,100,24,65535,138,83,1
62.807663,66,68,34,100,26,65535,143,82,1
62.910240,67,68,34,100,24,65535,147,77,1
63.013019,67,69,34,100,28,65535,151,93,1
63.115804,67,68,34,100,30,65535,155,85,1
63.218677,67,70,34,100,27,65535,159,82,1
63.321672,67,69,34,100,32,65535,163,81,1
63.424272,67,70,34,100,27,65535,166,82,1
63.526799,67,69,34,100,30,65535,169,82,1
63.629692,68,70,34,100,29,65535,172,82,1
63.732690,68,70,34,100,29,65535,175,86,1
63.835727,67,68,34,100,28,65535,177,78,1
63.939033,67,69,34,100,30,65535,179,80,1
64.041779,68,69,34,100,31,65535,181,80,1
64.144685,68,69,34,100,28,65535,184,82,1
64.247680,68,69,34,100,26,65535,185,80,1
64.350689,68,69,34,100,22,65535,187,78,1
64.453692,68,68,34,100,25,65535,188,76,1
64.556698,68,68,34,100,22,65535,190,78,1
64.659682,68,69,34,100,23,65535,191,80,1
64.762405,68,68,34,100,23,65535,192,74,1
64.865108,68,68,34,100,23,65535,192,74,1
64.967764,68,69,34,100,29,65535,193,75,1
65.070707,68,69,34,100,26,65535,195,82,1
65.173636,68,69,34,100,28,65535,196,81,1
65.276083,68,69,34,100,28,65535,197,84,1
65.378804,68,69,34,100,23,65535,198,75,1
65.481717,68,69,34,100,23,65535,198,85,1
65.584624,68,69,34,100,25,65535,199,80,1
65.687127,68,69,34,100,24,65535,200,79,1
65.789838,68,69,34,100,27,65535,201,73,1
65.892729,68,69,34,100,25,65535,201,79,1
65.995669,69,69,34,100,25,65535,202,80,1
66.098130,69,69,34,100,22,65535,202,83,1
66.200802,69,70,34,100,22,65535,203,79,1
66.303729,69,70,34,100,21,65535,203,78,1
66.406650,69,69,34,100,22,65535,203,71,1
66.509150,69,69,34,100,21,65535,203,72,1
66.611802,69,70,34,100,21,65535,203,80,1
66.714796,68,70,34,100,15,65535,203,70,1
66.817745,68,69,34,100,25,65535,203,93,1
66.920657,69,70,34,100,24,65535,204,71,1
67.023165,69,69,34,100,19,65535,204,68,1
67.125747,69,70,34,100,22,65535,204,81,1
67.228667,69,69,34,100,25,65535,204,73,1
67.331177,69,69,34,100,20,65535,204,72,1
67.433754,69,70,34,100,22,65535,204,67,1
67.536680,69,69,34,100,21,65535,204,69,1
67.639728,69,69,34,100,25,65535,204,89,1
67.742673,69,69,34,100,26,65535,205,82,1
67.845198,69,69,34,100,30,65535,205,83,1
67.947760,69,69,34,100,24,65535,206,81,1
68.050818,69,69,34,100,26,65535,206,84,1
68.153696,69,70,34,100,26,65535,207,76,1
68.256688,69,69,34,100,24,65535,207,87,1
68.362106,69,69,34,100,26,65535,207,84,1
68.464755,69,69,34,100,23,65535,208,80,1
68.567578,69,71,34,100,35,65535,208,89,1
68.669818,70,70,34,100,31,65535,208,84,1
68.772871,69,70,34,100,27,65535,209,84,1
68.875728,69,70,34,100,25,65535,209,82,1
68.978731,69,70,34,100,23,65535,209,75,1
69.081737,69,69,34,100,22,65535,209,82,1
69.184748,69,69,34,100,24,65535,209,79,1
69.287688,69,69,34,100,22,65535,209,74,1
69.390594,70,70,34,100,23,65535,208,63,1
69.493540,69,70,34,100,37,65535,208,86,1
69.596245,69,70,34,100,25,65535,209,73,1
69.698778,69,70,34,100,24,65535,209,70,1
69.801705,70,69,34,100,24,65535,209,69,1
69.904618,70,69,34,100,20,65535,209,77,1
70.006978,70,69,35,100,24,65535,208,71,1
70.109533,70,69,34,100,24,65535,208,74,1
70.211935,69,70,34,100,25,65535,208,81,1
70.314712,69,71,34,100,22,65535,208,71,1
70.417989,69,69,34,100,35,65535,208,68,1
70.520818,70,70,34,100,28,65535,208,82,1
70.623558,70,70,34,100,29,65535,209,90,1
70.725946,69,70,35,100,32,65535,209,88,1
70.828719,70,70,34,100,29,65535,210,84,1
70.931648,70,70,35,100,29,65535,211,86,1
71.033877,70,72,34,100,32,65535,211,79,1
71.136650,70,70,34,100,28,65535,211,84,1
71.238872,70,70,35,100,28,65535,212,87,1
71.341595,70,70,35,99,32,65535,212,89,1
71.443970,69,71,35,100,29,65535,212,88,1
71.546801,70,71,34,100,28,65535,213,86,1
71.649769,70,70,34,100,25,65535,213,83,1
71.752838,70,70,35,100,25,65535,213,84,1
71.855779,70,70,34,100,26,65535,213,83,1
71.958361,70,71,35,100,27,65535,213,83,1
72.060852,70,70,35,100,26,65535,213,78,1
72.163757,70,71,34,100,26,65535,213,75,1
72.266799,70,70,35,99,30,65535,212,89,1
72.369761,70,72,35,100,29,65535,212,94,1
72.472620,70,71,35,100,31,65535,213,83,1
72.575148,70,71,35,100,27,65535,213,83,1
72.677640,70,71,35,100,29,65535,214,88,1
72.780358,70,72,35,100,30,65535,214,84,1
72.882849,70,71,35,100,29,65535,214,87,1
72.985765,70,71,35,100,28,65535,214,78,1
73.088893,70,71,35,100,27,65535,214,80,1
73.191820,70,71,35,99,31,65535,213,85,1
73.294746,70,71,35,100,31,65535,214,79,1
73.397897,71,71,34,100,27,65535,214,86,1
73.500423,70,71,35,100,29,65535,214,81,1
73.602884,71,71,35,100,24,65535,214,75,1
73.705780,70,72,35,100,27,65535,214,83,1
73.808978,70,72,35,100,26,65535,214,76,1
73.913949,71,70,35,100,23,65535,213,80,1
74.016777,70,70,35,100,23,65535,213,77,1
74.119837,69,71,35,90,24,65535,212,89,1
74.222784,70,71,35,100,31,65535,213,80,1
74.325959,70,71,35,100,30,65535,213,86,1
74.428807,71,71,35,100,30,65535,213,84,1
74.531758,71,71,35,100,26,65535,213,79,1
74.634789,70,71,35,100,27,65535,213,85,1
74.737761,70,71,35,100,26,65535,213,81,1
74.840794,71,71,35,100,24,65535,213,86,1
74.943807,71,71,35,100,26,65535,213,87,1
75.047047,70,71,35,11,3,65535,213,91,1
75.149766,71,71,35,100,33,65535,213,85,1
75.252814,71,71,35,100,31,65535,214,86,1
75.355821,71,71,35,100,26,65535,214,87,1
75.458291,71,71,35,100,29,65535,214,79,1
75.560823,71,72,35,100,28,65535,214,80,1
75.663825,71,71,35,100,25,65535,214,80,1
75.766829,71,71,35,100,24,65535,214,74,1
75.868972,71,71,35,100,21,65535,213,73,1
75.971841,71,70,35,100,22,65535,213,72,1
76.074888,71,71,35,100,29,65535,213,90,1
76.177859,71,71,35,100,27,65535,213,83,1
76.280868,71,71,35,100,25,65535,213,88,1
76.383874,71,72,35,100,30,65535,213,78,1
76.486327,71,71,35,100,27,65535,213,78,1
76.588838,71,72,35,100,25,65535,213,83,1
76.691867,71,71,35,100,26,65535,213,80,1
76.794856,71,71,35,100,24,65535,213,82,1
76.897861,71,71,35,100,26,65535,213,73,1
77.000582,71,71,35,100,31,65535,213,95,1
77.102838,71,72,35,100,31,65535,213,83,1
77.205863,71,71,35,100,26,65535,214,78,1
77.308870,71,71,35,100,27,65535,214,76,1
77.411876,71,72,35,100,22,65535,213,72,1
77.514293,71,72,35,100,24,65535,213,64,1
77.616856,71,71,35,100,23,65535,213,67,1
77.719792,71,72,35,100,20,65535,212,75,1
77.822839,72,71,35,100,22,65535,212,80,1
77.925407,71,72,35,100,31,65535,212,88,1
78.027877,71,71,35,100,27,65535,212,82,1
78.130852,72,71,35,100,27,65535,212,84,1
78.233859,71,71,35,100,25,65535,212,87,1
78.336861,71,72,35,100,25,65535,212,77,1
78.439863,71,72,35,100,24,65535,212,83,1
78.542867,71,71,35,100,25,65535,212,83,1
78.645308,71,71,35,100,24,65535,212,85,1
78.747877,72,72,35,100,27,65535,212,85,1
78.850978,71,72,35,100,29,65535,212,85,1
78.953962,71,71,35,100,25,65535,212,82,1
79.056957,72,71,35,100,27,65535,212,82,1
79.159357,72,71,35,100,26,65535,212,76,1
79.261889,71,71,35,100,25,65535,212,78,1
79.364906,71,71,35,100,26,65535,212,68,1
79.467900,72,72,35,100,26,65535,212,76,1
79.570908,72,72,35,100,23,65535,212,75,1
79.673323,71,72,35,100,24,65535,212,80,1
79.775974,71,71,35,100,23,65535,212,61,1
79.878925,72,71,35,100,29,65535,212,87,1
79.981894,71,72,35,100,23,65535,212,72,1
80.084875,72,71,35,100,21,65535,212,78,1
80.187899,72,71,35,100,23,65535,212,78,1
80.290886,72,71,35,100,23,65535,211,75,1
80.393323,72,72,35,100,25,65535,211,68,1
80.495936,71,71,35,100,21,65535,211,67,1
80.598906,72,71,35,100,21,65535,211,79,1
80.701968,71,71,35,100,19,65535,210,78,1
80.804901,71,71,35,100,30,65535,210,90,1
80.907715,72,72,35,100,28,65535,211,79,1
81.010078,72,73,35,100,26,65535,211,85,1
81.113041,71,71,35,100,26,65535,211,78,1
81.215934,72,71,35,100,25,65535,211,77,1
81.318930,72,71,35,100,25,65535,211,81,1
81.421734,71,71,35,100,22,65535,211,75,1
81.524747,71,71,35,100,24,65535,211,74,1
81.627346,71,71,35,100,33,65535,211,86,1
81.730029,72,73,35,100,30,65535,211,82,1
81.832948,71,73,35,100,30,65535,212,81,1
81.935768,72,73,35,100,27,65535,212,77,1
82.038760,72,72,35,100,24,65535,212,89,1
82.141244,72,71,35,100,24,65535,212,77,1
82.244045,72,71,35,100,22,65535,212,78,1
82.346972,72,72,35,100,22,65535,212,68,1
82.449780,72,71,35,100,20,65535,211,67,1
82.552802,71,72,35,100,29,65535,211,78,1
82.655791,72,72,35,100,26,65535,211,88,1
82.758795,72,72,35,100,31,65535,211,77,1
82.861257,72,71,35,100,23,65535,211,74,1
82.964087,72,71,35,100,25,65535,211,84,1
83.066808,72,71,35,100,26,65535,211,88,1
83.169806,72,71,35,100,22,65535,211,74,1
83.272813,72,72,35,100,24,65535,211,67,1
83.375273,72,72,35,100,22,65535,211,69,1
83.478126,72,72,35,100,29,65535,210,81,1
83.580827,72,72,35,100,27,65535,210,73,1
83.683825,72,72,35,100,31,65535,211,84,1
83.786834,72,73,35,100,27,65535,211,80,1
83.890072,72,72,35,100,22,65535,211,78,1
83.992407,72,73,35,100,25,65535,211,87,1
84.095128,72,72,35,100,25,65535,211,77,1
84.197849,72,71,35,100,23,65535,211,77,1
84.300851,72,71,35,100,23,65535,211,74,1
84.403878,72,73,35,100,26,65535,211,76,1
84.506859,72,72,35,100,30,65535,211,81,1
84.609859,72,72,35,100,26,65535,212,76,1
84.712857,72,73,35,100,25,65535,212,75,1
84.815287,72,73,35,100,24,65535,212,82,1
84.918131,72,71,35,100,21,65535,212,73,1
85.020881,72,71,35,100,24,65535,211,70,1
85.123870,72,71,35,100,23,65535,211,71,1
85.226875,72,71,35,100,20,65535,211,80,1
85.329917,72,71,35,100,32,65535,210,74,1
85.432347,72,73,35,100,29,65535,211,76,1
85.535106,72,73,35,100,26,65535,211,93,1
85.637910,72,72,35,100,26,65535,211,84,1
85.740892,72,73,35,100,23,65535,211,74,1
85.843887,72,71,35,100,25,65535,211,74,1
85.946888,72,73,35,100,22,65535,211,69,1
86.049315,72,71,35,100,20,65535,211,78,1
86.151928,72,71,35,100,21,65535,211,76,1
86.254948,72,71,35,99,26,65535,210,68,1
86.357924,72,72,35,100,23,65535,210,85,1
86.460905,72,72,35,100,26,65535,210,82,1
86.563701,72,73,35,100,24,65535,210,75,1
86.666242,72,72,35,100,23,65535,210,75,1
86.768944,72,71,35,100,23,65535,210,66,1
86.871726,72,71,35,100,21,65535,210,72,1
86.974638,72,71,35,100,23,65535,210,71,1
87.077652,72,71,35,100,24,65535,209,69,1
87.180269,72,71,35,99,30,65535,209,76,1
87.282966,72,71,35,100,25,65535,209,82,1
87.385749,72,73,35,100,23,65535,209,73,1
87.488659,72,72,35,100,24,65535,209,75,1
87.591666,72,71,35,100,21,65535,209,72,1
87.694254,72,71,35,100,23,65535,209,83,1
87.796976,72,72,35,100,21,65535,209,71,1
87.899764,72,71,35,100,22,65535,208,68,1
88.002684,72,72,35,100,18,65535,208,56,1
88.105752,72,71,35,99,28,65535,207,82,1
88.208676,72,73,35,100,27,65535,208,76,1
88.311669,72,72,35,100,21,65535,208,77,1
88.414271,72,71,35,100,25,65535,208,85,1
88.516802,72,72,35,100,23,65535,208,71,1
88.619711,72,71,35,100,20,65535,208,73,1
88.722684,72,71,35,100,23,65535,208,75,1
88.825697,72,71,35,100,22,65535,208,74,1
88.928283,72,71,35,100,21,65535,208,77,1
89.031053,71,71,35,98,23,65535,207,93,1
89.133771,72,71,35,100,26,65535,207,59,1
89.236695,72,71,35,100,19,65535,207,72,1
89.339685,72,71,35,100,18,65535,207,85,1
89.442303,72,71,35,100,20,65535,207,75,1
89.544844,72,71,35,100,21,65535,207,68,1
89.647693,72,71,35,100,22,65535,207,69,1
89.750691,72,71,35,100,22,65535,207,76,1
89.853695,72,71,35,100,23,65535,207,78,1
89.957341,71,72,35,3,1,65535,207,94,1
90.059632,72,72,35,100,23,65535,207,77,1
90.162421,72,73,35,100,28,65535,208,76,1
90.264869,73,72,35,100,25,65535,208,79,1
90.367704,73,73,35,100,27,65535,208,84,1
90.470647,72,73,35,100,28,65535,209,75,1
90.573434,73,73,35,100,24,65535,209,79,1
90.675889,72,73,35,100,27,65535,209,69,1
90.778713,72,72,35,100,26,65535,210,80,1
90.881629,72,73,35,100,25,65535,210,88,1
90.984680,72,73,35,100,30,65535,210,84,1
91.087458,72,72,35,100,31,65535,211,86,1
91.189904,72,73,35,100,29,65535,211,85,1
91.292714,72,72,35,100,24,65535,212,85,1
91.395116,73,72,35,100,29,65535,212,81,1
91.497822,72,72,35,100,26,65535,212,81,1
91.600730,73,72,35,100,23,65535,212,75,1
91.703651,72,73,35,100,25,65535,212,73,1
91.806661,72,72,35,100,22,65535,212,69,1
91.909694,72,73,35,100,30,65535,211,81,1
92.012669,72,74,35,100,31,65535,212,80,1
92.115640,73,72,35,100,26,65535,212,80,1
92.218489,72,72,35,100,28,65535,212,84,1
92.320917,73,72,35,100,27,65535,212,72,1
92.423756,72,72,35,100,24,65535,212,82,1
92.526692,72,73,35,100,25,65535,212,76,1
92.629645,73,73,35,100,21,65535,212,74,1
92.732510,72,72,35,100,22,65535,212,71,1
92.835220,72,72,35,100,26,65535,212,87,1
92.937814,73,73,35,100,31,65535,212,85,1
93.040769,73,74,35,100,27,65535,212,82,1
93.143702,73,74,35,100,28,65535,213,81,1
93.246706,73,73,35,100,28,65535,213,71,1
93.349540,73,72,35,100,23,65535,213,80,1
93.451948,73,72,35,100,25,65535,213,86,1
93.554800,73,73,35,100,24,65535,213,75,1
93.657688,73,73,35,100,21,65535,212,69,1
93.760743,73,72,35,100,22,65535,212,88,1
93.863723,72,73,35,100,32,65535,213,79,1
93.966560,73,73,35,100,27,65535,213,85,1
94.069206,73,72,35,100,28,65535,213,78,1
94.171765,73,73,35,100,27,65535,213,76,1
94.274735,72,72,35,100,26,65535,213,86,1
94.377709,73,72,35,100,27,65535,213,72,1
94.480582,73,72,35,100,20,65535,213,75,1
94.582960,73,72,35,100,24,65535,213,83,1
94.685866,73,73,35,100,20,65535,212,81,1
94.788711,73,74,35,100,28,65535,213,90,1
94.891767,72,73,35,100,28,65535,213,86,1
94.994604,73,73,35,100,27,65535,214,86,1
95.096964,73,73,35,100,28,65535,214,84,1
95.199812,73,73,35,100,21,65535,214,72,1
95.302713,72,73,35,100,24,65535,213,79,1
95.405791,72,72,35,100,23,65535,213,69,1
95.508630,73,72,35,100,20,65535,213,72,1
95.611653,73,72,35,100,31,65535,212,84,1
95.714559,73,72,35,100,30,65535,212,86,1
95.816947,73,73,35,100,27,65535,213,81,1
95.919767,72,74,35,100,26,65535,213,81,1
96.022749,73,73,35,100,28,65535,213,83,1
96.125333,73,73,35,100,27,65535,213,80,1
96.227838,73,73,35,100,26,65535,213,75,1
96.330761,73,72,35,100,26,65535,213,74,1
96.433746,73,72,35,100,28,65535,214,79,1
96.536789,73,73,35,100,32,65535,214,80,1
96.639738,73,73,35,100,31,65535,214,78,1
96.742603,73,73,35,100,32,65535,214,84,1
96.844955,73,74,35,100,32,65535,214,76,1
96.947754,73,73,35,100,28,65535,215,84,1
97.050847,73,73,35,100,27,65535,215,75,1
97.153749,73,74,35,100,28,65535,215,77,1
97.256616,73,74,35,100,26,65535,215,82,1
97.359151,73,72,35,100,23,65535,215,70,1
97.461850,73,72,35,100,25,65535,214,75,1
97.564760,73,72,35,100,25,65535,214,80,1
97.667875,73,74,35,100,26,65535,214,72,1
97.770759,73,73,35,100,23,65535,214,79,1
97.873642,73,73,35,100,24,65535,214,74,1
97.976170,73,73,35,100,27,65535,214,77,1
98.078777,72,73,35,100,24,65535,214,76,1
98.182033,73,72,35,100,24,65535,214,83,1
98.284772,73,72,35,100,26,65535,214,85,1
98.389874,73,74,35,100,24,65535,214,83,1
98.492767,73,73,35,100,31,65535,214,80,1
98.595769,73,73,35,100,29,65535,214,87,1
98.697949,73,73,35,100,25,65535,215,81,1
98.800875,73,73,35,100,23,65535,215,84,1
98.903739,73,72,35,100,25,65535,214,83,1
99.006762,73,72,35,100,19,65535,214,80,1
99.109771,73,72,35,100,25,65535,214,78,1
99.212932,73,72,35,100,23,65535,214,70,1
99.315840,72,72,35,100,25,65535,213,78,1
99.418782,73,72,35,100,24,65535,213,81,1
99.521800,73,72,35,100,25,65535,213,85,1
99.625110,73,72,35,100,24,65535,213,77,1
99.727810,73,73,35,100,21,65535,212,70,1
99.830803,73,72,35,100,21,65535,212,70,1
99.933184,73,72,35,100,20,65535,212,62,1
100.035799,73,72,35,100,19,65535,211,71,1
100.138815,73,72,35,100,20,65535,211,71,1
100.241841,73,73,35,100,36,65535,210,78,1
100.344824,73,73,35,100,28,65535,211,82,1
100.447815,73,73,35,100,30,65535,211,81,1
100.550284,73,72,35,100,23,65535,211,78,1
100.652824,73,73,35,100,21,65535,211,79,1
100.755787,73,73,35,100,25,65535,211,70,1
100.858830,73,72,35,100,23,65535,211,74,1
100.961289,73,73,35,100,21,65535,211,73,1
101.063841,72,72,35,100,22,65535,210,70,1
101.166889,73,73,35,100,32,65535,210,69,1
101.269864,73,73,35,100,29,65535,210,79,1
101.372865,73,73,35,100,32,65535,211,94,1
101.475871,73,74,35,100,33,65535,211,80,1
101.578517,73,74,35,100,27,65535,212,79,1
101.680922,73,74,35,100,27,65535,212,86,1
101.783311,72,73,35,100,27,65535,213,81,1
101.885852,73,74,35,100,25,65535,213,80,1
101.988861,73,73,36,100,26,65535,213,81,1
102.091921,72,72,35,99,30,65535,212,67,1
102.194328,73,73,35,100,30,65535,213,83,1
102.296857,73,74,35,100,30,65535,213,84,1
102.399827,73,73,35,100,29,65535,214,79,1
102.502822,73,73,35,100,26,65535,214,81,1
102.605831,73,73,35,100,26,65535,214,87,1
102.708839,73,73,35,100,27,65535,214,82,1
102.811842,73,73,35,100,24,65535,214,70,1
102.914844,73,72,35,100,25,65535,214,79,1
103.017955,72,72,35,99,30,65535,213,83,1
103.120932,73,73,35,100,23,65535,213,86,1
103.223852,73,72,35,100,25,65535,213,73,1
103.326292,73,72,35,100,22,65535,213,74,1
103.428890,73,73,35,100,20,65535,213,85,1
103.531868,73,72,35,100,21,65535,213,76,1
103.634869,73,72,35,100,21,65535,212,73,1
103.737878,73,73,35,100,21,65535,212,70,1
103.842511,72,73,35,100,20,65535,211,72,1
103.944915,72,73,35,99,28,65535,211,93,1
104.047964,73,72,35,100,31,65535,211,74,1
104.150891,73,74,35,100,25,65535,212,86,1
104.253839,73,74,35,100,29,65535,212,83,1
104.356657,73,73,35,100,26,65535,212,82,1
104.459659,73,72,35,100,25,65535,212,84,1
104.562660,73,74,35,100,26,65535,212,75,1
104.665664,73,72,35,100,22,65535,212,78,1
104.768675,73,73,35,100,25,65535,212,84,1
104.871693,72,73,36,98,28,65535,212,88,1
104.974681,73,72,35,100,29,65535,212,82,1
105.077688,73,72,35,100,24,65535,212,81,1
105.180688,73,74,36,100,27,65535,212,80,1
105.283684,73,72,35,100,24,65535,212,77,1
105.386699,73,73,35,100,21,65535,212,75,1
105.489697,72,72,36,100,21,65535,212,71,1
105.592702,73,72,35,100,21,65535,211,69,1
105.695710,73,72,36,100,20,65535,211,71,1
105.798976,71,73,36,5,1,65535,210,84,1
105.901906,73,72,35,100,26,65535,210,78,1
106.004715,73,72,35,100,25,65535,210,81,1
106.107730,73,72,35,100,24,65535,211,87,1
106.210750,73,72,35,100,27,65535,211,81,1
106.313255,73,73,35,100,22,65535,210,75,1
106.416067,73,72,36,100,24,65535,210,76,1
106.519070,73,73,36,100,24,65535,210,71,1
106.621933,73,73,35,100,21,65535,210,74,1
106.724981,73,72,36,100,21,65535,210,0,1
106.827372,73,72,35,100,25,65535,210,79,1
106.930037,73,72,36,100,25,65535,210,74,1
107.032762,73,72,35,100,25,65535,210,81,1
107.135766,73,73,36,100,27,65535,210,88,1
107.238770,73,73,35,100,27,65535,211,80,1
107.341772,73,73,36,100,28,65535,211,77,1
107.444478,73,72,36,100,25,65535,211,83,1
107.547013,73,74,35,100,28,65535,211,81,1
107.649792,73,73,35,100,28,65535,212,78,1
107.752387,73,72,36,100,21,65535,211,89,1
107.855071,73,73,35,100,30,65535,212,84,1
107.957801,72,73,35,100,26,65535,212,72,1
108.060796,73,74,35,100,23,65535,212,67,1
108.163798,73,73,36,100,21,65535,212,73,1
108.266808,73,73,35,100,20,65535,211,80,1
108.369811,73,72,35,100,22,65535,211,77,1
108.472820,73,73,36,100,23,65535,211,68,1
108.575250,73,72,36,100,20,65535,211,68,1
108.678133,72,72,35,100,30,65535,210,91,1
108.780849,73,73,35,100,32,65535,211,78,1
108.883829,73,74,35,100,27,65535,212,81,1
108.986833,73,73,36,100,30,65535,212,88,1
109.089261,73,73,36,100,25,65535,212,78,1
109.191846,73,73,36,100,24,65535,212,88,1
109.294850,73,73,35,100,27,65535,212,81,1
109.397854,73,72,35,100,23,65535,212,75,1
109.500854,73,72,36,100,24,65535,212,78,1
109.603427,73,73,36,100,28,65535,212,78,1
109.706076,73,74,36,100,25,65535,212,80,1
109.808875,73,72,35,100,24,65535,212,78,1
109.911863,73,72,35,100,24,65535,212,81,1
110.014880,73,73,35,100,22,65535,211,80,1
110.117880,73,72,36,100,20,65535,211,75,1
110.220306,73,72,36,100,22,65535,211,76,1
110.322894,73,72,36,100,20,65535,210,70,1
110.425865,73,72,36,100,18,65535,210,77,1
110.528150,72,72,35,100,26,65535,210,79,1
110.630889,73,73,36,100,28,65535,210,84,1
110.733884,73,73,36,100,30,65535,210,83,1
110.836688,73,73,36,100,28,65535,211,82,1
110.939617,73,72,36,100,25,65535,211,79,1
111.042616,73,72,36,100,26,65535,211,82,1
111.145617,73,74,35,100,26,65535,211,86,1
111.248217,73,72,35,100,24,65535,212,85,1
111.350928,73,72,36,100,24,65535,212,78,1
111.453965,73,73,36,100,29,65535,212,67,1
111.556931,73,74,36,100,27,65535,212,87,1
111.659733,73,73,36,100,28,65535,212,86,1
111.762626,73,73,35,100,28,65535,212,81,1
111.865248,73,73,36,100,23,65535,212,75,1
111.967960,73,72,36,100,25,65535,212,80,1
112.070737,73,72,36,100,25,65535,212,79,1
112.173644,73,72,36,100,22,65535,212,72,1
112.276637,73,72,36,100,24,65535,212,80,1
112.379723,72,72,35,100,21,65535,211,89,1
112.482645,73,73,36,100,28,65535,212,90,1
112.585266,73,73,36,100,31,65535,212,82,1
112.687976,73,73,36,100,21,65535,213,70,1
112.790753,73,72,36,100,22,65535,212,79,1
112.893701,66,70,36,0,0,65535,206,0,1
112.996699,64,69,35,0,0,65535,196,0,1
113.099217,64,68,35,0,0,65535,186,0,1
113.202259,64,68,35,0,0,65535,177,0,1
113.305291,64,68,35,0,0,65535,169,0,1
113.408304,64,68,35,0,0,65535,161,0,1
113.511319,63,67,35,0,0,65535,153,0,1
113.613946,63,67,35,0,0,65535,146,0,1
113.716733,63,67,35,0,0,65535,139,0,1
113.819287,63,68,35,0,0,65535,133,0,1
113.922438,62,68,35,0,0,65535,127,0,1
114.025001,63,68,35,0,0,65535,122,0,1
114.127875,63,66,35,0,0,65535,117,0,1
114.230662,62,66,35,0,0,65535,112,0,1
114.333574,62,66,35,0,0,65535,108,0,1
114.436016,62,66,35,0,0,65535,103,0,1
114.538717,62,66,35,0,0,65535,100,0,1
114.641647,62,66,35,0,0,65535,96,0,1
114.744569,62,66,35,0,0,65535,92,0,1
114.847033,62,66,35,0,0,65535,89,0,1
114.949723,61,66,35,0,0,65535,86,0,1
115.052658,61,67,35,0,0,65535,83,0,1
115.155589,62,67,35,0,0,65535,81,0,1
115.258057,61,65,35,0,0,65535,78,0,1
115.361052,61,65,35,0,0,65535,76,0,1
115.464052,61,65,35,0,0,65535,74,0,1
115.567066,61,65,35,0,0,65535,71,0,1
115.670071,61,65,35,0,0,65535,70,0,1
115.773073,61,65,35,0,0,65535,68,0,1
115.876069,61,65,35,0,0,65535,66,0,1
115.979076,61,65,35,0,0,65535,64,0,1
116.082074,61,66,35,0,0,65535,63,0,1
116.184792,61,66,35,0,0,65535,62,0,1
116.287723,61,66,35,0,0,65535,60,0,1
116.390854,60,65,35,0,0,65535,59,0,1
116.494089,61,64,35,0,0,65535,58,0,1
116.596527,61,64,35,0,0,65535,57,0,1
116.699431,60,64,35,0,0,65535,56,0,1
116.802359,60,64,35,0,0,65535,55,0,1
116.905358,60,64,35,0,0,65535,54,0,1
117.008309,60,64,35,0,0,65535,53,0,1
117.110804,60,64,35,0,0,65535,52,0,1
117.213467,60,64,35,0,0,65535,52,0,1
117.316385,60,64,35,0,0,65535,51,0,1
117.418806,60,64,35,0,0,65535,50,0,1
117.521899,59,65,35,0,0,65535,50,0,1
117.625149,60,65,35,0,0,65535,49,0,1
117.728148,59,64,35,0,0,65535,48,0,1
117.830440,60,65,35,0,0,65535,48,0,1
117.932887,64,65,35,100,12,65535,55,103,1
118.035783,66,68,35,100,34,65535,65,90,1
118.138667,67,68,35,100,24,65535,74,68,1
118.241711,67,69,35,100,25,65535,83,98,1
118.344569,67,69,35,100,36,65535,91,88,1
118.447225,68,70,35,100,32,65535,99,84,1
118.549788,68,69,35,100,30,65535,106,86,1
118.652686,68,69,35,100,29,65535,113,78,1
118.755720,68,70,35,100,27,65535,120,82,1
118.858689,68,70,35,100,26,65535,126,78,1
118.961567,68,70,35,100,25,65535,131,83,1
119.063944,68,69,35,100,26,65535,136,79,1
119.166779,68,69,35,100,25,65535,141,76,1
119.269769,68,70,35,100,28,65535,145,83,1
119.372689,68,69,35,100,29,65535,149,79,1
119.475752,69,69,35,100,28,65535,153,79,1
119.578595,69,69,35,100,27,65535,157,82,1
119.680956,68,69,35,100,26,65535,161,81,1
119.783823,69,70,36,100,26,65535,164,73,1
119.886698,69,70,35,100,24,65535,167,74,1
119.989764,69,69,35,100,26,65535,169,77,1
120.092612,69,69,35,100,24,65535,172,79,1
120.195613,68,71,35,100,27,65535,174,85,1
120.298297,69,69,35,100,32,65535,177,81,1
120.400813,69,71,36,100,26,65535,179,79,1
120.503734,69,70,35,100,23,65535,181,78,1
120.606332,69,69,35,100,25,65535,183,81,1
120.708840,69,69,35,100,26,65535,185,81,1
120.811761,69,69,35,100,24,65535,186,76,1
120.914731,70,69,35,100,22,65535,188,77,1
121.017657,69,69,35,100,24,65535,189,76,1
121.120773,69,70,35,100,26,65535,190,83,1
121.223656,69,70,35,100,29,65535,192,87,1
121.326339,69,70,35,100,25,65535,193,76,1
121.428839,70,71,36,100,23,65535,194,84,1
121.531774,70,70,35,100,23,65535,195,80,1
121.634748,69,70,35,100,23,65535,196,75,1
121.737601,70,69,35,100,26,65535,197,76,1
121.839958,70,70,35,100,23,65535,198,73,1
121.942757,70,69,35,100,23,65535,198,74,1
122.045814,69,70,35,100,31,65535,199,85,1
122.148746,69,70,35,100,30,65535,200,85,1
122.251851,70,70,35,100,29,65535,201,84,1
122.354385,69,70,35,100,26,65535,202,83,1
122.456849,70,71,35,100,28,65535,203,80,1
122.559766,70,71,35,100,27,65535,203,78,1
122.662870,70,70,35,100,25,65535,204,82,1
122.765769,70,70,36,100,28,65535,205,78,1
122.868673,70,71,35,100,28,65535,205,74,1
122.971668,70,70,36,100,29,65535,205,81,1
123.074200,70,70,36,100,33,65535,206,88,1
123.176779,70,71,36,100,30,65535,207,80,1
123.279902,70,71,36,100,31,65535,208,88,1
123.382424,70,72,36,100,29,65535,208,82,1
123.484883,70,72,36,100,24,65535,209,78,1
123.587795,70,70,36,100,26,65535,209,80,1
123.690926,70,70,36,100,25,65535,209,78,1
123.793777,70,70,36,100,25,65535,209,82,1
123.896832,70,72,35,100,30,65535,209,77,1
123.999449,70,71,35,100,26,65535,210,88,1
124.102195,70,71,35,100,34,65535,210,86,1
124.204796,70,71,35,100,28,65535,211,80,1
124.307761,70,72,36,100,25,65535,211,86,1
124.410787,70,72,36,100,27,65535,211,82,1
124.513454,70,72,35,100,25,65535,211,82,1
124.615916,70,70,36,100,26,65535,211,80,1
124.718806,71,70,35,100,25,65535,211,81,1
124.821847,70,71,35,100,28,65535,211,86,1
124.924815,70,72,35,100,27,65535,212,80,1
125.027455,70,71,36,100,29,65535,212,89,1
125.129890,70,71,35,100,27,65535,212,79,1
125.232829,70,71,36,100,23,65535,212,81,1
125.335827,71,72,36,100,25,65535,212,75,1
125.438833,70,70,36,100,23,65535,212,68,1
125.541280,70,70,36,100,23,65535,212,79,1
125.643823,71,70,36,100,24,65535,211,75,1
125.746864,70,71,36,100,20,65535,211,79,1
125.849850,71,71,36,100,25,65535,211,83,1
125.952820,71,71,35,100,27,65535,211,86,1
126.055262,71,71,36,100,25,65535,211,73,1
126.157820,71,70,36,100,22,65535,211,72,1
126.260785,71,70,36,100,25,65535,211,68,1
126.363839,70,71,36,100,19,65535,210,73,1
126.466856,71,70,36,100,22,65535,210,81,1
126.569857,70,70,36,100,22,65535,210,83,1
126.672564,70,70,35,100,30,65535,210,69,1
126.774931,71,70,35,100,21,65535,209,90,1
126.877885,71,71,36,100,28,65535,210,79,1
126.980862,71,72,36,100,23,65535,210,75,1
127.083876,71,70,36,100,23,65535,210,72,1
127.186872,71,71,36,100,23,65535,209,77,1
127.289289,71,70,36,100,20,65535,209,73,1
127.391840,71,70,36,100,21,65535,209,73,1
127.494836,71,70,36,100,21,65535,209,68,1
127.597946,70,70,36,100,32,65535,208,74,1
127.700922,71,71,36,100,28,65535,209,78,1
127.803344,71,72,36,100,25,65535,209,83,1
127.905874,71,72,36,100,27,65535,209,75,1
128.008856,71,72,36,100,22,65535,209,81,1
128.111816,71,71,36,100,26,65535,210,82,1
128.214804,71,72,36,100,24,65535,210,70,1
128.320147,71,71,36,100,23,65535,210,79,1
128.422966,71,71,36,100,27,65535,210,74,1
128.525932,71,71,36,99,33,65535,210,82,1
128.628894,71,71,36,100,29,65535,210,81,1
128.731171,71,71,36,100,27,65535,210,81,1
128.833879,71,71,36,100,27,65535,211,79,1
128.936299,71,72,36,100,26,65535,211,87,1
129.038887,71,71,36,100,26,65535,211,87,1
129.141863,71,71,36,100,25,65535,211,76,1
129.244276,71,71,36,100,24,65535,211,80,1
129.346944,71,72,36,100,25,65535,211,76,1
129.450010,71,71,36,99,23,65535,210,83,1
129.553006,71,72,36,100,32,65535,211,84,1
129.656199,71,73,36,100,31,65535,212,75,1
129.758934,71,72,36,100,24,65535,212,85,1
129.861338,71,71,36,100,22,65535,212,74,1
129.963925,71,72,36,100,24,65535,212,73,1
130.066878,71,72,36,100,23,65535,212,78,1
130.169700,71,72,36,100,23,65535,211,68,1
130.272225,71,71,36,100,21,65535,211,66,1
130.375000,70,70,36,96,24,65535,210,96,1
130.477917,71,71,35,100,25,65535,211,75,1
130.580909,71,71,36,100,26,65535,211,72,1
130.683712,71,72,36,100,23,65535,211,86,1
130.786713,72,72,36,100,24,65535,211,75,1
130.889199,71,71,36,100,21,65535,211,76,1
130.992004,72,72,36,100,23,65535,211,74,1
131.094922,71,72,36,100,22,65535,211,76,1
131.197735,71,71,36,100,19,65535,210,78,1
131.301083,70,71,36,40,3,65535,210,93,1
131.403423,71,71,36,100,31,65535,210,91,1
131.505988,72,72,36,100,28,65535,211,84,1
131.608758,72,71,36,100,24,65535,211,86,1
131.711757,72,72,36,100,25,65535,211,75,1
131.814757,72,72,36,100,23,65535,210,68,1
131.917771,72,71,36,100,22,65535,210,74,1
132.020251,71,71,36,100,21,65535,210,72,1
132.123105,72,71,36,100,20,65535,210,77,1
132.225789,71,71,36,100,19,65535,210,71,1
132.328814,72,71,36,100,35,65535,209,87,1
132.431792,72,73,36,100,27,65535,210,82,1
132.534258,72,72,36,100,30,65535,210,86,1
132.637071,72,72,36,100,29,65535,211,84,1
132.739798,72,72,36,100,29,65535,211,88,1
132.842807,72,73,36,100,27,65535,212,84,1
132.945811,72,72,36,100,26,65535,212,83,1
133.048813,72,73,36,100,26,65535,212,83,1
133.151261,72,72,36,100,21,65535,212,76,1
133.254117,71,71,36,100,25,65535,212,91,1
133.356832,72,72,36,100,24,65535,212,80,1
133.459829,72,71,36,100,22,65535,211,73,1
133.562826,72,71,36,100,25,65535,211,61,1
133.665284,72,71,36,100,21,65535,211,71,1
133.768116,72,71,36,100,24,65535,211,79,1
133.872093,72,71,36,100,21,65535,211,74,1
133.975077,72,71,36,100,19,65535,210,72,1
134.078429,72,71,36,100,22,65535,210,71,1
134.181119,72,72,36,100,16,65535,209,60,1
134.283861,72,72,36,100,24,65535,209,72,1
134.386848,72,72,36,100,22,65535,208,75,1
134.489840,72,71,36,100,22,65535,208,75,1
134.592861,72,72,36,100,22,65535,208,70,1
134.695870,72,72,36,100,22,65535,208,72,1
134.798853,72,72,36,100,21,65535,208,75,1
134.901674,72,71,36,100,23,65535,208,68,1
135.004624,72,72,36,100,22,65535,208,75,1
135.107883,72,71,36,100,20,65535,207,94,1
135.210894,72,73,36,100,32,65535,208,81,1
135.313892,72,72,36,100,23,65535,208,73,1
135.416878,72,71,36,100,22,65535,208,70,1
135.519880,72,71,36,100,22,65535,208,75,1
135.622886,72,71,36,100,20,65535,208,82,1
135.725882,72,71,36,100,21,65535,208,74,1
135.828886,72,71,36,100,21,65535,208,66,1
135.931308,72,71,36,100,20,65535,208,71,1
136.034208,72,71,36,100,22,65535,207,86,1
136.136921,72,71,36,100,27,65535,207,79,1
136.239702,72,71,36,100,22,65535,208,75,1
136.342622,72,71,36,100,22,65535,208,79,1
136.445234,72,71,36,100,22,65535,208,82,1
136.547931,72,71,36,100,21,65535,208,78,1
136.650931,72,71,36,100,22,65535,208,70,1
136.753719,72,72,36,100,19,65535,207,70,1
136.856640,72,72,36,100,20,65535,207,84,1
136.959708,72,72,36,100,28,65535,207,76,1
137.062242,72,72,36,100,29,65535,208,83,1
137.164982,72,73,36,100,26,65535,208,82,1
137.267767,72,73,36,100,27,65535,209,87,1
137.370666,72,72,36,100,26,65535,209,75,1
137.473662,72,72,36,100,23,65535,209,76,1
137.576659,72,73,36,100,24,65535,209,76,1
137.679263,72,72,36,100,23,65535,209,80,1
137.781778,72,73,36,100,23,65535,209,72,1
137.884765,72,73,36,100,28,65535,209,80,1
137.987661,72,73,36,100,26,65535,209,90,1
138.090681,72,72,36,100,31,65535,210,83,1
138.193286,72,72,36,100,24,65535,210,71,1
138.295797,72,73,36,100,28,65535,210,75,1
138.398672,72,73,36,100,27,65535,211,82,1
138.501667,73,72,36,100,22,65535,211,80,1
138.604686,72,72,36,100,24,65535,211,81,1
138.707683,73,72,36,100,25,65535,211,80,1
138.810343,72,72,36,100,26,65535,210,70,1
138.912828,73,72,36,100,26,65535,211,90,1
139.015670,72,72,36,100,29,65535,211,78,1
139.118616,72,72,36,100,29,65535,212,86,1
139.221600,72,72,36,100,25,65535,212,84,1
139.324071,72,72,36,100,28,65535,212,80,1
139.426782,72,72,36,100,24,65535,212,73,1
139.529695,72,73,36,100,27,65535,212,79,1
139.632626,72,73,36,100,26,65535,212,79,1
139.735765,72,72,36,100,18,65535,212,85,1
139.838706,72,72,36,100,29,65535,212,87,1
139.941339,73,72,36,100,24,65535,212,79,1
140.043645,73,72,36,100,22,65535,212,76,1
140.146644,73,73,36,100,25,65535,212,79,1
140.249610,73,73,36,100,25,65535,212,71,1
140.352658,72,72,36,100,20,65535,212,71,1
140.455628,73,72,36,100,23,65535,211,76,1
140.558444,72,73,36,100,23,65535,211,72,1
140.661138,72,72,36,100,29,65535,211,81,1
140.763739,72,72,36,100,25,65535,211,83,1
140.866642,73,72,36,100,29,65535,212,89,1
140.969631,73,72,36,100,25,65535,212,84,1
141.072472,72,72,36,100,27,65535,212,82,1
141.174920,73,72,36,100,27,65535,212,77,1
141.277734,73,72,36,100,28,65535,212,82,1
141.380644,73,72,36,100,25,65535,213,74,1
141.483635,73,73,36,100,23,65535,212,79,1
141.586510,72,72,36,100,31,65535,212,86,1
141.688944,72,72,36,100,29,65535,212,85,1
141.791743,72,73,36,100,29,65535,213,84,1
141.894658,72,73,36,100,32,65535,213,80,1
141.997665,73,73,36,100,27,65535,213,81,1
142.100664,72,72,36,100,27,65535,214,86,1
142.203498,73,72,36,100,24,65535,214,89,1
142.305923,72,72,36,100,23,65535,213,73,1
142.408760,73,72,36,100,21,65535,213,78,1
142.511828,72,73,36,100,31,65535,212,78,1
142.614762,72,72,36,100,26,65535,212,78,1
142.717667,73,72,36,100,28,65535,212,90,1
142.820538,72,73,36,100,30,65535,213,80,1
142.922955,72,73,36,100,27,65535,213,77,1
143.025753,73,72,36,100,28,65535,213,80,1
143.128709,73,72,36,100,27,65535,213,76,1
143.231681,72,72,36,100,21,65535,213,83,1
143.334546,73,73,36,100,27,65535,213,75,1
143.437256,72,72,36,99,22,65535,212,78,1
143.539806,73,72,36,100,26,65535,212,83,1
143.642731,73,72,36,100,28,65535,213,89,1
143.745709,72,72,36,100,27,65535,213,71,1
143.848575,73,73,36,100,21,65535,213,75,1
143.951253,72,73,36,100,25,65535,212,76,1
144.054584,72,73,36,100,20,65535,212,69,1
144.156941,72,72,36,100,20,65535,212,72,1
144.259758,72,73,36,100,23,65535,212,80,1
144.362769,72,72,36,99,28,65535,211,88,1
144.465706,73,72,36,100,21,65535,211,94,1
144.568525,73,73,36,100,30,65535,212,85,1
144.670928,73,73,36,100,29,65535,212,88,1
144.773803,72,73,36,100,28,65535,213,72,1
144.876716,73,74,36,100,25,65535,213,80,1
144.979789,73,72,36,100,29,65535,213,85,1
145.082724,72,74,36,100,30,65535,213,80,1
145.185551,73,73,36,100,24,65535,213,78,1
145.288323,72,73,36,99,30,65535,213,79,1
145.390838,72,72,36,100,22,65535,212,91,1
145.493720,73,72,36,100,26,65535,212,85,1
145.596819,73,72,36,100,26,65535,213,83,1
145.699719,72,73,36,100,20,65535,212,73,1
145.802574,73,72,36,100,25,65535,212,72,1
145.904931,72,73,36,100,24,65535,212,72,1
146.007738,73,73,36,100,23,65535,212,67,1
146.110673,72,72,36,100,23,65535,212,64,1
146.213805,71,72,36,81,13,65535,211,89,1
146.316669,72,72,36,100,38,65535,211,76,1
146.419353,73,74,36,100,27,65535,211,77,1
146.521837,73,74,36,100,29,65535,212,88,1
146.624744,73,74,36,100,29,65535,212,80,1
146.727854,73,73,36,100,25,65535,213,79,1
146.830692,73,74,36,100,25,65535,213,81,1
146.933369,73,72,36,100,26,65535,213,83,1
147.035846,73,72,36,100,23,65535,213,79,1
147.138837,73,72,36,99,22,65535,213,0,1
147.241762,73,74,36,100,34,65535,213,90,1
147.344638,72,74,36,100,29,65535,213,83,1
147.447176,73,74,36,100,28,65535,213,80,1
147.549768,73,73,36,100,32,65535,214,76,1
147.652892,73,73,36,100,24,65535,214,75,1
147.755787,73,72,36,100,25,65535,214,91,1
147.858895,73,73,36,100,27,65535,214,84,1
147.961726,73,72,36,100,21,65535,214,76,1
148.064103,73,72,36,100,24,65535,213,70,1
148.166684,73,74,36,100,23,65535,213,66,1
148.269202,73,74,36,100,26,65535,213,86,1
148.371767,73,73,36,100,30,65535,214,83,1
148.474918,73,73,36,100,29,65535,214,84,1
148.577792,72,73,36,100,26,65535,214,82,1
148.680931,73,73,36,100,24,65535,214,82,1
148.783459,73,73,36,100,26,65535,214,83,1
148.885873,73,73,36,100,27,65535,214,77,1
148.988787,73,73,36,100,26,65535,214,76,1
149.091832,73,73,36,100,24,65535,214,91,1
149.194796,73,74,36,100,31,65535,214,86,1
149.297440,73,74,36,100,27,65535,214,85,1
149.399885,73,74,36,100,28,65535,215,81,1
149.502807,73,74,36,100,25,65535,214,75,1
149.605812,73,72,36,100,25,65535,214,75,1
149.708811,73,72,36,100,25,65535,214,77,1
149.811810,73,72,36,100,21,65535,214,72,1
149.914262,73,72,36,100,22,65535,213,73,1
150.016896,73,72,36,100,28,65535,213,92,1
150.119833,73,73,36,100,29,65535,213,74,1
150.222837,73,74,36,100,25,65535,213,85,1
150.325834,73,73,36,100,26,65535,213,83,1
150.428300,73,74,36,100,24,65535,213,79,1
150.530829,73,72,36,100,24,65535,213,81,1
150.633851,73,72,36,100,25,65535,213,74,1
150.736854,73,72,36,100,24,65535,213,77,1
150.839863,73,72,36,100,25,65535,213,88,1
150.942844,73,74,36,100,31,65535,213,77,1
151.045294,73,73,36,100,29,65535,213,80,1
151.148191,73,73,36,100,24,65535,214,76,1
151.250845,73,72,36,100,24,65535,213,75,1
151.353854,73,72,36,100,22,65535,213,71,1
151.456849,73,72,36,100,23,65535,213,68,1
151.559273,73,72,36,100,24,65535,212,74,1
151.661850,73,72,36,100,22,65535,212,72,1
151.764822,73,72,36,100,22,65535,212,79,1
151.867931,73,72,36,100,21,65535,211,82,1
151.970911,73,72,36,100,27,65535,211,85,1
152.073876,73,72,36,100,26,65535,211,71,1
152.176835,73,72,36,100,23,65535,211,76,1
152.279271,73,72,36,100,27,65535,211,68,1
152.381857,73,72,36,100,23,65535,211,70,1
152.484845,74,72,36,100,24,65535,211,81,1
152.587852,72,72,36,100,23,65535,211,78,1
152.690853,73,72,36,100,22,65535,211,85,1
152.793417,73,73,36,100,21,65535,211,56,1
152.895889,73,74,36,100,29,65535,211,91,1
152.998872,73,73,36,100,32,65535,212,85,1
153.101820,73,73,36,100,28,65535,212,80,1
153.204267,73,73,36,100,27,65535,213,85,1
153.306873,73,74,36,100,27,65535,213,83,1
153.409826,73,73,36,100,27,65535,213,80,1
153.512268,73,73,36,100,25,65535,213,80,1
153.614890,73,74,36,100,26,65535,213,76,1
153.718002,73,73,36,100,29,65535,213,91,1
153.821071,73,73,36,100,28,65535,213,91,1
153.923996,73,73,36,100,30,65535,214,85,1
154.027089,73,73,36,100,27,65535,214,84,1
154.129954,73,74,36,100,30,65535,214,76,1
154.232875,73,74,36,100,26,65535,215,79,1
154.335348,73,73,36,100,25,65535,214,83,1
154.437913,73,73,36,100,28,65535,214,81,1
154.540889,73,73,36,100,26,65535,214,80,1
154.643950,73,73,36,100,32,65535,214,86,1
154.746898,73,73,36,100,30,65535,214,86,1
154.849701,73,74,36,100,28,65535,215,76,1
154.952700,73,73,36,100,27,65535,215,79,1
155.055197,73,72,36,100,23,65535,214,72,1
155.157986,73,72,36,100,21,65535,214,76,1
155.260915,73,72,36,100,22,65535,214,75,1
155.363905,73,72,36,100,22,65535,213,81,1
155.466721,73,72,36,100,23,65535,213,76,1
155.569752,73,74,36,100,26,65535,213,76,1
155.672245,73,72,36,100,24,65535,212,75,1
155.775007,73,73,36,100,28,65535,213,78,1
155.877928,73,72,36,100,23,65535,212,73,1
155.980741,73,72,36,100,24,65535,212,79,1
156.083747,73,72,36,100,25,65535,212,77,1
156.186755,73,73,36,100,22,65535,212,73,1
156.289244,73,72,36,100,25,65535,212,78,1
156.392034,73,72,36,100,23,65535,212,69,1
156.495108,73,72,36,100,32,65535,211,71,1
156.597769,73,73,36,100,31,65535,211,81,1
156.700775,73,73,36,100,29,65535,212,80,1
156.803262,73,74,36,100,31,65535,213,82,1
156.906065,73,73,36,100,30,65535,213,81,1
157.009005,73,74,36,100,24,65535,213,79,1
157.111791,73,73,36,100,26,65535,213,80,1
157.214788,73,73,36,100,24,65535,213,81,1
157.317272,73,73,36,100,24,65535,213,88,1
157.420105,73,72,36,100,22,65535,213,83,1
157.522811,73,74,36,100,30,65535,213,91,1
157.625813,73,73,36,100,31,65535,214,88,1
157.728810,73,73,36,100,28,65535,214,90,1
157.831817,73,74,36,100,27,65535,214,83,1
157.934273,73,73,36,100,26,65535,214,77,1
158.037088,73,74,36,100,25,65535,214,80,1
158.139830,73,73,36,100,26,65535,214,77,1
158.242271,73,73,36,100,26,65535,214,74,1
158.346891,73,73,36,99,28,65535,214,74,1
158.449297,73,72,36,100,24,65535,213,93,1
158.551614,73,73,36,100,25,65535,214,83,1
158.654090,73,73,36,100,25,65535,214,91,1
158.756816,73,73,36,100,22,65535,213,73,1
158.859317,73,72,36,100,22,65535,213,74,1
158.962075,73,72,36,100,24,65535,213,66,1
159.064907,73,72,36,100,20,65535,212,68,1
159.167874,73,72,36,100,20,65535,212,81,1
159.270899,72,72,36,99,30,65535,211,95,1
159.373334,73,73,36,100,29,65535,212,82,1
159.476170,73,73,36,100,21,65535,212,77,1
159.578893,73,72,36,100,24,65535,212,89,1
159.681612,73,74,36,100,25,65535,212,74,1
159.784142,73,72,36,100,21,65535,211,73,1
159.886890,73,72,36,100,22,65535,211,77,1
159.989907,73,72,36,100,23,65535,211,77,1
160.092710,73,72,36,100,20,65535,211,81,1
160.195902,72,72,36,96,25,65535,210,90,1
160.298329,73,73,36,100,33,65535,211,78,1
160.401258,73,73,36,100,24,65535,211,77,1
160.503924,73,73,36,100,26,65535,211,80,1
160.606913,73,74,36,100,23,65535,211,79,1
160.709914,73,72,36,100,22,65535,211,81,1
160.812305,73,72,36,100,23,65535,211,84,1
160.914952,73,72,36,100,22,65535,211,82,1
161.017737,73,72,36,100,23,65535,211,78,1
161.121492,72,72,36,17,5,65535,210,77,1
161.223969,73,74,36,100,30,65535,210,79,1
161.326399,73,74,36,100,27,65535,210,74,1
161.428974,73,74,36,100,21,65535,210,76,1
161.531942,73,72,36,100,22,65535,210,77,1
161.634742,73,72,36,100,21,65535,210,75,1
161.737670,73,72,36,100,20,65535,210,74,1
161.840239,73,72,36,100,25,65535,210,76,1
161.942781,73,73,36,100,20,65535,209,72,1
162.045662,73,73,36,100,21,65535,209,76,1
162.148260,73,73,36,100,16,65535,209,50,1
162.250968,73,72,36,100,24,65535,209,78,1
162.353747,73,73,36,100,21,65535,209,67,1
162.456678,73,73,36,100,23,65535,209,62,1
162.559690,73,73,36,100,19,65535,208,69,1
162.662689,73,73,36,100,19,65535,208,73,1
162.765692,73,73,36,100,21,65535,208,74,1
162.868691,72,73,36,100,19,65535,208,63,1
162.971697,72,73,36,100,22,65535,208,65,1
163.074357,73,72,36,100,25,65535,208,96,1
163.177029,73,73,36,100,33,65535,208,85,1
163.279297,73,73,36,100,31,65535,209,85,1
163.381827,73,73,36,100,30,65535,210,86,1
163.484709,73,73,36,100,29,65535,211,83,1
163.587685,73,73,36,100,31,65535,211,76,1
163.690679,73,73,36,100,30,65535,212,80,1
163.793700,73,73,36,100,28,65535,212,86,1
163.899278,73,73,36,100,28,65535,212,82,1
164.002095,74,73,36,100,34,65535,212,86,1
164.104425,73,73,36,100,30,65535,213,82,1
164.206709,73,74,36,100,28,65535,213,86,1
164.309650,73,74,36,100,25,65535,213,85,1
164.412086,73,74,36,100,25,65535,213,79,1
164.514412,73,74,36,100,23,65535,213,69,1
164.616677,73,74,36,100,26,65535,213,77,1
164.719431,73,73,36,100,23,65535,213,71,1
164.821879,73,72,36,100,21,65535,213,81,1
164.924812,73,73,36,100,28,65535,212,81,1
165.027359,73,74,36,100,28,65535,213,74,1
165.129868,73,74,36,100,24,65535,213,76,1
165.232794,73,72,36,100,23,65535,213,80,1
165.335364,73,74,36,100,22,65535,212,70,1
165.437878,73,72,36,100,22,65535,212,85,1
165.540758,73,72,36,100,21,65535,212,80,1
165.643679,73,73,36,100,20,65535,211,76,1
165.746651,73,73,36,100,21,65535,211,78,1
165.849172,73,73,36,100,26,65535,211,82,1
165.951803,73,73,36,100,30,65535,211,88,1
166.054749,73,74,36,100,28,65535,212,82,1
166.157490,73,73,36,100,22,65535,212,74,1
166.259931,73,72,36,100,25,65535,212,73,1
166.362802,73,72,36,100,21,65535,211,78,1
166.465742,73,72,36,100,23,65535,211,79,1
166.568864,73,72,36,100,26,65535,211,78,1
166.671759,73,72,36,100,21,65535,211,75,1
166.774809,73,73,36,100,18,65535,211,85,1
166.877767,73,73,36,100,29,65535,211,86,1
166.980675,73,74,36,100,28,65535,211,80,1
167.083532,73,74,36,100,24,65535,211,76,1
167.185951,73,74,36,100,28,65535,211,74,1
167.288769,73,73,36,100,27,65535,212,85,1
167.391689,73,73,36,100,24,65535,212,83,1
167.494668,73,74,36,100,24,65535,212,78,1
167.597673,74,74,36,100,25,65535,212,70,1
167.700572,73,72,36,100,25,65535,211,94,1
167.803228,74,73,36,100,31,65535,212,87,1
167.905786,73,74,36,100,29,65535,212,83,1
168.008686,73,73,36,100,27,65535,213,81,1
168.111681,73,73,36,100,27,65535,213,81,1
168.214685,73,74,36,100,27,65535,213,82,1
168.317570,73,73,36,100,25,65535,213,78,1
168.419959,73,73,36,100,26,65535,213,75,1
168.522795,73,73,36,100,22,65535,213,69,1
168.625850,72,73,36,100,28,65535,212,75,1
168.728696,73,73,36,100,25,65535,212,79,1
168.831698,73,73,36,100,26,65535,213,78,1
168.934531,73,74,36,100,27,65535,213,90,1
169.036944,73,73,36,100,26,65535,213,88,1
169.139832,74,73,36,100,17,65535,213,85,1
169.242725,73,73,36,100,20,65535,213,59,1
169.345734,66,71,36,0,0,65535,204,0,1
169.448536,65,69,36,0,0,65535,194,0,1
169.550909,65,70,36,0,0,65535,185,0,1
169.653941,64,68,36,0,0,65535,176,0,1
169.757042,64,68,36,0,0,65535,167,0,1
169.860050,64,68,36,0,0,65535,160,0,1
169.962788,64,68,36,0,0,65535,152,0,1
170.065565,63,67,36,0,0,65535,145,0,1
170.168472,64,67,36,0,0,65535,139,0,1
170.270911,63,67,36,0,0,65535,133,0,1
170.373950,63,67,36,0,0,65535,127,0,1
170.477297,63,67,36,0,0,65535,121,0,1
170.579559,63,68,36,0,0,65535,116,0,1
170.682303,63,67,36,0,0,65535,112,0,1
170.784822,62,66,36,0,0,65535,107,0,1
170.887946,63,66,36,0,0,65535,103,0,1
170.990805,62,66,36,0,0,65535,99,0,1
171.093941,62,66,36,0,0,65535,95,0,1
171.196951,62,66,36,0,0,65535,92,0,1
171.299957,62,66,36,0,0,65535,89,0,1
171.402598,62,66,36,0,0,65535,86,0,1
171.505337,62,66,36,0,0,65535,83,0,1
171.608338,62,67,36,0,0,65535,80,0,1
171.711338,62,66,36,0,0,65535,78,0,1
171.814346,61,67,36,0,0,65535,75,0,1
171.917112,61,67,36,0,0,65535,73,0,1
172.019591,62,65,36,0,0,65535,71,0,1
172.122358,61,65,36,0,0,65535,69,0,1
172.224833,61,65,36,0,0,65535,67,0,1
172.327985,61,65,36,0,0,65535,66,0,1
172.431010,61,65,36,0,0,65535,64,0,1
172.534007,61,65,36,0,0,65535,63,0,1
172.637026,61,65,36,0,0,65535,61,0,1
172.739624,61,65,36,0,0,65535,60,0,1
172.842389,61,65,36,0,0,65535,59,0,1
172.944823,61,66,36,0,0,65535,58,0,1
173.047723,60,65,36,0,0,65535,57,0,1
173.150094,60,65,35,0,0,65535,56,0,1
173.253128,61,64,35,0,0,65535,55,0,1
173.356151,61,64,36,0,0,65535,54,0,1
173.459136,61,64,35,0,0,65535,53,0,1
173.561661,61,64,35,0,0,65535,52,0,1
173.663961,60,64,36,0,0,65535,51,0,1
173.767027,61,64,35,0,0,65535,51,0,1
173.870109,60,64,35,0,0,65535,50,0,1
173.972766,60,64,36,0,0,65535,50,0,1
174.075126,60,64,36,0,0,65535,49,0,1
174.178138,59,64,35,0,0,65535,48,0,1
174.280690,60,64,35,0,0,65535,48,0,1
174.426807,59,65,35,7,1,65535,48,0,1
