timestamp,rocm_smi:::temp_current:device=0:sensor=0,rocm_smi:::temp_current:device=0:sensor=1,rocm_smi:::temp_current:device=0:sensor=2,rocm_smi:::mem_usage_VRAM:device=0,rocm_smi:::busy_percent:device=0,rocm_smi:::memory_busy_percent:device=0,power
0.001171,38000,38000,51000,17418362880,5,0,71
0.647529,40000,46000,54000,17418362880,100,13,97
1.165520,41000,47000,55000,17418362880,100,20,117
1.683709,41000,47000,55000,17418362880,100,17,131
2.204376,42000,47000,56000,17418362880,100,23,143
2.728122,42000,48000,57000,17418362880,100,32,152
3.249758,43000,49000,58000,17418362880,100,23,160
3.773794,43000,49000,57000,17418362880,100,19,163
4.293609,43000,50000,58000,17418362880,100,28,165
4.808287,43000,50000,58000,17418362880,100,24,168
5.321297,43000,51000,59000,17418362880,100,32,171
5.833378,44000,51000,58000,17418362880,100,19,171
6.346657,45000,51000,59000,17418362880,100,26,172
6.866248,44000,52000,58000,17418375168,100,12,169
7.380238,45000,52000,58000,17418362880,100,12,168
7.900588,45000,52000,58000,17418362880,100,11,165
8.419369,45000,52000,58000,17418362880,100,13,165
8.938878,46000,52000,59000,17418362880,100,13,165
9.452011,46000,53000,59000,17418362880,100,13,164
9.964946,47000,53000,58000,17418362880,100,8,163
10.482371,47000,54000,61000,17418362880,100,25,166
10.992556,47000,54000,59000,17418362880,100,12,164
11.504649,47000,54000,60000,17418362880,100,12,163
12.018189,48000,54000,61000,17418362880,100,17,166
12.527458,48000,55000,61000,17418362880,100,17,166
13.041774,48000,55000,61000,17418362880,100,12,165
13.554761,48000,55000,61000,17418362880,100,15,166
14.067779,48000,55000,61000,17418362880,100,15,166
14.579663,49000,56000,62000,17418362880,100,24,168
15.100950,49000,56000,62000,17418362880,100,11,168
15.612933,49000,56000,62000,17418362880,100,18,168
16.132609,49000,57000,62000,17418362880,100,9,165
16.651635,49000,57000,63000,17418362880,100,21,167
17.162477,50000,57000,63000,17418362880,100,16,167
17.682742,50000,57000,63000,17418362880,100,16,167
18.201712,50000,58000,63000,17418362880,100,11,166
18.713996,50000,58000,63000,17418362880,100,12,165
19.238351,51000,58000,63000,17418362880,100,13,165
19.759837,51000,59000,64000,17418362880,100,20,167
20.281813,52000,59000,64000,17418362880,100,23,169
20.797788,52000,59000,64000,17418362880,100,19,170
21.314927,52000,59000,64000,17418362880,100,16,170
21.835063,52000,60000,65000,17418362880,100,21,170
22.343015,52000,60000,64000,17418362880,100,11,170
22.855873,53000,61000,64000,17418362880,100,17,170
23.373890,53000,60000,64000,17418362880,100,14,168
23.893192,53000,61000,64000,17418362880,100,12,167
24.410421,53000,61000,65000,17418362880,100,16,167
24.921533,55000,61000,65000,17418362880,100,14,168
25.430380,53000,61000,66000,17418362880,100,17,169
25.949011,54000,62000,65000,17418362880,100,16,169
26.460430,54000,62000,66000,17418362880,100,15,169
26.972053,55000,62000,65000,17418362880,100,12,168
27.488654,56000,62000,66000,17418362880,100,11,168
28.002765,55000,62000,66000,17418362880,100,16,168
28.512138,55000,62000,67000,17418362880,100,19,169
29.033522,56000,63000,66000,17418362880,100,11,168
29.566202,56000,63000,67000,17418362880,100,15,169
30.089615,56000,64000,67000,17418362880,100,17,171
30.611952,57000,64000,67000,17418362880,100,13,169
31.133339,56000,63000,68000,17418362880,100,17,170
31.651572,57000,64000,67000,17418362880,100,11,168
32.171814,57000,64000,68000,17418362880,100,20,169
32.681437,57000,65000,67000,17418362880,100,10,169
33.196336,58000,65000,68000,17418362880,100,21,170
33.706896,57000,66000,68000,17418362880,100,14,169
34.225392,58000,65000,69000,17418362880,100,19,172
34.746933,58000,65000,69000,17418362880,100,21,172
35.264145,58000,66000,69000,17418362880,100,14,172
35.776644,59000,66000,69000,17418362880,100,13,172
36.297509,59000,67000,68000,17418362880,100,11,171
36.818582,58000,66000,68000,17418362880,100,9,170
37.338800,59000,67000,70000,17418362880,100,21,172
37.856574,59000,67000,69000,17418362880,100,16,172
38.374529,60000,67000,69000,17418375168,100,13,172
38.893164,60000,67000,70000,17418362880,100,16,171
39.401591,60000,67000,70000,17418362880,100,14,170
39.917162,59000,67000,70000,17418362880,100,15,170
40.435462,60000,68000,71000,17418362880,100,21,171
40.946710,60000,67000,70000,17418362880,100,11,170
41.456723,60000,67000,70000,17418362880,100,16,171
41.973485,61000,68000,71000,17418362880,100,16,171
42.492768,60000,68000,71000,17418362880,100,23,172
43.009272,61000,68000,71000,17418362880,100,12,172
43.526759,61000,68000,71000,17418362880,100,14,171
44.039532,61000,69000,71000,17418362880,100,13,171
44.560314,62000,69000,72000,17418362880,100,25,173
45.074908,61000,70000,73000,17418362880,100,23,175
45.588249,62000,69000,71000,17418362880,100,12,173
46.099894,62000,70000,73000,17418362880,100,25,175
46.616908,62000,69000,73000,17418362880,100,20,176
47.139934,62000,70000,71000,17418362880,100,11,173
47.659483,62000,70000,72000,17418362880,100,12,171
48.178368,62000,70000,72000,17418362880,100,17,172
48.698525,63000,71000,73000,17418362880,100,21,174
49.213330,63000,71000,73000,17418362880,100,23,175
49.734215,63000,71000,72000,17418362880,100,12,173
50.245468,63000,72000,73000,17418362880,100,17,174
50.761816,62000,71000,73000,17418362880,100,16,174
51.281666,64000,71000,73000,17418362880,100,14,174
51.798490,64000,71000,73000,17418362880,100,14,174
52.312223,64000,71000,73000,17418362880,100,14,174
52.824213,64000,72000,73000,17418362880,100,13,173
53.331723,64000,71000,74000,17418362880,100,15,174
53.844044,65000,72000,73000,17418362880,100,11,173
54.353442,64000,72000,74000,17418362880,100,15,172
54.865782,65000,72000,73000,17418362880,100,12,172
55.381822,65000,73000,74000,17418362880,100,19,173
55.902351,64000,72000,74000,17418362880,100,13,173
56.415751,65000,73000,74000,17418362880,100,12,173
56.929180,65000,73000,74000,17418362880,100,13,172
57.438778,65000,74000,74000,17418362880,100,9,171
57.950630,66000,73000,75000,17418362880,100,17,173
58.464471,66000,74000,75000,17418362880,100,18,174
58.983488,66000,73000,74000,17418362880,100,11,173
59.504502,66000,73000,74000,17418362880,100,12,173
60.024745,66000,74000,74000,17418362880,100,11,173
60.540564,66000,74000,75000,17418362880,100,17,174
61.070981,66000,74000,76000,17418362880,100,21,175
61.590675,66000,75000,77000,17418362880,100,29,177
62.100432,67000,74000,76000,17418362880,100,20,177
62.614680,66000,75000,76000,17418362880,100,14,177
63.130850,67000,75000,75000,17418362880,100,10,175
63.647935,67000,75000,75000,17418362880,100,13,174
64.189344,67000,76000,77000,17418362880,100,30,177
64.700300,67000,75000,76000,17418362880,100,12,178
65.216916,67000,76000,77000,17418362880,100,23,179
65.733024,67000,76000,77000,17418362880,100,19,179
66.255450,68000,76000,76000,17418362880,100,9,177
66.774895,67000,76000,77000,17418362880,100,17,177
67.285472,67000,76000,77000,17418362880,100,19,178
67.798390,67000,76000,76000,17418362880,100,12,176
68.308968,68000,76000,78000,17418362880,100,26,178
68.823205,68000,77000,78000,17418362880,100,22,179
69.337143,68000,77000,77000,17418362880,100,12,177
69.849652,68000,77000,77000,17418362880,100,15,178
70.385614,69000,77000,78000,17418362880,100,3,168
70.907841,67000,67000,74000,17418362880,0,0,135
71.423572,66000,67000,74000,17418362880,0,0,110
71.937560,66000,67000,74000,17418362880,0,0,93
72.450567,66000,67000,73000,17418362880,0,0,80
72.975157,66000,66000,73000,17418362880,0,0,71
73.489968,65000,66000,73000,17418362880,0,0,76
74.015903,66000,75000,77000,17418362880,100,27,107
74.539870,67000,76000,77000,17418362880,100,24,127
75.053336,67000,76000,77000,17418375168,100,19,142
75.565285,67000,76000,77000,17418362880,100,19,152
76.077399,67000,76000,77000,17418362880,100,23,161
76.601012,68000,76000,78000,17418362880,100,23,168
77.125914,68000,76000,77000,17418362880,100,15,170
77.650970,68000,77000,78000,17418362880,100,23,173
78.174992,68000,77000,78000,17418362880,100,20,176
78.682867,69000,77000,78000,17418362880,100,24,178
79.193741,68000,77000,79000,17418362880,100,25,180
79.705699,69000,78000,78000,17418362880,100,21,181
80.225358,69000,77000,78000,17418362880,100,16,181
80.738314,69000,78000,78000,17418362880,100,18,181
81.257521,70000,77000,79000,17418362880,100,24,182
81.776130,70000,77000,78000,17418362880,100,17,182
82.298840,70000,78000,79000,17418362880,100,27,183
82.813914,69000,78000,79000,17418362880,100,26,183
83.326638,70000,78000,80000,17418362880,100,23,184
83.843871,70000,78000,79000,17418362880,100,17,183
84.366875,70000,79000,79000,17418362880,100,22,184
84.902892,70000,79000,79000,17418362880,100,16,184
85.416686,70000,79000,80000,17418362880,100,22,184
85.925227,71000,79000,80000,17418362880,100,32,186
86.466798,71000,79000,80000,17418362880,100,19,186
86.980259,71000,79000,80000,17418362880,100,16,185
87.503760,71000,80000,80000,17418362880,100,21,185
88.024152,71000,79000,80000,17418362880,100,17,184
88.538896,71000,80000,81000,17418362880,100,25,184
89.047422,72000,80000,80000,17418362880,100,18,185
89.565469,72000,80000,80000,17418362880,100,20,184
90.082364,71000,80000,80000,17418362880,100,14,183
90.599888,72000,80000,81000,17418362880,100,27,184
91.109379,72000,80000,81000,17418362880,100,20,183
91.621835,72000,81000,81000,17418362880,100,16,182
92.136565,72000,80000,82000,17418362880,100,31,185
92.656611,72000,81000,81000,17418362880,100,26,186
93.172180,73000,81000,81000,17418362880,100,22,185
93.683830,73000,81000,81000,17418362880,100,15,184
94.192850,73000,82000,82000,17418362880,100,30,186
94.705254,73000,82000,82000,17418362880,100,33,187
95.216248,73000,82000,82000,17418362880,100,18,187
95.730686,72000,82000,82000,17418362880,100,22,187
96.243242,73000,82000,82000,17418362880,100,20,186
96.756263,73000,83000,82000,17418362880,100,24,186
97.296633,74000,82000,81000,17418362880,100,10,183
97.817058,74000,83000,82000,17418362880,100,23,184
98.335898,74000,82000,81000,17418362880,100,17,183
98.856864,73000,83000,81000,17418362880,100,15,182
99.373725,73000,82000,82000,17418362880,100,14,182
99.895836,73000,83000,82000,17418362880,100,16,182
100.415932,74000,83000,82000,17418362880,100,14,182
100.938268,75000,83000,82000,17418362880,100,17,182
101.466116,74000,84000,82000,17418362880,100,16,182
101.979602,74000,84000,82000,17418362880,100,18,182
102.500764,74000,83000,83000,17418362880,100,29,184
103.021796,74000,84000,83000,17418362880,100,16,184
103.545120,74000,84000,83000,17418362880,100,18,185
104.071614,75000,84000,83000,17418362880,100,16,185
104.589645,75000,84000,84000,17418362880,100,36,186
105.109933,75000,85000,82000,17418362880,100,13,184
105.625425,75000,84000,82000,17418362880,100,11,182
106.147674,75000,84000,83000,17418362880,100,16,181
106.666717,76000,84000,83000,17418362880,100,22,182
107.183738,75000,84000,83000,17418362880,100,18,183
107.694757,75000,84000,84000,17418362880,100,19,183
108.205063,75000,84000,83000,17418362880,100,14,181
108.713901,74000,85000,83000,17418362880,100,17,181
109.222507,75000,85000,84000,17418362880,100,16,182
109.729137,75000,85000,83000,17418362880,100,15,182
110.245917,76000,84000,83000,17418362880,100,16,182
110.761649,76000,85000,83000,17418362880,100,14,182
111.275061,77000,85000,84000,17418362880,100,23,182
111.789043,76000,84000,84000,17418362880,100,17,181
112.298577,76000,85000,83000,17418362880,100,10,179
112.820783,76000,85000,83000,17418362880,100,14,178
113.325415,77000,85000,83000,17418362880,100,12,177
113.836422,76000,86000,84000,17418362880,100,20,179
114.353036,77000,85000,85000,17418362880,100,27,182
114.863577,77000,85000,85000,17418362880,100,18,182
115.376082,77000,86000,84000,17418362880,100,17,182
115.887371,76000,86000,85000,17418362880,100,17,183
116.398456,78000,86000,85000,17418362880,100,17,184
116.911696,77000,86000,84000,17418375168,100,14,182
117.424394,77000,86000,84000,17418362880,100,11,182
117.942243,77000,86000,84000,17418362880,100,12,181
118.459698,77000,86000,84000,17418362880,100,12,180
118.979965,78000,86000,84000,17418362880,100,12,179
119.506352,77000,86000,84000,17418362880,100,17,180
120.027039,77000,87000,85000,17418362880,100,17,179
120.552338,77000,87000,84000,17418362880,100,13,181
121.097079,77000,87000,84000,17418362880,100,13,181
121.621412,78000,86000,85000,17418362880,100,15,182
122.152535,78000,87000,86000,17418362880,100,28,184
122.668812,78000,87000,85000,17418362880,100,18,183
123.192538,78000,87000,85000,17418362880,100,14,182
123.718496,78000,87000,86000,17418362880,100,28,184
124.237265,78000,86000,87000,17418362880,100,27,186
124.757282,78000,87000,86000,17418362880,100,22,186
125.283039,78000,87000,85000,17418362880,100,10,185
125.809549,78000,87000,87000,17418362880,100,27,187
126.334789,78000,87000,86000,17418362880,100,16,185
126.860226,78000,88000,85000,17418362880,100,10,183
127.385706,79000,87000,85000,17418362880,100,17,183
127.902440,78000,87000,86000,17418362880,100,28,185
128.428484,78000,88000,86000,17418362880,100,19,185
128.944008,79000,87000,86000,17418362880,100,18,185
129.462802,79000,88000,86000,17418362880,100,13,184
129.981402,78000,88000,86000,17418362880,100,20,184
130.508984,79000,88000,85000,17418362880,100,12,182
131.034990,78000,88000,86000,17418362880,100,13,182
131.563541,79000,88000,86000,17418362880,100,13,182
132.095861,79000,88000,87000,17418362880,100,22,184
132.620391,79000,88000,87000,17418362880,100,29,186
133.136499,79000,88000,88000,17418362880,100,34,188
133.654216,79000,88000,87000,17418362880,100,18,189
134.177227,80000,88000,86000,17418362880,100,14,187
134.696486,79000,88000,86000,17418362880,100,13,185
135.216533,79000,88000,87000,17418362880,100,23,186
135.745604,80000,88000,86000,17418362880,100,9,185
136.265841,79000,89000,86000,17418362880,100,13,185
136.790126,79000,89000,86000,17418362880,100,14,183
137.308752,80000,89000,86000,17418362880,100,14,183
137.834875,80000,89000,87000,17418362880,100,14,184
138.350680,79000,89000,87000,17418362880,100,16,185
138.874162,80000,89000,87000,17418362880,100,14,185
139.399419,81000,89000,88000,17418362880,100,25,186
139.926609,80000,88000,87000,17418362880,100,12,186
140.450551,81000,89000,88000,17418362880,100,25,188
140.974469,80000,89000,87000,17418362880,100,18,187
141.498347,80000,90000,86000,17418362880,100,13,186
142.018653,81000,89000,88000,17418362880,100,26,187
142.544900,81000,90000,87000,17418362880,100,19,186
143.069921,80000,90000,87000,17418362880,100,13,184
143.586575,81000,90000,88000,17418362880,100,23,186
144.112898,81000,90000,88000,17418362880,100,12,187
144.635202,81000,90000,89000,17418362880,100,29,188
145.157731,81000,90000,89000,17418362880,100,22,180
145.683114,79000,80000,85000,17418362880,0,0,145
146.207609,79000,79000,84000,17418362880,0,0,119
146.732642,78000,78000,84000,17418362880,0,0,101
147.261069,78000,78000,83000,17418362880,0,0,87
147.789924,78000,78000,83000,17418362880,0,0,77
148.317830,77000,80000,83000,17418362880,99,30,82
148.834035,78000,87000,87000,17418362880,100,28,114
149.358781,79000,88000,86000,17418362880,100,19,134
149.877678,79000,88000,87000,17418362880,100,28,149
150.386946,79000,88000,88000,17418362880,100,31,161
150.904361,80000,88000,88000,17418362880,100,26,169
151.423965,80000,88000,88000,17418362880,100,23,176
151.953283,80000,88000,87000,17418362880,100,20,180
152.476268,80000,89000,87000,17418362880,100,21,183
153.001773,80000,89000,88000,17418362880,100,29,186
153.526045,80000,90000,87000,17418362880,100,16,186
154.049550,80000,89000,87000,17418362880,100,18,187
154.577441,80000,89000,88000,17418362880,100,25,189
155.106011,80000,90000,88000,17418362880,100,26,190
155.629143,80000,90000,88000,17418362880,100,21,190
156.156947,81000,90000,88000,17418362880,100,18,189
156.681969,80000,89000,88000,17418362880,100,16,190
157.204742,80000,90000,87000,17418362880,100,14,188
157.728022,81000,90000,87000,17418362880,100,13,186
158.255048,81000,90000,88000,17418362880,100,19,186
158.774078,81000,90000,88000,17418362880,100,24,187
159.293849,81000,90000,88000,17418362880,100,17,187
159.813609,80000,90000,88000,17418362880,100,18,186
160.337392,81000,90000,87000,17418362880,100,13,185
160.861370,80000,91000,89000,17418362880,100,20,187
161.386708,81000,90000,89000,17418362880,100,25,188
161.916179,81000,91000,89000,17418362880,100,21,188
162.445327,82000,91000,88000,17418362880,100,12,187
162.972459,82000,90000,89000,17418362880,100,29,188
163.497637,81000,90000,88000,17418362880,100,12,187
164.023144,81000,91000,88000,17418362880,100,12,185
164.543647,81000,90000,89000,17418362880,100,28,187
165.067310,81000,91000,90000,17418362880,100,30,189
165.591895,82000,91000,89000,17418362880,100,19,188
166.109988,82000,92000,89000,17418362880,100,18,187
166.636837,82000,92000,89000,17418362880,100,27,188
167.161813,82000,91000,89000,17418362880,100,13,188
167.683243,81000,92000,89000,17418362880,100,19,188
168.205719,82000,91000,89000,17418362880,100,20,188
168.724661,81000,91000,89000,17418362880,100,15,188
169.271483,83000,91000,89000,17418362880,100,19,188
169.794928,83000,92000,89000,17418362880,100,13,187
170.320065,82000,92000,89000,17418362880,100,14,186
170.841808,82000,92000,89000,17418362880,100,21,186
171.367000,83000,92000,88000,17418362880,100,11,184
171.894880,82000,92000,88000,17418362880,100,10,183
172.421897,82000,92000,89000,17418362880,100,16,184
172.943633,83000,92000,89000,17418362880,100,13,186
173.460433,82000,92000,90000,17418362880,100,26,188
173.981259,83000,92000,90000,17418362880,100,20,189
174.509282,82000,92000,90000,17418362880,100,23,190
175.032926,83000,92000,90000,17418362880,100,19,191
175.547583,83000,92000,90000,17418362880,100,23,191
176.064131,83000,93000,89000,17418362880,100,13,189
176.582988,83000,93000,89000,17418362880,100,16,188
177.103615,83000,92000,90000,17418362880,100,15,188
177.622952,83000,93000,90000,17418362880,100,17,187
178.141343,83000,93000,90000,17418362880,100,22,189
178.662936,83000,93000,90000,17418362880,100,17,190
179.186965,83000,93000,90000,17418362880,100,14,189
179.711509,84000,93000,91000,17418362880,100,22,190
180.234612,84000,93000,91000,17418362880,100,23,192
180.752999,84000,93000,92000,17418362880,100,30,195
181.289012,84000,93000,90000,17418362880,100,15,193
181.805281,84000,93000,90000,17418362880,100,11,191
182.328845,84000,94000,91000,17418362880,100,24,193
182.847409,84000,93000,91000,17418362880,100,25,193
183.367444,84000,94000,91000,17418362880,100,19,193
183.886308,85000,94000,91000,17418362880,100,23,192
184.406693,84000,94000,91000,17418362880,100,27,193
184.915944,84000,94000,91000,17418362880,100,10,192
185.428253,85000,94000,91000,17418362880,100,24,193
185.946861,84000,94000,90000,17418362880,100,13,191
186.462725,84000,93000,90000,17418362880,100,9,188
186.984284,85000,94000,90000,17418362880,100,14,187
187.505789,84000,94000,91000,17418362880,100,14,188
188.022326,84000,94000,91000,17418362880,100,15,188
188.535772,85000,94000,90000,17418362880,100,11,187
189.046547,85000,94000,91000,17418362880,100,18,187
189.564042,86000,95000,92000,17418362880,100,31,191
190.083419,85000,94000,91000,17418362880,100,13,191
190.605166,86000,94000,92000,17418362880,100,27,193
191.120985,85000,95000,91000,17418362880,100,20,194
191.636599,85000,94000,92000,17418362880,100,24,194
192.155777,85000,94000,91000,17418362880,100,13,191
192.678638,86000,94000,91000,17418362880,100,14,190
193.190802,86000,95000,92000,17418362880,100,20,192
193.709166,86000,95000,92000,17418362880,100,24,193
194.228181,85000,95000,92000,17418362880,100,29,194
194.749637,86000,95000,92000,17418362880,100,25,195
195.270821,86000,95000,92000,17418362880,100,18,195
195.798395,87000,95000,91000,17418362880,100,12,193
196.338815,87000,95000,92000,17418362880,100,14,192
196.860138,86000,95000,91000,17418362880,100,12,189
197.388728,86000,94000,91000,17418362880,100,11,189
197.921295,86000,96000,91000,17418362880,100,10,190
198.455133,87000,95000,91000,17418362880,100,14,189
198.990821,87000,95000,91000,17418362880,100,18,189
199.529155,86000,95000,92000,17418362880,100,16,191
200.066390,86000,96000,92000,17418362880,100,19,192
200.623897,86000,96000,92000,17418362880,100,16,193
201.235038,86000,96000,92000,17418362880,100,15,194
201.751181,86000,95000,93000,17418362880,100,19,194
202.370939,87000,96000,91000,17418362880,100,22,196
202.958988,87000,96000,92000,17418362880,100,18,196
203.523051,86000,96000,93000,17418362880,100,22,197
204.133007,86000,95000,92000,17418362880,100,11,194
204.729144,87000,96000,93000,17418362880,100,18,196
205.322182,87000,96000,92000,17418362880,100,12,196
205.904760,87000,96000,92000,17418362880,100,12,196
206.499589,87000,96000,92000,17418362880,100,10,193
207.015575,87000,96000,92000,17418362880,100,14,192
207.587609,87000,97000,92000,17418362880,100,14,191
208.205450,87000,96000,92000,17418362880,100,13,191
208.807333,87000,97000,92000,17418362880,100,10,191
209.399283,87000,97000,92000,17418362880,100,9,190
209.985292,87000,96000,92000,17418362880,100,10,190
210.608994,87000,97000,92000,17418362880,100,10,191
211.173917,88000,97000,93000,17418362880,100,15,192
211.770370,87000,97000,92000,17418362880,100,10,192
212.353170,87000,97000,92000,17418362880,100,11,192
212.912869,87000,98000,93000,17418362880,100,11,192
213.533155,88000,97000,93000,17418362880,100,18,194
214.128668,87000,97000,94000,17418362880,100,22,196
214.729485,88000,97000,93000,17418362880,100,18,197
215.312688,88000,98000,93000,17418362880,100,17,196
215.885529,88000,97000,93000,17418362880,100,16,196
216.450952,87000,98000,94000,17418362880,100,25,197
216.970591,88000,98000,93000,17418362880,100,16,195
217.545934,88000,98000,93000,17418362880,100,20,196
218.133899,88000,98000,94000,17418362880,100,21,197
218.710653,88000,98000,94000,17418362880,100,17,197
219.278800,88000,97000,95000,17418362880,100,30,198
219.857703,89000,98000,94000,17418362880,100,18,198
220.473735,89000,98000,93000,17418362880,100,11,196
221.072810,89000,99000,93000,17418362880,100,16,195
221.648792,87000,89000,91000,17418362880,0,0,169
222.159103,86000,88000,91000,17418375168,0,0,139
222.721407,86000,87000,90000,17418362880,0,0,115
223.301888,86000,86000,90000,17418362880,0,0,99
223.885161,85000,86000,89000,17418362880,0,0,87
224.459225,84000,85000,89000,17418362880,0,0,90
225.032956,86000,95000,92000,17418362880,100,23,123
225.622235,87000,96000,93000,17418362880,100,21,148
226.198021,87000,96000,93000,17418362880,100,22,164
226.770389,87000,96000,93000,17418362880,100,27,176
227.290809,87000,96000,93000,17418362880,100,24,181
227.861404,87000,96000,93000,17418362880,100,20,187
228.441798,87000,97000,94000,17418362880,100,27,192
229.032708,87000,97000,93000,17418362880,100,24,195
229.620191,88000,96000,94000,17418362880,100,22,197
230.249169,87000,96000,93000,17418362880,100,19,198
230.822275,87000,97000,94000,17418362880,100,22,198
231.412279,88000,98000,94000,17418362880,100,26,199
231.996428,88000,97000,94000,17418362880,100,26,200
232.512437,88000,96000,94000,17418362880,100,32,201
233.116300,88000,97000,94000,17418362880,100,19,200
233.718002,87000,98000,94000,17418362880,100,27,200
234.278975,88000,97000,94000,17418362880,100,22,200
234.877828,88000,97000,95000,17418362880,100,26,201
235.464427,88000,98000,94000,17418362880,100,19,199
236.054429,88000,97000,94000,17418362880,100,25,199
236.645549,88000,97000,95000,17418362880,100,24,199
237.205611,89000,97000,94000,17418362880,100,24,198
237.723297,88000,96000,95000,17418362880,100,24,196
238.319168,88000,96000,95000,17418362880,100,27,196
238.908523,88000,97000,94000,17418362880,100,16,193
239.507061,89000,97000,94000,17418362880,100,14,192
240.135286,89000,97000,95000,17418362880,100,17,193
240.730145,89000,97000,95000,17418362880,100,24,193
241.355262,89000,96000,94000,17418362880,100,19,191
241.985836,89000,96000,94000,17418362880,100,17,189
242.504974,89000,96000,95000,17418362880,100,30,188
243.079771,89000,96000,95000,17418362880,100,17,185
243.644567,89000,96000,94000,17418362880,100,19,181
244.219771,89000,95000,94000,17418362880,100,19,179
244.794051,88000,96000,95000,17418362880,100,21,177
245.395381,88000,95000,95000,17418362880,100,27,176
245.956296,89000,95000,94000,17418362880,100,20,173
246.551007,88000,94000,95000,17418362880,100,19,171
247.150055,88000,95000,94000,17418362880,100,13,169
247.666479,88000,94000,95000,17418362880,100,27,169
248.254027,88000,95000,94000,17418362880,100,12,167
248.853808,88000,95000,93000,17418362880,100,10,165
249.415033,88000,95000,94000,17418362880,100,23,167
250.014030,88000,96000,94000,17418362880,100,14,171
250.613116,88000,96000,94000,17418362880,100,18,174
251.194818,88000,96000,94000,17418362880,100,17,176
251.755464,88000,97000,93000,17418362880,100,9,175
252.359243,88000,97000,94000,17418362880,100,15,180
252.878866,89000,98000,94000,17418362880,100,16,184
253.460547,89000,98000,94000,17418362880,100,16,186
254.068539,89000,98000,93000,17418375168,100,10,187
254.622529,89000,98000,93000,17418362880,100,10,188
255.204955,89000,98000,94000,17418362880,100,15,189
255.788417,89000,98000,94000,17418362880,100,10,189
256.348502,89000,98000,95000,17418362880,100,21,191
256.899646,89000,97000,95000,17418362880,100,22,192
257.459990,89000,98000,94000,17418362880,100,18,191
257.972039,89000,97000,95000,17418362880,100,26,189
258.534066,89000,97000,94000,17418362880,100,12,185
259.063981,89000,97000,94000,17418362880,100,17,184
259.612987,89000,97000,95000,17418362880,100,24,185
260.157466,89000,97000,94000,17418362880,100,10,182
260.683924,89000,97000,94000,17418362880,100,15,181
261.205625,89000,96000,95000,17418362880,100,23,181
261.727744,89000,96000,95000,17418362880,100,24,180
262.250530,89000,96000,94000,17418362880,100,12,178
262.775963,89000,96000,94000,17418362880,100,9,175
263.298280,89000,96000,94000,17418362880,100,10,174
263.824200,88000,96000,94000,17418362880,100,17,174
264.349686,89000,96000,95000,17418362880,100,23,175
264.871669,89000,96000,94000,17418362880,100,13,174
265.398074,89000,96000,95000,17418362880,100,23,173
265.923687,89000,95000,93000,17418362880,100,8,169
266.450326,88000,95000,94000,17418362880,100,9,170
266.974703,88000,96000,94000,17418362880,100,9,170
267.488811,89000,97000,94000,17418362880,100,15,172
268.008970,88000,96000,94000,17418362880,100,15,173
268.555835,89000,96000,94000,17418362880,100,10,172
269.080459,88000,97000,94000,17418362880,100,16,173
269.608569,88000,96000,95000,17418362880,100,28,175
270.179670,88000,96000,94000,17418362880,100,14,174
270.707309,89000,96000,94000,17418362880,100,15,174
271.236947,88000,96000,95000,17418362880,100,23,175
271.762002,88000,96000,95000,17418362880,100,23,175
272.290706,89000,96000,95000,17418362880,100,17,173
272.817692,89000,96000,94000,17418362880,100,15,170
273.337504,89000,96000,94000,17418362880,100,16,170
273.861471,89000,96000,94000,17418362880,100,15,172
274.382648,88000,96000,94000,17418362880,100,20,174
274.907656,89000,96000,94000,17418362880,100,23,174
275.431647,89000,96000,94000,17418362880,100,12,174
275.954878,89000,96000,94000,17418362880,100,8,174
276.481190,89000,97000,95000,17418362880,100,21,177
277.006647,88000,96000,95000,17418362880,100,17,179
277.533640,90000,96000,95000,17418362880,100,25,179
278.058891,89000,96000,93000,17418362880,100,15,177
278.580692,89000,96000,93000,17418362880,100,18,176
279.145272,88000,96000,94000,17418362880,100,9,175
279.672630,88000,96000,94000,17418362880,100,19,174
280.195332,89000,96000,94000,17418362880,100,13,172
280.711343,88000,96000,93000,17418362880,100,9,170
281.239833,89000,96000,95000,17418362880,100,19,173
281.763632,89000,96000,95000,17418362880,100,21,174
282.279805,88000,96000,94000,17418362880,100,14,174
282.804852,89000,96000,94000,17418362880,100,20,174
283.330968,89000,96000,94000,17418362880,100,17,174
283.851945,89000,96000,94000,17418362880,100,9,172
284.375111,88000,96000,94000,17418362880,100,12,174
284.896515,88000,96000,95000,17418362880,100,27,176
285.413924,89000,96000,94000,17418362880,100,16,175
285.926012,89000,96000,95000,17418362880,100,20,175
286.443564,88000,96000,94000,17418362880,100,17,175
286.971224,89000,96000,94000,17418362880,100,18,175
287.497972,88000,96000,94000,17418362880,100,10,174
288.022629,88000,96000,94000,17418362880,100,15,175
288.544712,89000,96000,94000,17418362880,100,15,176
289.058934,89000,96000,95000,17418362880,100,26,177
289.571037,89000,96000,94000,17418362880,100,19,177
290.092699,89000,96000,94000,17418362880,100,17,177
290.637927,89000,97000,93000,17418362880,100,11,176
291.161454,89000,97000,94000,17418362880,100,11,178
291.688203,89000,98000,94000,17418362880,100,16,182
292.218335,89000,98000,95000,17418362880,100,27,185
292.743885,89000,97000,95000,17418362880,100,22,185
293.270016,89000,97000,94000,17418362880,100,12,182
293.791441,89000,98000,94000,17418362880,100,13,180
294.317649,89000,97000,94000,17418362880,100,10,180
294.840279,89000,97000,95000,17418362880,100,24,183
295.366961,89000,97000,95000,17418362880,100,13,184
295.887183,89000,97000,96000,17418362880,100,30,185
296.410636,89000,97000,96000,17418362880,100,32,185
296.936446,89000,95000,94000,17418362880,100,11,180
297.461420,89000,96000,95000,17418362880,100,26,178
297.990457,89000,95000,95000,17418362880,100,18,175
298.514775,89000,96000,94000,17418362880,100,11,171
299.032128,89000,95000,94000,17418362880,100,10,167
299.547147,89000,96000,93000,17418362880,100,12,165
300.072312,89000,96000,94000,17418362880,100,12,166
300.598524,89000,96000,94000,17418362880,100,21,170
301.129284,89000,96000,95000,17418362880,100,16,172
301.659784,89000,96000,94000,17418362880,100,24,172
302.189021,87000,88000,91000,17418362880,0,0,142
302.716970,87000,88000,91000,17418362880,0,0,119
303.245539,87000,87000,90000,17418362880,0,0,103
303.773781,86000,87000,90000,17418362880,0,0,91
304.299728,86000,86000,90000,17418362880,0,0,82
304.831965,85000,85000,90000,17418362880,0,0,88
305.362403,87000,96000,93000,17418362880,100,27,120
305.884892,87000,96000,93000,17418362880,100,24,142
306.405559,87000,97000,94000,17418362880,100,28,158
306.930392,87000,97000,94000,17418362880,100,34,170
307.450605,88000,96000,94000,17418362880,100,20,178
307.973731,88000,97000,93000,17418362880,100,17,182
308.501409,88000,97000,94000,17418362880,100,20,186
309.027967,88000,97000,94000,17418362880,100,25,190
309.557926,88000,97000,95000,17418362880,100,34,193
310.090706,88000,97000,94000,17418362880,100,20,194
310.621337,88000,97000,94000,17418362880,100,26,195
311.148713,88000,97000,95000,17418362880,100,23,196
311.668643,88000,97000,94000,17418362880,100,18,196
312.195721,89000,97000,94000,17418362880,100,17,195
312.716004,88000,97000,95000,17418362880,100,31,195
313.242848,88000,97000,95000,17418362880,100,23,194
313.766297,89000,96000,94000,17418362880,100,24,192
314.288525,88000,96000,93000,17418362880,100,13,189
314.821651,89000,97000,94000,17418362880,100,25,190
315.344771,89000,97000,94000,17418362880,100,19,191
315.865546,88000,98000,94000,17418362880,100,10,190
316.388309,89000,98000,95000,17418362880,100,25,191
316.918789,89000,97000,94000,17418362880,100,17,190
317.501249,88000,97000,95000,17418362880,100,21,189
318.025477,89000,97000,95000,17418362880,100,18,187
318.551049,89000,96000,94000,17418362880,100,11,184
319.075044,89000,97000,95000,17418362880,100,13,183
319.601849,89000,97000,94000,17418362880,100,11,182
320.132199,89000,97000,93000,17418362880,100,9,181
320.659548,89000,97000,94000,17418362880,100,11,181
321.187326,89000,98000,94000,17418362880,100,12,182
321.718613,89000,98000,94000,17418362880,100,12,183
322.241143,89000,98000,95000,17418362880,100,21,187
322.758389,89000,98000,94000,17418362880,100,13,187
323.284545,89000,98000,94000,17418362880,100,15,186
323.816215,89000,98000,94000,17418362880,100,17,187
324.331732,89000,97000,95000,17418362880,100,24,188
324.847696,89000,97000,95000,17418362880,100,27,189
325.365585,90000,97000,95000,17418362880,100,25,188
325.897281,89000,96000,95000,17418362880,100,24,186
326.442441,89000,96000,95000,17418362880,100,20,182
326.973674,90000,96000,94000,17418362880,100,10,178
327.501019,89000,97000,94000,17418362880,100,11,174
328.028893,89000,96000,95000,17418362880,100,23,174
328.561576,89000,96000,94000,17418362880,100,10,171
329.090186,89000,96000,94000,17418362880,100,20,171
329.618763,89000,96000,95000,17418362880,100,21,171
330.156683,89000,96000,95000,17418362880,100,24,171
330.694219,89000,95000,94000,17418362880,100,16,168
331.232499,89000,95000,94000,17418362880,100,15,165
331.749720,89000,95000,94000,17418362880,100,18,163
332.266839,89000,95000,94000,17418362880,100,11,160
332.786729,89000,95000,94000,17418362880,100,17,161
333.303401,89000,95000,93000,17418362880,100,9,161
333.820612,89000,96000,94000,17418362880,100,18,165
334.336369,89000,96000,95000,17418362880,100,17,168
334.855881,89000,95000,94000,17418362880,100,12,168
335.374848,89000,96000,95000,17418362880,100,20,170
335.896848,89000,96000,95000,17418362880,100,23,171
336.411470,89000,96000,94000,17418362880,100,21,170
336.927042,88000,96000,93000,17418362880,100,11,169
337.445004,88000,96000,94000,17418362880,100,18,169
337.961755,88000,96000,93000,17418362880,100,10,169
338.485527,89000,96000,95000,17418362880,100,27,173
339.038426,89000,96000,94000,17418362880,100,8,174
339.563887,89000,96000,94000,17418362880,100,13,174
340.078372,89000,96000,94000,17418362880,100,13,175
340.601974,89000,96000,95000,17418362880,100,33,179
341.126933,89000,96000,94000,17418362880,100,10,177
341.647683,90000,96000,94000,17418362880,100,15,176
342.162572,89000,97000,94000,17418362880,100,9,176
342.687287,89000,96000,95000,17418362880,100,21,177
343.202574,88000,96000,94000,17418362880,100,10,175
343.721036,89000,96000,94000,17418362880,100,15,175
344.287277,88000,96000,94000,17418362880,100,19,176
344.807437,89000,96000,93000,17418362880,100,11,173
345.331136,90000,96000,94000,17418362880,100,19,174
345.845463,89000,96000,95000,17418362880,100,24,175
346.360888,89000,96000,94000,17418362880,100,12,174
346.874929,89000,96000,94000,17418362880,100,14,172
347.399636,89000,96000,94000,17418362880,100,13,172
347.924353,89000,98000,93000,17418362880,100,10,173
348.448273,89000,97000,95000,17418362880,100,17,177
348.974285,89000,97000,95000,17418362880,100,26,180
349.541386,89000,97000,94000,17418362880,100,12,179
350.060569,88000,97000,94000,17418362880,100,16,179
350.584899,89000,97000,94000,17418362880,100,11,180
351.111616,89000,98000,93000,17418362880,100,9,181
351.653937,89000,97000,95000,17418362880,100,15,183
352.176639,89000,97000,95000,17418362880,100,21,184
352.692535,89000,97000,95000,17418362880,100,22,184
353.208467,89000,97000,95000,17418362880,100,22,183
353.722971,89000,96000,95000,17418362880,100,20,181
354.239388,89000,96000,94000,17418362880,100,9,177
354.778599,89000,96000,95000,17418362880,100,14,175
355.298080,89000,96000,94000,17418362880,100,10,173
355.816782,89000,96000,94000,17418362880,100,14,172
356.333591,88000,96000,94000,17418362880,100,11,170
356.847683,88000,96000,94000,17418362880,100,12,168
357.361770,88000,95000,94000,17418362880,100,13,166
357.977661,89000,96000,94000,17418362880,100,14,167
358.504937,89000,96000,94000,17418362880,100,12,166
359.017335,89000,96000,93000,17418362880,100,13,166
359.530307,89000,96000,94000,17418362880,100,14,167
360.050384,89000,97000,94000,17418362880,100,14,170
360.563785,89000,98000,94000,17418362880,100,16,173
361.098138,89000,97000,94000,17418362880,100,8,175
361.622203,89000,97000,95000,17418362880,100,16,179
362.164510,89000,96000,95000,17418362880,100,27,182
362.687846,89000,97000,95000,17418362880,100,18,181
363.216622,89000,96000,95000,17418362880,100,32,181
363.740330,89000,96000,95000,17418362880,100,21,180
364.273708,89000,96000,95000,17418362880,100,24,178
364.806725,89000,95000,94000,17418362880,100,12,174
365.317414,89000,96000,94000,17418362880,100,15,171
365.849228,89000,96000,95000,17418362880,100,16,168
366.384129,89000,95000,94000,17418362880,100,9,164
366.912113,89000,95000,94000,17418362880,100,12,163
367.437707,89000,96000,94000,17418362880,100,12,163
368.047884,89000,95000,94000,17418362880,100,12,163
368.620761,88000,96000,93000,17418362880,100,9,164
369.192653,88000,96000,94000,17418362880,100,15,166
369.814077,89000,97000,94000,17418362880,100,11,169
370.387365,88000,97000,94000,17418362880,100,13,171
370.901644,89000,97000,94000,17418362880,100,11,171
371.489458,89000,97000,94000,17418362880,100,13,174
372.066359,89000,96000,95000,17418362880,100,20,177
372.686662,89000,96000,94000,17418362880,100,12,177
373.279947,89000,97000,94000,17418362880,100,16,177
373.856917,89000,97000,93000,17418362880,100,8,176
374.458655,89000,99000,93000,17418362880,100,7,179
375.081533,89000,98000,95000,17418362880,100,28,186
375.610149,89000,97000,95000,17418362880,100,24,187
376.167474,89000,97000,95000,17418362880,100,12,184
376.770582,89000,97000,94000,17418362880,100,14,182
377.378522,89000,97000,94000,17418362880,100,7,178
377.990768,89000,97000,93000,17418362880,100,10,176
378.593810,90000,97000,94000,17418362880,100,10,176
379.171195,89000,97000,94000,17418362880,100,13,176
379.760642,89000,97000,94000,17418362880,100,13,177
380.372524,90000,97000,95000,17418362880,100,20,180
380.876979,90000,96000,95000,17418362880,100,18,179
381.464508,89000,96000,96000,17418362880,100,29,180
382.082318,90000,96000,94000,17418362880,100,10,175
382.647403,89000,95000,94000,17418362880,100,4,164
383.236810,87000,88000,91000,17418362880,0,0,133
383.838541,87000,88000,91000,17418362880,0,0,111
384.435560,87000,88000,90000,17418362880,0,0,95
385.019344,87000,87000,90000,17418362880,0,0,84
385.631715,86000,86000,90000,17418362880,0,0,82
386.141579,87000,96000,94000,17418362880,100,35,115
386.750372,87000,97000,93000,17418362880,100,18,142
387.345293,88000,97000,94000,17418362880,100,26,161
387.916055,88000,97000,94000,17418362880,100,22,172
388.511484,89000,98000,94000,17418362880,100,20,180
389.084522,87000,98000,94000,17418362880,100,13,185
389.659805,88000,98000,95000,17418362880,100,31,189
390.242272,89000,97000,94000,17418362880,100,26,192
390.848328,89000,97000,94000,17418362880,100,15,192
391.366403,88000,97000,95000,17418362880,100,21,192
391.961718,88000,97000,95000,17418362880,100,30,193
392.541276,89000,97000,95000,17418362880,100,20,191
393.139658,89000,96000,95000,17418362880,100,33,189
393.724192,89000,96000,95000,17418362880,100,18,185
394.305221,88000,96000,95000,17418362880,100,19,182
394.872548,89000,96000,95000,17418362880,100,21,180
395.486749,89000,96000,94000,17418362880,100,12,176
396.058486,88000,95000,94000,17418362880,100,17,175
396.615912,88000,96000,94000,17418362880,100,21,174
397.204513,89000,95000,93000,17418362880,100,14,172
397.802523,89000,96000,94000,17418362880,100,22,174
398.378316,89000,96000,94000,17418362880,100,14,174
398.931277,89000,96000,93000,17418362880,100,9,172
399.531325,89000,97000,94000,17418362880,100,16,174
400.133426,89000,97000,93000,17418362880,100,10,177
400.732682,89000,98000,95000,17418362880,100,29,185
401.248063,89000,98000,95000,17418362880,100,18,187
401.810310,89000,98000,95000,17418375168,100,24,189
402.369622,89000,97000,95000,17418362880,100,22,189
402.971476,89000,97000,93000,17418362880,100,13,185
403.536967,89000,97000,94000,17418362880,100,10,183
404.137917,89000,98000,94000,17418362880,100,10,185
404.705490,90000,98000,94000,17418362880,100,11,186
405.297567,89000,98000,94000,17418362880,100,14,188
405.888655,89000,98000,95000,17418362880,100,25,190
406.404937,90000,98000,95000,17418362880,100,19,187
406.992526,89000,97000,96000,17418362880,100,26,187
407.588993,89000,97000,96000,17418362880,100,29,185
408.182036,89000,96000,95000,17418362880,100,24,181
408.780153,89000,96000,95000,17418362880,100,13,175
409.366311,89000,95000,94000,17418362880,100,16,171
409.964210,89000,96000,93000,17418362880,100,9,167
410.563491,89000,96000,93000,17418362880,100,11,165
411.165568,89000,96000,93000,17418362880,100,7,164
411.676593,89000,96000,94000,17418362880,100,15,165
412.242259,89000,96000,94000,17418362880,100,15,166
412.806293,89000,96000,95000,17418362880,100,18,169
413.358974,89000,96000,94000,17418362880,100,13,169
413.961997,89000,96000,95000,17418362880,100,18,171
414.534367,89000,96000,94000,17418362880,100,8,169
415.098856,89000,96000,94000,17418362880,100,14,170
415.669856,89000,97000,93000,17418362880,100,11,171
416.298473,89000,97000,93000,17418362880,100,11,176
416.810961,89000,97000,94000,17418362880,100,8,175
417.398933,89000,98000,94000,17418362880,100,17,179
417.968462,90000,98000,95000,17418362880,100,21,181
418.571525,89000,97000,95000,17418362880,100,18,182
419.128130,89000,97000,95000,17418362880,100,11,180
419.689517,90000,96000,95000,17418362880,100,24,180
420.266073,89000,96000,95000,17418362880,100,16,178
420.845565,89000,96000,95000,17418362880,100,14,174
421.424594,89000,96000,94000,17418362880,100,9,171
421.942954,89000,96000,95000,17418362880,100,17,171
422.522365,90000,96000,95000,17418362880,100,27,172
423.105338,89000,95000,95000,17418362880,100,19,170
423.693367,89000,96000,94000,17418362880,100,8,165
424.241909,89000,95000,94000,17418362880,100,14,163
424.811913,89000,95000,94000,17418362880,100,18,163
425.382157,89000,95000,93000,17418362880,100,13,162
425.933772,89000,95000,95000,17418362880,100,16,163
426.462293,89000,96000,94000,17418362880,100,14,164
426.984067,89000,95000,95000,17418362880,100,24,165
427.502870,89000,95000,95000,17418362880,100,16,164
428.024351,89000,95000,94000,17418362880,100,12,162
428.545893,89000,96000,93000,17418362880,100,11,161
429.068058,89000,96000,94000,17418362880,100,14,163
429.587667,89000,96000,94000,17418362880,100,16,165
430.111054,88000,97000,93000,17418362880,100,10,165
430.622054,89000,97000,94000,17418362880,100,18,169
431.133277,89000,97000,95000,17418362880,100,20,172
431.645149,89000,97000,94000,17418362880,100,15,173
432.164814,89000,97000,93000,17418362880,100,9,173
432.687110,89000,97000,94000,17418362880,100,9,175
433.208812,89000,98000,94000,17418362880,100,13,178
433.722567,89000,98000,95000,17418362880,100,23,182
434.233765,89000,97000,95000,17418362880,100,29,184
434.756206,89000,97000,95000,17418362880,100,27,184
435.277598,89000,96000,95000,17418362880,100,24,181
435.793621,89000,96000,95000,17418362880,100,24,179
436.305915,89000,96000,94000,17418362880,100,13,174
436.828565,89000,96000,94000,17418362880,100,9,171
437.348519,89000,96000,93000,17418362880,100,10,168
437.871677,89000,97000,93000,17418362880,100,11,167
438.392431,89000,97000,94000,17418362880,100,10,168
438.914198,89000,98000,94000,17418362880,100,22,173
439.445617,89000,97000,95000,17418362880,100,23,177
439.957071,90000,98000,95000,17418362880,100,30,180
440.484455,89000,97000,94000,17418362880,100,18,179
441.004703,89000,97000,95000,17418362880,100,22,178
441.528586,89000,97000,94000,17418362880,100,20,178
442.045764,89000,96000,95000,17418362880,100,21,176
442.564740,89000,96000,94000,17418362880,100,12,172
443.086045,89000,96000,93000,17418362880,100,11,168
443.605524,88000,96000,94000,17418362880,100,14,167
444.129783,89000,97000,94000,17418362880,100,15,168
444.639566,90000,97000,94000,17418362880,100,17,170
445.148727,89000,97000,93000,17418362880,100,10,171
445.665659,89000,98000,94000,17418362880,100,14,175
446.184649,90000,98000,95000,17418362880,100,29,180
446.703803,89000,98000,95000,17418362880,100,14,182
447.213678,89000,98000,96000,17418362880,100,28,184
447.726744,89000,98000,94000,17418362880,100,14,182
448.242722,89000,98000,94000,17418362880,100,18,181
448.752430,89000,96000,95000,17418362880,100,27,181
449.269761,89000,96000,94000,17418362880,100,15,177
449.780785,89000,96000,96000,17418362880,100,30,175
450.289840,89000,95000,94000,17418362880,100,16,171
450.801522,89000,96000,94000,17418362880,100,14,168
451.317400,89000,96000,94000,17418362880,100,25,168
451.839327,89000,96000,94000,17418362880,100,15,166
452.356346,90000,95000,94000,17418362880,100,12,163
452.876032,89000,96000,94000,17418362880,100,9,162
453.396487,89000,96000,94000,17418362880,100,15,162
453.916649,88000,96000,93000,17418362880,100,11,163
454.436006,89000,96000,93000,17418362880,100,14,164
454.957640,89000,97000,94000,17418362880,100,16,167
455.478795,89000,98000,95000,17418362880,100,20,172
456.000067,90000,97000,94000,17418362880,100,23,176
456.516515,89000,98000,94000,17418362880,100,10,176
457.030514,89000,97000,95000,17418362880,100,19,178
457.546660,89000,98000,94000,17418362880,100,10,180
458.064647,89000,98000,96000,17418362880,100,32,184
458.581228,90000,97000,95000,17418362880,100,28,184
459.094600,89000,97000,96000,17418362880,100,25,183
459.614295,89000,96000,95000,17418362880,100,16,180
460.132305,89000,96000,95000,17418362880,100,15,175
460.654475,89000,96000,95000,17418362880,100,22,174
461.178757,89000,96000,94000,17418362880,100,15,171
461.701549,89000,96000,94000,17418362880,100,17,169
462.221735,90000,96000,94000,17418362880,100,19,168
462.730468,89000,97000,94000,17418362880,100,15,168
463.250000,90000,96000,94000,17418362880,100,17,168
463.774662,90000,97000,93000,17418362880,100,12,168
464.294226,88000,89000,91000,17418362880,0,0,143
464.814701,88000,88000,91000,17418362880,0,0,121
465.335689,87000,88000,90000,17418362880,0,0,104
465.857222,87000,88000,90000,17418362880,0,0,92
466.377515,86000,87000,90000,17418362880,0,0,83
466.897573,86000,87000,89000,17418362880,0,0,79
467.416700,88000,96000,93000,17418362880,100,29,113
467.926319,88000,97000,94000,17418362880,100,29,137
468.435383,88000,97000,94000,17418362880,100,34,155
468.955392,88000,98000,94000,17418362880,100,28,167
469.477639,88000,98000,94000,17418362880,100,20,175
469.994423,88000,97000,95000,17418362880,100,23,183
470.509685,89000,97000,95000,17418362880,100,24,188
471.024701,88000,97000,94000,17418362880,100,22,190
471.548346,89000,98000,94000,17418362880,100,32,193
472.069841,89000,98000,94000,17418362880,100,25,195
472.587876,89000,97000,94000,17418362880,100,20,194
473.096031,89000,98000,95000,17418362880,100,27,195
473.605267,89000,98000,94000,17418362880,100,30,196
474.120039,89000,98000,94000,17418362880,100,26,196
474.636348,89000,99000,95000,17418362880,100,18,194
475.151443,89000,98000,94000,17418362880,100,14,194
475.666437,89000,98000,94000,17418362880,100,16,194
476.238631,89000,98000,95000,17418362880,100,29,196
476.752968,90000,97000,96000,17418362880,100,34,195
477.264971,89000,97000,96000,17418362880,100,29,193
477.775538,89000,97000,95000,17418362880,100,25,189
478.283311,89000,96000,95000,17418362880,100,20,185
478.799451,89000,96000,95000,17418362880,100,25,180
479.337500,89000,96000,94000,17418362880,100,16,175
479.892383,89000,95000,95000,17418362880,100,24,171
480.433319,89000,95000,95000,17418362880,100,22,169
480.962188,89000,94000,94000,17418362880,100,26,167
481.478481,88000,95000,94000,17418362880,100,12,162
482.014279,89000,94000,94000,17418362880,100,24,161
482.551301,89000,94000,94000,17418362880,100,16,158
483.063649,88000,94000,94000,17418362880,100,19,158
483.642226,88000,95000,94000,17418362880,100,21,159
484.160340,88000,94000,95000,17418362880,100,26,160
484.681640,88000,94000,95000,17418362880,100,28,160
485.203993,89000,94000,94000,17418362880,100,14,157
485.718633,88000,94000,94000,17418362880,100,18,157
486.235992,88000,95000,94000,17418362880,100,14,155
486.751421,89000,95000,93000,17418362880,100,9,154
487.272845,89000,95000,94000,17418362880,100,11,157
487.794822,89000,95000,93000,17418362880,100,12,158
488.310767,88000,96000,94000,17418362880,100,16,162
488.824306,89000,96000,94000,17418362880,100,17,165
489.339627,89000,95000,94000,17418362880,100,14,168
489.856518,89000,96000,95000,17418362880,100,28,171
490.377879,88000,97000,93000,17418362880,100,14,172
490.890660,89000,96000,94000,17418362880,100,20,175
491.403572,89000,96000,95000,17418362880,100,21,177
491.966138,88000,97000,94000,17418362880,100,15,177
492.494745,89000,98000,94000,17418362880,100,12,177
493.013653,89000,98000,94000,17418362880,100,15,179
493.531002,89000,98000,95000,17418362880,100,25,183
494.055177,89000,98000,94000,17418362880,100,17,184
494.581082,89000,98000,94000,17418362880,100,13,186
495.107039,89000,98000,95000,17418362880,100,16,187
495.629762,89000,97000,95000,17418362880,100,22,188
496.152947,90000,98000,95000,17418362880,100,20,188
496.667488,89000,98000,95000,17418362880,100,18,186
497.203103,89000,98000,94000,17418362880,100,9,182
497.722940,89000,97000,95000,17418362880,100,19,182
498.251001,89000,97000,95000,17418362880,100,17,181
498.771573,89000,96000,95000,17418362880,100,21,179
499.297162,89000,96000,94000,17418362880,100,16,178
499.822103,89000,96000,95000,17418362880,100,14,175
500.347427,89000,96000,94000,17418362880,100,8,172
500.872330,89000,96000,95000,17418362880,100,30,173
501.389381,89000,96000,94000,17418362880,100,12,170
501.917032,89000,96000,94000,17418362880,100,14,169
502.450831,89000,96000,94000,17418362880,100,11,167
502.974572,89000,96000,94000,17418362880,100,18,168
503.503374,89000,96000,94000,17418362880,100,21,168
504.026137,88000,96000,95000,17418362880,100,25,169
504.551680,89000,96000,94000,17418362880,100,12,167
505.069503,89000,96000,94000,17418362880,100,17,166
505.593419,89000,96000,94000,17418362880,100,13,166
506.112964,89000,97000,94000,17418362880,100,19,168
506.638927,89000,96000,94000,17418362880,100,16,169
507.168039,88000,96000,95000,17418362880,100,19,171
507.766321,89000,96000,95000,17418362880,100,23,172
508.293117,88000,97000,94000,17418362880,100,14,170
508.818758,89000,96000,94000,17418362880,100,19,170
509.346475,89000,96000,94000,17418362880,100,14,169
509.873974,89000,96000,93000,17418362880,100,9,168
510.398508,89000,96000,94000,17418362880,100,12,169
510.921046,89000,97000,94000,17418362880,100,18,171
511.437871,89000,96000,95000,17418362880,100,26,173
511.961275,89000,97000,94000,17418362880,100,10,172
512.477608,89000,96000,95000,17418362880,100,22,173
513.006695,89000,96000,95000,17418362880,100,20,172
513.531418,89000,96000,95000,17418362880,100,21,171
514.047423,89000,96000,94000,17418362880,100,19,170
514.576691,89000,95000,94000,17418362880,100,14,168
515.105133,89000,96000,93000,17418362880,100,10,165
515.632189,89000,96000,94000,17418362880,100,13,166
516.161708,89000,96000,94000,17418362880,100,14,167
516.687736,89000,96000,94000,17418362880,100,17,168
517.215131,89000,96000,94000,17418362880,100,13,168
517.743273,89000,96000,95000,17418362880,100,12,170
518.317857,89000,96000,94000,17418362880,100,9,170
518.841179,89000,97000,94000,17418362880,100,15,170
519.364257,89000,97000,94000,17418362880,100,19,170
519.891027,89000,96000,95000,17418362880,100,22,172
520.418812,88000,96000,95000,17418362880,100,24,173
520.944624,89000,96000,95000,17418362880,100,16,173
521.462419,89000,96000,94000,17418362880,100,15,171
521.983484,89000,96000,94000,17418362880,100,11,170
522.509132,89000,96000,95000,17418362880,100,22,172
523.025621,89000,96000,95000,17418362880,100,25,174
523.545077,89000,96000,95000,17418362880,100,18,172
524.081145,89000,96000,94000,17418362880,100,12,169
524.596547,89000,96000,93000,17418362880,100,11,167
525.111707,89000,98000,94000,17418362880,100,9,167
525.633533,89000,97000,94000,17418362880,100,10,169
526.221557,89000,97000,94000,17418362880,100,13,172
526.746479,89000,97000,95000,17418362880,100,26,177
527.269914,89000,96000,95000,17418362880,100,29,180
527.788795,89000,97000,96000,17418362880,100,32,180
528.306985,89000,96000,96000,17418362880,100,33,178
528.822602,89000,96000,95000,17418362880,100,17,175
529.330912,89000,95000,95000,17418362880,100,24,171
529.842442,89000,95000,95000,17418362880,100,25,168
530.361504,89000,95000,95000,17418362880,100,20,166
530.873976,89000,94000,94000,17418362880,100,10,160
531.385519,89000,94000,94000,17418362880,100,13,157
531.894580,88000,94000,94000,17418362880,100,13,154
532.417694,88000,95000,94000,17418362880,100,12,152
532.939596,88000,95000,93000,17418362880,100,9,150
533.461564,88000,95000,93000,17418362880,100,9,152
534.011679,88000,96000,93000,17418362880,100,8,155
534.530151,88000,95000,94000,17418362880,100,13,159
535.041113,88000,96000,93000,17418362880,100,10,162
535.556392,89000,96000,93000,17418362880,100,9,164
536.078260,89000,96000,94000,17418362880,100,13,168
536.598731,89000,96000,95000,17418362880,100,24,172
537.122810,89000,96000,95000,17418362880,100,21,174
537.635130,89000,96000,94000,17418362880,100,17,175
538.145881,89000,96000,95000,17418362880,100,22,176
538.657863,89000,96000,95000,17418375168,100,31,177
539.170558,89000,95000,95000,17418362880,100,27,177
539.690845,89000,96000,95000,17418362880,100,21,173
540.209864,88000,95000,94000,17418362880,100,10,169
540.732760,88000,96000,94000,17418362880,100,13,167
541.251914,88000,96000,94000,17418362880,100,15,165
541.769183,89000,96000,93000,17418362880,100,12,165
542.285954,89000,97000,93000,17418362880,100,9,168
542.822746,89000,97000,94000,17418362880,100,12,172
543.342780,89000,97000,95000,17418362880,100,23,178
543.855062,89000,97000,95000,17418362880,100,22,181
544.368373,89000,98000,94000,17418362880,100,14,182
544.888325,89000,97000,95000,17418362880,100,24,185
545.409521,89000,97000,95000,17418362880,100,27,185
545.917749,89000,97000,95000,17418362880,100,29,184
546.435807,89000,95000,95000,17418362880,100,26,181
546.948661,89000,96000,95000,17418362880,100,23,177
547.470197,88000,89000,92000,17418362880,0,0,150
547.986761,88000,88000,91000,17418362880,0,0,126
548.496687,87000,88000,91000,17418362880,0,0,108
549.022441,86000,87000,90000,17418362880,0,0,95
549.542162,86000,87000,90000,17418362880,0,0,85
550.060503,85000,87000,90000,17418362880,0,0,78
550.580741,88000,96000,94000,17418362880,100,38,112
551.098628,88000,96000,94000,17418362880,100,31,137
551.611671,88000,97000,94000,17418362880,100,24,153
552.121018,88000,97000,94000,17418362880,100,31,166
552.634286,88000,97000,95000,17418362880,100,33,177
553.153635,88000,97000,95000,17418362880,100,33,183
553.664862,88000,97000,94000,17418362880,100,23,187
554.175853,88000,97000,95000,17418362880,100,24,190
554.693764,89000,96000,95000,17418362880,100,23,192
555.202621,88000,96000,95000,17418362880,100,29,192
555.714304,89000,96000,95000,17418362880,100,29,191
556.229395,88000,96000,95000,17418362880,100,27,189
556.749612,89000,97000,94000,17418362880,100,20,186
557.267639,89000,97000,94000,17418362880,100,18,183
557.782881,88000,97000,94000,17418362880,100,19,184
558.301941,89000,97000,95000,17418362880,100,21,186
558.824026,89000,96000,95000,17418362880,100,22,187
559.342452,89000,96000,95000,17418362880,100,23,186
559.859857,89000,97000,94000,17418362880,100,10,181
560.381791,89000,97000,93000,17418362880,100,12,179
560.902747,89000,97000,93000,17418362880,100,11,179
561.423357,89000,98000,94000,17418362880,100,11,181
561.944462,89000,97000,95000,17418362880,100,13,184
562.465872,89000,98000,95000,17418362880,100,33,187
562.974249,89000,97000,94000,17418362880,100,16,186
563.488473,89000,97000,95000,17418362880,100,21,185
564.009137,89000,97000,95000,17418362880,100,14,184
564.528894,89000,96000,94000,17418362880,100,14,181
565.043971,89000,96000,94000,17418362880,100,12,179
565.630943,89000,96000,95000,17418362880,100,24,179
566.152185,89000,96000,94000,17418362880,100,11,175
566.671793,89000,96000,95000,17418362880,100,17,174
567.195627,89000,96000,95000,17418362880,100,22,172
567.715706,89000,95000,95000,17418362880,100,19,170
568.236349,89000,95000,94000,17418362880,100,10,166
568.755463,89000,96000,94000,17418362880,100,11,163
569.267148,89000,95000,95000,17418362880,100,21,164
569.782676,89000,96000,94000,17418362880,100,16,164
570.300491,89000,96000,93000,17418362880,100,9,162
570.812792,89000,96000,94000,17418362880,100,11,164
571.328066,89000,96000,95000,17418362880,100,20,167
571.837797,89000,96000,95000,17418362880,100,18,170
572.356418,89000,96000,95000,17418362880,100,25,171
572.878498,89000,96000,94000,17418362880,100,17,170
573.401317,89000,96000,94000,17418362880,100,13,169
573.923704,89000,96000,94000,17418362880,100,12,168
574.445640,88000,96000,94000,17418362880,100,13,167
574.967118,89000,96000,94000,17418362880,100,15,169
575.485412,89000,97000,94000,17418375168,100,19,170
575.991463,89000,97000,95000,17418362880,100,17,173
576.506119,89000,96000,95000,17418362880,100,29,176
577.025031,89000,96000,94000,17418362880,100,14,175
577.545531,89000,96000,93000,17418362880,100,10,173
578.057664,89000,96000,94000,17418362880,100,10,173
578.570883,89000,96000,95000,17418362880,100,18,174
579.091982,89000,96000,94000,17418362880,100,20,176
579.615655,89000,96000,95000,17418362880,100,21,177
580.136781,89000,96000,95000,17418362880,100,24,177
580.646842,89000,96000,94000,17418362880,100,12,174
581.158908,89000,97000,95000,17418362880,100,18,173
581.678764,89000,96000,94000,17418362880,100,10,172
582.197792,89000,97000,94000,17418362880,100,13,172
582.717209,89000,97000,94000,17418362880,100,11,173
583.238785,89000,97000,94000,17418362880,100,16,173
583.760555,89000,97000,94000,17418362880,100,9,173
584.271894,89000,97000,94000,17418362880,100,14,175
584.785876,89000,96000,95000,17418362880,100,22,176
585.295425,89000,96000,95000,17418362880,100,22,177
585.802589,89000,96000,95000,17418362880,100,21,176
586.321132,89000,96000,95000,17418362880,100,18,174
586.838003,89000,96000,94000,17418362880,100,14,171
587.357709,89000,96000,94000,17418362880,100,14,168
587.877331,89000,96000,94000,17418362880,100,10,166
588.397177,88000,96000,94000,17418362880,100,13,165
588.909835,89000,97000,94000,17418362880,100,15,166
589.426546,89000,97000,94000,17418362880,100,16,167
589.946729,89000,97000,94000,17418362880,100,12,168
590.463910,89000,97000,94000,17418362880,100,12,171
590.980470,89000,97000,94000,17418362880,100,9,174
591.500223,89000,99000,94000,17418362880,100,12,178
592.017621,89000,98000,95000,17418362880,100,12,181
592.529329,89000,97000,95000,17418362880,100,16,183
593.043052,89000,97000,95000,17418362880,100,20,183
593.562571,89000,97000,95000,17418362880,100,23,182
594.076347,89000,96000,95000,17418362880,100,12,179
594.587814,90000,96000,95000,17418362880,100,25,178
595.096001,89000,96000,94000,17418362880,100,14,175
595.613655,89000,96000,94000,17418362880,100,12,171
596.126791,89000,96000,95000,17418362880,100,19,170
596.636963,89000,96000,94000,17418362880,100,14,167
597.150657,89000,96000,93000,17418362880,100,11,165
597.661980,89000,96000,94000,17418362880,100,8,165
598.176951,89000,96000,94000,17418362880,100,8,165
598.686045,89000,97000,95000,17418362880,100,24,169
599.195932,89000,96000,95000,17418362880,100,20,170
599.714835,89000,96000,95000,17418362880,100,21,169
600.231160,89000,96000,94000,17418362880,100,16,167
600.742733,89000,96000,94000,17418362880,100,16,165
601.254635,89000,96000,94000,17418362880,100,14,164
601.768516,89000,96000,94000,17418362880,100,15,165
602.319967,89000,96000,94000,17418362880,100,13,166
602.855488,89000,96000,95000,17418362880,100,21,167
603.374748,89000,96000,93000,17418362880,100,9,166
603.895452,89000,96000,95000,17418362880,100,14,167
604.406873,89000,97000,94000,17418362880,100,15,168
604.922925,89000,97000,93000,17418362880,100,8,166
605.443833,89000,97000,94000,17418362880,100,10,167
605.948946,89000,97000,94000,17418362880,100,16,169
606.462443,89000,98000,94000,17418362880,100,11,171
606.980896,89000,98000,95000,17418375168,100,21,176
607.506018,89000,97000,95000,17418362880,100,28,181
608.032913,90000,97000,96000,17418362880,100,31,183
608.559004,89000,96000,96000,17418362880,100,26,182
609.086146,89000,96000,94000,17418362880,100,11,176
609.603522,89000,96000,94000,17418362880,100,15,172
610.130366,89000,96000,93000,17418362880,100,12,169
610.649586,89000,96000,94000,17418362880,100,14,168
611.160166,89000,96000,95000,17418362880,100,26,171
611.674169,89000,97000,95000,17418362880,100,21,172
612.186745,89000,97000,93000,17418375168,100,12,169
612.698644,89000,96000,95000,17418362880,100,15,171
613.215500,89000,97000,94000,17418362880,100,13,171
613.734188,89000,96000,94000,17418362880,100,9,169
614.254831,89000,96000,95000,17418362880,100,26,171
614.779703,89000,96000,95000,17418362880,100,22,171
615.292890,89000,95000,95000,17418362880,100,25,168
615.802794,89000,95000,94000,17418362880,100,15,165
616.322999,89000,95000,94000,17418362880,100,14,164
616.834658,89000,95000,95000,17418362880,100,24,165
617.371321,89000,95000,95000,17418362880,100,25,165
617.888357,89000,95000,95000,17418362880,100,26,165
618.411660,89000,95000,93000,17418362880,100,9,160
618.929735,89000,95000,94000,17418362880,100,12,160
619.448736,89000,95000,93000,17418362880,100,10,159
619.960465,88000,95000,94000,17418362880,100,12,159
620.470528,89000,96000,94000,17418362880,100,20,160
620.985545,89000,96000,93000,17418362880,100,11,159
621.503711,89000,96000,93000,17418362880,100,8,160
622.021514,89000,97000,93000,17418362880,100,11,163
622.533229,89000,98000,94000,17418362880,100,16,169
623.043715,89000,97000,94000,17418362880,100,10,173
623.563271,89000,98000,94000,17418362880,100,14,177
624.081022,89000,99000,95000,17418362880,100,24,183
624.591808,89000,98000,95000,17418362880,100,20,185
625.103664,90000,97000,95000,17418362880,100,27,186
625.615690,89000,97000,95000,17418362880,100,21,185
626.125017,89000,97000,95000,17418362880,100,26,183
626.633872,89000,96000,94000,17418362880,100,17,180
627.157758,89000,96000,95000,17418362880,100,21,177
627.680962,89000,96000,94000,17418362880,100,15,175
628.197824,90000,96000,95000,17418362880,100,18,172
628.715950,88000,97000,94000,17418362880,100,16,170
629.237926,89000,96000,94000,17418362880,100,14,170
629.756848,88000,91000,93000,17418362880,0,0,154
630.278382,88000,88000,91000,17418362880,0,0,129
630.803931,87000,88000,90000,17418362880,0,0,110
631.316176,87000,87000,90000,17418362880,0,0,97
631.824996,86000,87000,90000,17418362880,0,0,87
632.337257,86000,87000,89000,17418362880,0,0,79
632.853980,87000,94000,93000,17418362880,100,36,100
633.369548,88000,96000,94000,17418362880,100,32,128
633.879524,88000,97000,94000,17418362880,100,32,149
634.404318,88000,97000,95000,17418362880,100,30,163
634.922136,88000,97000,94000,17418362880,100,23,172
635.435513,88000,97000,95000,17418362880,100,31,179
635.944681,88000,97000,95000,17418362880,100,33,185
636.463473,88000,97000,95000,17418362880,100,32,189
636.981262,89000,97000,94000,17418362880,100,22,190
637.499517,88000,97000,95000,17418362880,100,25,192
638.014261,89000,97000,95000,17418362880,100,23,193
638.522797,89000,97000,95000,17418362880,100,20,193
639.072630,89000,97000,95000,17418362880,100,24,193
639.584886,89000,96000,95000,17418362880,100,29,193
640.104595,88000,96000,95000,17418362880,100,24,191
640.623379,89000,97000,95000,17418362880,100,17,188
641.146400,89000,96000,95000,17418362880,100,20,186
641.665007,89000,96000,95000,17418362880,100,19,183
642.180482,88000,96000,95000,17418362880,100,31,181
642.697654,89000,96000,95000,17418362880,100,21,178
643.215826,89000,95000,95000,17418362880,100,31,176
643.736696,89000,95000,95000,17418375168,100,26,175
644.256009,89000,95000,95000,17418362880,100,19,173
644.774942,88000,95000,94000,17418362880,100,16,168
645.292216,88000,95000,93000,17418362880,100,12,163
645.802378,88000,95000,95000,17418362880,100,24,165
646.317649,88000,95000,94000,17418362880,100,22,166
646.831850,89000,95000,95000,17418362880,100,17,167
647.343389,88000,95000,94000,17418362880,100,17,166
647.864856,89000,96000,94000,17418362880,100,19,166
648.386309,89000,96000,95000,17418362880,100,24,167
648.909626,88000,96000,94000,17418362880,100,13,166
649.424758,88000,96000,93000,17418362880,100,19,168
649.935814,89000,96000,94000,17418362880,100,24,170
650.447149,89000,96000,94000,17418362880,100,17,172
650.964158,89000,96000,95000,17418362880,100,28,174
651.483334,89000,96000,95000,17418362880,100,22,175
651.995622,89000,96000,95000,17418362880,100,23,175
652.504077,89000,96000,94000,17418362880,100,17,175
653.015210,89000,96000,94000,17418362880,100,22,175
653.526008,89000,96000,95000,17418362880,100,29,174
654.036821,89000,96000,94000,17418362880,100,19,172
654.546295,89000,96000,94000,17418362880,100,18,172
655.066278,88000,96000,94000,17418362880,100,21,173
655.589042,89000,96000,95000,17418362880,100,21,172
656.106248,89000,95000,95000,17418362880,100,18,172
656.622489,89000,95000,95000,17418362880,100,16,171
657.132943,89000,96000,95000,17418362880,100,22,170
657.644150,89000,95000,94000,17418362880,100,24,170
658.166771,89000,95000,94000,17418362880,100,18,169
658.686340,89000,95000,94000,17418362880,100,25,169
659.210249,88000,96000,94000,17418362880,100,19,168
659.729808,89000,96000,94000,17418362880,100,14,166
660.245032,89000,96000,94000,17418362880,100,9,163
660.755376,89000,95000,93000,17418362880,100,14,163
661.276383,89000,96000,93000,17418362880,100,13,165
661.792505,88000,97000,93000,17418362880,100,15,167
662.301917,89000,98000,94000,17418362880,100,15,170
662.815381,89000,98000,94000,17418362880,100,18,177
663.344463,89000,98000,94000,17418362880,100,15,181
663.865201,90000,98000,95000,17418362880,100,20,186
664.388682,89000,98000,95000,17418362880,100,18,187
664.904664,89000,98000,95000,17418362880,100,28,189
665.424631,89000,97000,96000,17418362880,100,29,189
665.941175,90000,97000,95000,17418362880,100,20,186
666.462879,89000,96000,94000,17418362880,100,9,181
667.003073,89000,96000,95000,17418362880,100,25,180
667.522604,89000,96000,95000,17418362880,100,30,179
668.063931,90000,96000,94000,17418362880,100,10,174
668.594176,89000,96000,93000,17418362880,100,9,171
669.131895,89000,96000,95000,17418362880,100,26,170
669.657994,89000,96000,95000,17418362880,100,17,169
670.184