timestamp,rocm_smi:::gpu_clk_freq_System:device=0:idx=0,rocm_smi:::temp_current:device=0:sensor=1,rocm_smi:::temp_current:device=0:sensor=2,rocm_smi:::mem_usage_VRAM:device=0,rocm_smi:::busy_percent:device=0,rocm_smi:::memory_busy_percent:device=0
0.001207,500000000,39000,52000,54860349440,27,0
0.101849,500000000,39000,51000,54860349440,100,1
0.202327,500000000,40000,53000,54860349440,100,1
0.302773,500000000,39000,53000,54860349440,100,1
0.403270,500000000,40000,53000,54860349440,100,1
0.503965,500000000,40000,53000,54860349440,100,1
0.604702,500000000,40000,53000,54860349440,100,1
0.705274,500000000,40000,53000,54860349440,100,1
0.805734,500000000,40000,53000,54860349440,100,1
0.906166,500000000,40000,53000,54860349440,100,1
1.006677,500000000,40000,53000,54860349440,100,1
1.107178,500000000,40000,53000,54860349440,100,1
1.207661,500000000,39000,53000,54860349440,100,1
1.308184,500000000,40000,53000,54860349440,100,1
1.408651,500000000,40000,53000,54860349440,100,1
1.509205,500000000,39000,53000,54860349440,100,1
1.609669,500000000,40000,53000,54860349440,100,1
1.710210,500000000,40000,53000,54860349440,100,1
1.810680,500000000,40000,53000,54860349440,100,1
1.911216,500000000,39000,53000,54860349440,100,1
2.011689,500000000,40000,53000,54860349440,100,1
2.112295,500000000,39000,53000,54860349440,0,0
2.212862,500000000,39000,53000,54860349440,0,0
2.313344,500000000,39000,53000,54860349440,0,0
2.413924,500000000,39000,53000,54860349440,0,0
2.515338,500000000,39000,53000,54860349440,0,0
2.616150,500000000,39000,53000,54860349440,0,0
2.716884,500000000,39000,53000,54860349440,0,0
2.817711,500000000,39000,52000,54860349440,0,0
2.918446,500000000,39000,53000,54860349440,0,0
3.019158,500000000,39000,53000,54860349440,0,0
3.119980,500000000,40000,53000,54860349440,0,0
3.220870,500000000,39000,53000,54860349440,0,0
3.321665,500000000,40000,53000,54860349440,0,0
3.422473,500000000,39000,53000,54860349440,0,0
3.523435,500000000,39000,53000,54860349440,0,0
3.624110,500000000,39000,52000,54860349440,0,0
3.724916,500000000,39000,53000,54860349440,0,0
3.825672,500000000,39000,52000,54860349440,0,0
3.926474,500000000,39000,53000,54860349440,0,0
4.027193,500000000,39000,52000,54860349440,0,0
4.127893,500000000,39000,53000,54860349440,0,0
4.228602,500000000,40000,53000,54860349440,0,0
4.329418,500000000,39000,53000,54860349440,0,0
4.430129,500000000,40000,53000,54860349440,0,0
4.530865,500000000,40000,52000,54860349440,0,0
4.631486,500000000,39000,52000,54860349440,0,0
4.732234,500000000,40000,53000,54860349440,0,0
4.832969,500000000,39000,53000,54860349440,0,0
4.933695,500000000,39000,52000,54860349440,0,0
5.034855,500000000,39000,52000,54860349440,0,0
5.135843,500000000,39000,52000,54860349440,0,0
5.236575,500000000,39000,53000,54860349440,0,0
5.337471,500000000,39000,53000,54860349440,0,0
5.438499,500000000,39000,53000,54860349440,0,0
5.539158,500000000,39000,53000,54860349440,0,0
5.639958,500000000,39000,53000,54860349440,0,0
5.740760,500000000,39000,53000,54860349440,0,0
5.841487,500000000,39000,53000,54860349440,0,0
5.942219,500000000,39000,53000,54860349440,0,0
6.042962,500000000,39000,53000,54860349440,0,0
6.143722,500000000,39000,52000,54860349440,0,0
6.244545,500000000,39000,53000,54860349440,0,0
6.345171,500000000,39000,52000,54860349440,0,0
6.446041,500000000,39000,52000,54860349440,0,0
6.546946,500000000,39000,52000,54860349440,0,0
6.647750,500000000,39000,53000,54860349440,0,0
6.748540,500000000,39000,52000,54860349440,0,0
6.849308,500000000,39000,52000,54860349440,0,0
6.950067,500000000,39000,53000,54860349440,0,0
7.050840,500000000,40000,53000,54860365824,99,19
7.151705,500000000,42000,55000,54860365824,100,18
7.252552,500000000,43000,55000,54860365824,100,18
7.353304,500000000,43000,56000,54860365824,100,18
7.454300,500000000,43000,56000,54860365824,100,18
7.555215,500000000,43000,54000,54860365824,100,3
7.656105,500000000,40000,53000,54860365824,0,0
7.756995,500000000,40000,53000,54860365824,0,0
7.857896,500000000,40000,53000,54860365824,0,0
7.958811,500000000,40000,53000,54860365824,0,0
8.059714,500000000,40000,53000,54860365824,0,0
8.160669,500000000,40000,53000,54860365824,0,0
8.261672,500000000,40000,53000,54860365824,0,0
8.362604,500000000,40000,53000,54860365824,0,0
8.463313,500000000,39000,53000,54860365824,0,0
8.564049,500000000,39000,53000,54860365824,0,0
8.664774,500000000,40000,53000,54860365824,0,0
8.765636,500000000,40000,53000,54860365824,0,0
8.866342,500000000,39000,53000,54860365824,0,0
8.967072,500000000,39000,53000,54860365824,0,0
9.067774,500000000,40000,53000,54860365824,0,0
9.168640,500000000,40000,53000,54860365824,0,0
9.269337,500000000,39000,53000,54860365824,0,0
9.370090,500000000,39000,53000,54860365824,0,0
9.470824,500000000,39000,53000,54860365824,0,0
9.571680,500000000,39000,53000,54860365824,0,0
9.672394,500000000,39000,53000,54860365824,0,0
9.773127,500000000,39000,53000,54860365824,0,0
9.873905,500000000,39000,53000,54860365824,0,0
9.974691,500000000,39000,53000,54860365824,0,0
10.075399,500000000,39000,53000,54860365824,0,0
10.176133,500000000,39000,53000,54860365824,0,0
10.276859,500000000,39000,53000,54860365824,0,0
10.377579,500000000,40000,53000,54860365824,0,0
10.478254,500000000,39000,53000,54860365824,0,0
10.578989,500000000,39000,53000,54860365824,0,0
10.679704,500000000,40000,53000,54860365824,0,0
10.780744,500000000,39000,53000,54860365824,0,0
10.881480,500000000,40000,53000,54860365824,0,0
10.982316,500000000,40000,53000,54860365824,0,0
11.083165,500000000,40000,53000,54860365824,0,0
11.183922,500000000,40000,53000,54860365824,0,0
11.284854,500000000,39000,53000,54860365824,0,0
11.385796,500000000,39000,53000,54860365824,0,0
11.486777,500000000,40000,53000,54860365824,0,0
11.587478,500000000,40000,53000,54860365824,0,0
11.688157,500000000,40000,53000,54860365824,0,0
11.788887,500000000,39000,53000,54860365824,0,0
11.889741,500000000,39000,53000,54860365824,0,0
11.990486,500000000,39000,53000,54860365824,0,0
12.091217,500000000,39000,53000,54860365824,0,0
12.192013,500000000,40000,53000,54860365824,0,0
12.292765,500000000,40000,53000,54860365824,0,0
12.393508,500000000,39000,53000,54860365824,0,0
12.494097,500000000,40000,53000,54860365824,0,0
12.594705,500000000,39000,53000,54860365824,0,0
12.695439,500000000,42000,55000,54860365824,100,18
12.796286,500000000,43000,55000,54860365824,100,18
12.897139,500000000,43000,56000,54860365824,100,18
12.997994,500000000,43000,56000,54860365824,100,18
13.098872,500000000,43000,55000,54860365824,100,4
13.199697,500000000,42000,54000,54860365824,100,0
13.300543,500000000,40000,53000,54860365824,0,0
13.401333,500000000,40000,53000,54860365824,0,0
13.502283,500000000,40000,53000,54860365824,0,0
13.603165,500000000,40000,53000,54860365824,0,0
13.703978,500000000,40000,53000,54860365824,0,0
13.804866,500000000,40000,53000,54860365824,0,0
13.905887,500000000,40000,53000,54860365824,0,0
14.006896,500000000,40000,53000,54860365824,0,0
14.107897,500000000,40000,53000,54860365824,0,0
14.208800,500000000,40000,53000,54860365824,0,0
14.309685,500000000,39000,53000,54860365824,0,0
14.410561,500000000,40000,53000,54860365824,0,0
14.511459,500000000,40000,53000,54860365824,0,0
14.612355,500000000,39000,53000,54860365824,0,0
14.713256,500000000,40000,53000,54860365824,0,0
14.814159,500000000,40000,53000,54860365824,0,0
14.915031,500000000,40000,53000,54860365824,0,0
15.015929,500000000,39000,53000,54860365824,0,0
15.116890,500000000,40000,53000,54860365824,0,0
15.217907,500000000,40000,53000,54860365824,0,0
15.318675,500000000,40000,53000,54860365824,0,0
15.419414,500000000,40000,53000,54860365824,0,0
15.520149,500000000,39000,53000,54860365824,0,0
15.620914,500000000,40000,53000,54860365824,0,0
15.721509,500000000,40000,53000,54860365824,0,0
15.822464,500000000,40000,53000,54860365824,0,0
15.923197,500000000,40000,53000,54860365824,0,0
16.024167,500000000,40000,53000,54860365824,0,0
16.125041,500000000,40000,53000,54860365824,0,0
16.226006,500000000,39000,53000,54860365824,0,0
16.326957,500000000,40000,53000,54860365824,0,0
16.427973,500000000,40000,53000,54860365824,0,0
16.528994,500000000,39000,53000,54860365824,0,0
16.629992,500000000,40000,53000,54860365824,0,0
16.730949,500000000,40000,53000,54860365824,0,0
16.831974,500000000,40000,53000,54860365824,0,0
16.933011,500000000,40000,53000,54860365824,0,0
17.034012,500000000,40000,53000,54860365824,0,0
17.135003,500000000,39000,53000,54860365824,0,0
17.236014,500000000,40000,53000,54860365824,0,0
17.337043,500000000,40000,53000,54860365824,0,0
17.438017,500000000,39000,53000,54860365824,0,0
17.539019,500000000,39000,53000,54860365824,0,0
17.640032,500000000,40000,53000,54860365824,0,0
17.740973,500000000,40000,53000,54860365824,0,0
17.842007,500000000,39000,53000,54860365824,0,0
17.943051,500000000,40000,53000,54860365824,0,0
18.043995,500000000,40000,53000,54860365824,0,0
18.145260,500000000,40000,53000,54860365824,0,0
18.246032,500000000,41000,54000,54860365824,100,18
18.347109,500000000,43000,55000,54860365824,100,18
18.448039,500000000,43000,56000,54860365824,100,18
18.548797,500000000,43000,56000,54860365824,100,18
18.649646,500000000,44000,56000,54860365824,100,17
18.750403,500000000,43000,55000,54860365824,100,2
18.851173,500000000,40000,54000,54860365824,0,0
18.952028,500000000,40000,53000,54860365824,0,0
19.052741,500000000,40000,53000,54860365824,0,0
19.153486,500000000,40000,53000,54860365824,0,0
19.254245,500000000,40000,53000,54860365824,0,0
19.355039,500000000,40000,53000,54860365824,0,0
19.455743,500000000,40000,53000,54860365824,0,0
19.556787,500000000,40000,53000,54860365824,0,0
19.657637,500000000,40000,53000,54860365824,0,0
19.758447,500000000,40000,53000,54860365824,0,0
19.859330,500000000,40000,53000,54860365824,0,0
19.960209,500000000,40000,53000,54860365824,0,0
20.061105,500000000,40000,53000,54860365824,0,0
20.162141,500000000,40000,53000,54860365824,0,0
20.263100,500000000,39000,53000,54860365824,0,0
20.364114,500000000,40000,53000,54860365824,0,0
20.465144,500000000,40000,53000,54860365824,0,0
20.566066,500000000,40000,53000,54860365824,0,0
20.666880,500000000,40000,53000,54860365824,0,0
20.767691,500000000,39000,53000,54860365824,0,0
20.868398,500000000,40000,53000,54860365824,0,0
20.969256,500000000,40000,53000,54860365824,0,0
21.070162,500000000,40000,53000,54860365824,0,0
21.171086,500000000,40000,53000,54860365824,0,0
21.271877,500000000,40000,53000,54860365824,0,0
21.372764,500000000,40000,53000,54860365824,0,0
21.473647,500000000,40000,53000,54860365824,0,0
21.574359,500000000,40000,53000,54860365824,0,0
21.675833,500000000,40000,53000,54860365824,0,0
21.776717,500000000,40000,53000,54860365824,0,0
21.877547,500000000,40000,53000,54860365824,0,0
21.978285,500000000,40000,53000,54860365824,0,0
22.079148,500000000,40000,53000,54860365824,0,0
22.179891,500000000,40000,53000,54860365824,0,0
22.280623,500000000,40000,53000,54860365824,0,0
22.381370,500000000,40000,53000,54860365824,0,0
22.482253,500000000,39000,53000,54860365824,0,0
22.583209,500000000,40000,53000,54860365824,0,0
22.684224,500000000,39000,53000,54860365824,0,0
22.785207,500000000,40000,53000,54860365824,0,0
22.886205,500000000,39000,53000,54860365824,0,0
22.987229,500000000,40000,53000,54860365824,0,0
23.088153,500000000,40000,53000,54860365824,0,0
23.188968,500000000,40000,53000,54860365824,0,0
23.289877,500000000,40000,53000,54860365824,0,0
23.390784,500000000,40000,53000,54860365824,0,0
23.491648,500000000,40000,53000,54860365824,0,0
23.592469,500000000,40000,53000,54860365824,0,0
23.693275,500000000,39000,53000,54860365824,0,0
23.794207,500000000,39000,53000,54860365824,0,0
23.895000,500000000,42000,55000,54860365824,100,18
23.995892,500000000,43000,56000,54860365824,100,19
24.096649,500000000,43000,56000,54860365824,100,19
24.197423,500000000,44000,56000,54860365824,100,19
24.298285,500000000,43000,55000,54860365824,100,3
24.399189,500000000,41000,54000,54860365824,0,0
24.499943,500000000,40000,53000,54860365824,0,0
24.600728,500000000,40000,53000,54860365824,0,0
24.701434,500000000,40000,53000,54860365824,0,0
24.802243,500000000,40000,53000,54860365824,0,0
24.903034,500000000,40000,53000,54860365824,0,0
25.003796,500000000,40000,53000,54860365824,0,0
25.105533,500000000,40000,53000,54860365824,0,0
25.206307,500000000,40000,53000,54860365824,0,0
25.307388,500000000,40000,53000,54860365824,0,0
25.408217,500000000,40000,53000,54860365824,0,0
25.509052,500000000,40000,53000,54860365824,0,0
25.609768,500000000,40000,53000,54860365824,0,0
25.710497,500000000,40000,53000,54860365824,0,0
25.811278,500000000,40000,53000,54860365824,0,0
25.911983,500000000,40000,53000,54860365824,0,0
26.012624,500000000,40000,53000,54860365824,0,0
26.113228,500000000,40000,53000,54860365824,0,0
26.213779,500000000,40000,53000,54860365824,0,0
26.314450,500000000,40000,53000,54860365824,0,0
26.415316,500000000,39000,53000,54860365824,0,0
26.516041,500000000,40000,53000,54860365824,0,0
26.616742,500000000,40000,53000,54860365824,0,0
26.717462,500000000,40000,53000,54860365824,0,0
26.818324,500000000,40000,53000,54860365824,0,0
26.919038,500000000,40000,53000,54860365824,0,0
27.019850,500000000,40000,53000,54860365824,0,0
27.120549,500000000,40000,53000,54860365824,0,0
27.221354,500000000,40000,53000,54860365824,0,0
27.322052,500000000,40000,53000,54860365824,0,0
27.422642,500000000,40000,53000,54860365824,0,0
27.523361,500000000,40000,53000,54860365824,0,0
27.624159,500000000,40000,53000,54860365824,0,0
27.724976,500000000,40000,53000,54860365824,0,0
27.825681,500000000,40000,53000,54860365824,0,0
27.926382,500000000,40000,53000,54860365824,0,0
28.027086,500000000,40000,53000,54860365824,0,0
28.127765,500000000,40000,53000,54860365824,0,0
28.229317,500000000,40000,53000,54860365824,0,0
28.330005,500000000,40000,53000,54860365824,0,0
28.430619,500000000,40000,53000,54860365824,0,0
28.531302,500000000,40000,53000,54860365824,0,0
28.631901,500000000,40000,53000,54860365824,0,0
28.732604,500000000,40000,53000,54860365824,0,0
28.833359,500000000,40000,53000,54860365824,0,0
28.934067,500000000,40000,53000,54860365824,0,0
29.034693,500000000,40000,53000,54860365824,0,0
29.135367,500000000,40000,53000,54860365824,0,0
29.235972,500000000,40000,53000,54860365824,0,0
29.336572,500000000,40000,53000,54860365824,0,0
29.437359,500000000,41000,54000,54860365824,100,18
29.538394,500000000,43000,55000,54860365824,100,19
29.639084,500000000,43000,56000,54860365824,100,18
29.739756,500000000,44000,56000,54860365824,100,18
29.840350,500000000,44000,56000,54860365824,100,13
29.941030,500000000,43000,55000,54860365824,100,1
30.041795,500000000,40000,54000,54860365824,0,0
30.142454,500000000,40000,54000,54860365824,0,0
30.243155,500000000,40000,52000,54860365824,0,0
30.343846,500000000,40000,53000,54860365824,0,0
30.444499,500000000,40000,53000,54860365824,0,0
30.545175,500000000,40000,53000,54860365824,0,0
30.645793,500000000,40000,53000,54860365824,0,0
30.746399,500000000,40000,53000,54860365824,0,0
30.846976,500000000,40000,53000,54860365824,0,0
30.947622,500000000,40000,53000,54860365824,0,0
31.048425,500000000,41000,53000,54860365824,0,0
31.149121,500000000,40000,53000,54860365824,0,0
31.249850,500000000,40000,53000,54860365824,0,0
31.350530,500000000,40000,53000,54860365824,0,0
31.451188,500000000,41000,53000,54860365824,0,0
31.552025,500000000,40000,53000,54860365824,0,0
31.652819,500000000,40000,53000,54860365824,0,0
31.753633,500000000,40000,53000,54860365824,0,0
31.854620,500000000,40000,53000,54860365824,0,0
31.955606,500000000,40000,53000,54860365824,0,0
32.056247,500000000,40000,53000,54860365824,0,0
32.156866,500000000,40000,53000,54860365824,0,0
32.257454,500000000,40000,53000,54860365824,0,0
32.358114,500000000,40000,53000,54860365824,0,0
32.458828,500000000,40000,53000,54860365824,0,0
32.559569,500000000,40000,53000,54860365824,0,0
32.660545,500000000,40000,53000,54860365824,0,0
32.761310,500000000,40000,53000,54860365824,0,0
32.862171,500000000,40000,53000,54860365824,0,0
32.962977,500000000,40000,53000,54860365824,0,0
33.063793,500000000,40000,53000,54860365824,0,0
33.164630,500000000,40000,53000,54860365824,0,0
33.265353,500000000,40000,53000,54860365824,0,0
33.365989,500000000,40000,53000,54860365824,0,0
33.466752,500000000,40000,53000,54860365824,0,0
33.567645,500000000,40000,53000,54860365824,0,0
33.668670,500000000,40000,53000,54860365824,0,0
33.769673,500000000,40000,53000,54860365824,0,0
33.870644,500000000,40000,53000,54860365824,0,0
33.971629,500000000,40000,53000,54860365824,0,0
34.072393,500000000,40000,53000,54860365824,0,0
34.173192,500000000,40000,53000,54860365824,0,0
34.274000,500000000,40000,53000,54860365824,0,0
34.374798,500000000,40000,53000,54860365824,0,0
34.475657,500000000,40000,53000,54860365824,0,0
34.576801,500000000,40000,53000,54860365824,0,0
34.677659,500000000,40000,53000,54860365824,0,0
34.778440,500000000,40000,53000,54860365824,0,0
34.879234,500000000,40000,53000,54860365824,0,0
34.980087,500000000,40000,53000,54860365824,0,0
35.081219,500000000,42000,55000,54860365824,100,18
35.182030,500000000,43000,56000,54860365824,100,18
35.283024,500000000,44000,56000,54860365824,100,18
35.383835,500000000,44000,56000,54860365824,100,18
35.484769,500000000,44000,55000,54860365824,100,3
35.585733,500000000,43000,54000,54860365824,19,0
35.686614,500000000,41000,54000,54860365824,0,0
35.787404,500000000,41000,54000,54860365824,0,0
35.888263,500000000,40000,54000,54860365824,0,0
35.989072,500000000,40000,53000,54860365824,0,0
36.089881,500000000,41000,53000,54860365824,0,0
36.190744,500000000,40000,53000,54860365824,0,0
36.291452,500000000,41000,54000,54860365824,0,0
36.392262,500000000,40000,53000,54860365824,0,0
36.493087,500000000,40000,53000,54860365824,0,0
36.594757,500000000,40000,53000,54860365824,0,0
36.695789,500000000,40000,53000,54860365824,0,0
36.796516,500000000,41000,53000,54860365824,0,0
36.897298,500000000,40000,53000,54860365824,0,0
36.998139,500000000,40000,53000,54860365824,0,0
37.098976,500000000,40000,53000,54860365824,0,0
37.199821,500000000,40000,53000,54860365824,0,0
37.300807,500000000,40000,53000,54860365824,0,0
37.401807,500000000,40000,53000,54860365824,0,0
37.502742,500000000,40000,53000,54860365824,0,0
37.603576,500000000,40000,53000,54860365824,0,0
37.704372,500000000,41000,53000,54860365824,0,0
37.805201,500000000,40000,53000,54860365824,0,0
37.906045,500000000,40000,53000,54860365824,0,0
38.006938,500000000,40000,53000,54860365824,0,0
38.107842,500000000,40000,53000,54860365824,0,0
38.208809,500000000,40000,53000,54860365824,0,0
38.309820,500000000,40000,53000,54860365824,0,0
38.410807,500000000,40000,53000,54860365824,0,0
38.511578,500000000,40000,53000,54860365824,0,0
38.612403,500000000,40000,53000,54860365824,0,0
38.713149,500000000,40000,53000,54860365824,0,0
38.814007,500000000,40000,53000,54860365824,0,0
38.914831,500000000,40000,53000,54860365824,0,0
39.015541,500000000,40000,53000,54860365824,0,0
39.116393,500000000,40000,53000,54860365824,0,0
39.217265,500000000,40000,53000,54860365824,0,0
39.318096,500000000,40000,53000,54860365824,0,0
39.418840,500000000,40000,53000,54860365824,0,0
39.519854,500000000,40000,53000,54860365824,0,0
39.620545,500000000,40000,53000,54860365824,0,0
39.721399,500000000,40000,53000,54860365824,0,0
39.822153,500000000,41000,53000,54860365824,0,0
39.922978,500000000,40000,53000,54860365824,0,0
40.024551,500000000,40000,53000,54860365824,0,0
40.125431,500000000,40000,53000,54860365824,0,0
40.226301,500000000,40000,53000,54860365824,0,0
40.327212,500000000,40000,53000,54860365824,0,0
40.428050,500000000,40000,53000,54860365824,0,0
40.528957,500000000,40000,53000,54860365824,0,0
40.629900,500000000,42000,55000,54860365824,100,18
40.730965,500000000,43000,56000,54860365824,100,18
40.831932,500000000,44000,56000,54860365824,100,18
40.932924,500000000,44000,56000,54860365824,100,18
41.033987,500000000,44000,56000,54860365824,100,15
41.134965,500000000,43000,55000,54860365824,100,2
41.236019,500000000,41000,54000,54860365824,0,0
41.336984,500000000,41000,54000,54860365824,0,0
41.437911,500000000,41000,54000,54860365824,0,0
41.538636,500000000,40000,54000,54860365824,0,0
41.639325,500000000,41000,54000,54860365824,0,0
41.740182,500000000,40000,54000,54860365824,0,0
41.841005,500000000,41000,52000,54860365824,0,0
41.941959,500000000,41000,54000,54860365824,0,0
42.043005,500000000,41000,53000,54860365824,0,0
42.143951,500000000,41000,53000,54860365824,0,0
42.245163,500000000,40000,54000,54860365824,0,0
42.345965,500000000,40000,53000,54860365824,0,0
42.446781,500000000,40000,53000,54860365824,0,0
42.547486,500000000,40000,54000,54860365824,0,0
42.648311,500000000,41000,53000,54860365824,0,0
42.749047,500000000,41000,53000,54860365824,0,0
42.850017,500000000,40000,53000,54860365824,0,0
42.950744,500000000,40000,53000,54860365824,0,0
43.051610,500000000,40000,53000,54860365824,0,0
43.152532,500000000,40000,53000,54860365824,0,0
43.253392,500000000,41000,53000,54860365824,0,0
43.354106,500000000,40000,53000,54860365824,0,0
43.455053,500000000,41000,53000,54860365824,0,0
43.556070,500000000,40000,53000,54860365824,0,0
43.657077,500000000,40000,53000,54860365824,0,0
43.758057,500000000,40000,53000,54860365824,0,0
43.859082,500000000,40000,53000,54860365824,0,0
43.960048,500000000,40000,53000,54860365824,0,0
44.060808,500000000,40000,53000,54860365824,0,0
44.161575,500000000,40000,53000,54860365824,0,0
44.262311,500000000,40000,53000,54860365824,0,0
44.363064,500000000,41000,53000,54860365824,0,0
44.463807,500000000,40000,53000,54860365824,0,0
44.564561,500000000,40000,53000,54860365824,0,0
44.665427,500000000,40000,53000,54860365824,0,0
44.766173,500000000,40000,53000,54860365824,0,0
44.867091,500000000,40000,53000,54860365824,0,0
44.968068,500000000,40000,53000,54860365824,0,0
45.070297,500000000,40000,53000,54860365824,0,0
45.171118,500000000,40000,53000,54860365824,0,0
45.272055,500000000,40000,53000,54860365824,0,0
45.373055,500000000,40000,53000,54860365824,0,0
45.473830,500000000,41000,53000,54860365824,0,0
45.574693,500000000,40000,53000,54860365824,0,0
45.675487,500000000,40000,53000,54860365824,0,0
45.776336,500000000,40000,53000,54860365824,0,0
45.877078,500000000,40000,53000,54860365824,0,0
45.977849,500000000,40000,53000,54860365824,0,0
46.079085,500000000,40000,53000,54860365824,0,0
46.179915,500000000,40000,53000,54860365824,99,18
46.280783,500000000,43000,56000,54860365824,100,18
46.381546,500000000,44000,56000,54860365824,100,18
46.482413,500000000,44000,56000,54860365824,100,18
46.583266,500000000,44000,56000,54860365824,100,18
46.684213,500000000,43000,55000,54860365824,100,3
46.785068,500000000,42000,54000,54860365824,0,0
46.885772,500000000,41000,54000,54860365824,0,0
46.986497,500000000,41000,54000,54860365824,0,0
47.087294,500000000,41000,54000,54860365824,0,0
47.188172,500000000,41000,54000,54860365824,0,0
47.289104,500000000,40000,54000,54860365824,0,0
47.389815,500000000,41000,54000,54860365824,0,0
47.490621,500000000,41000,54000,54860365824,0,0
47.591326,500000000,40000,54000,54860365824,0,0
47.692045,500000000,40000,54000,54860365824,0,0
47.792772,500000000,40000,54000,54860365824,0,0
47.893550,500000000,41000,54000,54860365824,0,0
47.994353,500000000,41000,54000,54860365824,0,0
48.095172,500000000,40000,52000,54860365824,0,0
48.195884,500000000,40000,53000,54860365824,0,0
48.296566,500000000,41000,53000,54860365824,0,0
48.397282,500000000,40000,53000,54860365824,0,0
48.498148,500000000,40000,53000,54860365824,0,0
48.598848,500000000,41000,53000,54860365824,0,0
48.699546,500000000,41000,53000,54860365824,0,0
48.800230,500000000,40000,53000,54860365824,0,0
48.900919,500000000,40000,53000,54860365824,0,0
49.001611,500000000,40000,53000,54860365824,0,0
49.102252,500000000,41000,53000,54860365824,0,0
49.202957,500000000,40000,53000,54860365824,0,0
49.303644,500000000,40000,53000,54860365824,0,0
49.404355,500000000,40000,53000,54860365824,0,0
49.505223,500000000,41000,53000,54860365824,0,0
49.605946,500000000,40000,53000,54860365824,0,0
49.706686,500000000,40000,53000,54860365824,0,0
49.807367,500000000,41000,53000,54860365824,0,0
49.908157,500000000,40000,53000,54860365824,0,0
50.008835,500000000,40000,53000,54860365824,0,0
50.109560,500000000,41000,53000,54860365824,0,0
50.210272,500000000,40000,53000,54860365824,0,0
50.310984,500000000,40000,53000,54860365824,0,0
50.411680,500000000,40000,53000,54860365824,0,0
50.512376,500000000,40000,53000,54860365824,0,0
50.613288,500000000,40000,53000,54860365824,0,0
50.713990,500000000,40000,53000,54860365824,0,0
50.814806,500000000,40000,53000,54860365824,0,0
50.915610,500000000,41000,53000,54860365824,0,0
51.016318,500000000,41000,53000,54860365824,0,0
51.117030,500000000,40000,53000,54860365824,0,0
51.217874,500000000,40000,53000,54860365824,0,0
51.318523,500000000,40000,53000,54860365824,0,0
51.419347,500000000,40000,53000,54860365824,0,0
51.520344,500000000,40000,53000,54860365824,0,0
51.621072,500000000,40000,53000,54860365824,0,0
51.721783,500000000,41000,53000,54860365824,0,0
51.822398,500000000,42000,55000,54860365824,100,18
51.923337,500000000,43000,56000,54860365824,99,18
52.024318,500000000,44000,56000,54860365824,100,18
52.125037,500000000,44000,56000,54860365824,100,18
52.225841,500000000,44000,56000,54860365824,99,10
52.326535,500000000,42000,55000,54860365824,0,0
52.427338,500000000,41000,54000,54860365824,0,0
52.528035,500000000,41000,54000,54860365824,0,0
52.628746,500000000,41000,54000,54860365824,0,0
52.729428,500000000,40000,54000,54860365824,0,0
52.830141,500000000,41000,54000,54860365824,0,0
52.930870,500000000,41000,54000,54860365824,0,0
53.031640,500000000,41000,54000,54860365824,0,0
53.132471,500000000,41000,54000,54860365824,0,0
53.233382,500000000,41000,54000,54860365824,0,0
53.334090,500000000,41000,54000,54860365824,0,0
53.434783,500000000,41000,54000,54860365824,0,0
53.535631,500000000,40000,54000,54860365824,0,0
53.636383,500000000,40000,52000,54860365824,0,0
53.737239,500000000,40000,54000,54860365824,0,0
53.837964,500000000,41000,54000,54860365824,0,0
53.938757,500000000,40000,53000,54860365824,0,0
54.039524,500000000,41000,52000,54860365824,0,0
54.140438,500000000,41000,52000,54860365824,0,0
54.241407,500000000,40000,54000,54860365824,0,0
54.342140,500000000,40000,53000,54860365824,0,0
54.442832,500000000,41000,54000,54860365824,0,0
54.543532,500000000,41000,53000,54860365824,0,0
54.644445,500000000,40000,54000,54860365824,0,0
54.745162,500000000,40000,54000,54860365824,0,0
54.845875,500000000,41000,53000,54860365824,0,0
54.946473,500000000,40000,52000,54860365824,0,0
55.047824,500000000,40000,53000,54860365824,0,0
55.148564,500000000,40000,53000,54860365824,0,0
55.250003,500000000,40000,53000,54860365824,0,0
55.350725,500000000,41000,53000,54860365824,0,0
55.451462,500000000,40000,53000,54860365824,0,0
55.552157,500000000,41000,53000,54860365824,0,0
55.652749,500000000,41000,54000,54860365824,0,0
55.753375,500000000,40000,53000,54860365824,0,0
55.853953,500000000,40000,53000,54860365824,0,0
55.954500,500000000,40000,53000,54860365824,0,0
56.055070,500000000,40000,53000,54860365824,0,0
56.155657,500000000,41000,53000,54860365824,0,0
56.256390,500000000,40000,53000,54860365824,0,0
56.356980,500000000,41000,53000,54860365824,0,0
56.457534,500000000,40000,53000,54860365824,0,0
56.558059,500000000,40000,53000,54860365824,0,0
56.658628,500000000,40000,53000,54860365824,0,0
56.759493,500000000,41000,53000,54860365824,0,0
56.860096,500000000,40000,53000,54860365824,0,0
56.960696,500000000,40000,53000,54860365824,0,0
57.061531,500000000,41000,53000,54860365824,0,0
57.162136,500000000,40000,53000,54860365824,0,0
57.262846,500000000,40000,53000,54860365824,0,0
57.363451,500000000,43000,55000,54860365824,100,18
57.464150,500000000,43000,56000,54860365824,100,18
57.564924,500000000,44000,56000,54860365824,100,18
57.665778,500000000,44000,56000,54860365824,100,18
57.766507,500000000,44000,56000,54860365824,100,9
57.867275,500000000,43000,55000,54860365824,1,0
57.968033,500000000,41000,54000,54860365824,0,0
58.068758,500000000,41000,54000,54860365824,0,0
58.169572,500000000,41000,54000,54860365824,0,0
58.270285,500000000,41000,54000,54860365824,0,0
58.371023,500000000,41000,54000,54860365824,0,0
58.471707,500000000,41000,54000,54860365824,0,0
58.572627,500000000,41000,54000,54860365824,0,0
58.673357,500000000,41000,54000,54860365824,0,0
58.774189,500000000,41000,54000,54860365824,0,0
58.874945,500000000,41000,54000,54860365824,0,0
58.975779,500000000,41000,54000,54860365824,0,0
59.076610,500000000,40000,54000,54860365824,0,0
59.177395,500000000,41000,54000,54860365824,0,0
59.278110,500000000,40000,54000,54860365824,0,0
59.378758,500000000,40000,54000,54860365824,0,0
59.479564,500000000,41000,54000,54860365824,0,0
59.580198,500000000,41000,52000,54860365824,0,0
59.680909,500000000,40000,54000,54860365824,0,0
59.781647,500000000,41000,54000,54860365824,0,0
59.882348,500000000,40000,52000,54860365824,0,0
59.983108,500000000,40000,52000,54860365824,0,0
60.083840,500000000,40000,54000,54860365824,0,0
60.184692,500000000,41000,54000,54860365824,0,0
60.285402,500000000,41000,54000,54860365824,0,0
60.386150,500000000,41000,54000,54860365824,0,0
60.486858,500000000,40000,54000,54860365824,0,0
60.587699,500000000,41000,54000,54860365824,0,0
60.688404,500000000,41000,53000,54860365824,0,0
60.789112,500000000,40000,54000,54860365824,0,0
60.889744,500000000,41000,54000,54860365824,0,0
60.990461,500000000,41000,52000,54860365824,0,0
61.091218,500000000,41000,53000,54860365824,0,0
61.191975,500000000,41000,54000,54860365824,0,0
61.292727,500000000,40000,53000,54860365824,0,0
61.393401,500000000,41000,52000,54860365824,0,0
61.494099,500000000,41000,53000,54860365824,0,0
61.594826,500000000,40000,53000,54860365824,0,0
61.695738,500000000,41000,53000,54860365824,0,0
61.796449,500000000,40000,53000,54860365824,0,0
61.897128,500000000,40000,54000,54860365824,0,0
61.997856,500000000,41000,53000,54860365824,0,0
62.098650,500000000,41000,53000,54860365824,0,0
62.199249,500000000,40000,53000,54860365824,0,0
62.299899,500000000,40000,53000,54860365824,0,0
62.400675,500000000,40000,54000,54860365824,0,0
62.501674,500000000,40000,53000,54860365824,0,0
62.602341,500000000,40000,53000,54860365824,0,0
62.702948,500000000,40000,53000,54860365824,0,0
62.803682,500000000,40000,53000,54860365824,0,0
62.904268,500000000,42000,55000,54860365824,100,18
63.004845,500000000,43000,56000,54860365824,100,18
63.105412,500000000,44000,56000,54860365824,100,18
63.206194,500000000,45000,56000,54860365824,100,18
63.306932,500000000,44000,55000,54860365824,100,14
63.407834,500000000,43000,55000,54860365824,100,1
63.508874,500000000,41000,54000,54860365824,0,0
63.609872,500000000,41000,54000,54860365824,0,0
63.710851,500000000,41000,54000,54860365824,0,0
63.811870,500000000,41000,54000,54860365824,0,0
63.912827,500000000,41000,54000,54860365824,0,0
64.013850,500000000,40000,54000,54860365824,0,0
64.114830,500000000,40000,54000,54860365824,0,0
64.215825,500000000,41000,54000,54860365824,0,0
64.316850,500000000,41000,54000,54860365824,0,0
64.417574,500000000,41000,54000,54860365824,0,0
64.518277,500000000,40000,54000,54860365824,0,0
64.619078,500000000,40000,54000,54860365824,0,0
64.720217,500000000,41000,54000,54860365824,0,0
64.821084,500000000,41000,54000,54860365824,0,0
64.921898,500000000,40000,54000,54860365824,0,0
65.022873,500000000,41000,54000,54860365824,0,0
65.123963,500000000,40000,54000,54860365824,0,0
65.226030,500000000,41000,54000,54860365824,0,0
65.326947,500000000,41000,54000,54860365824,0,0
65.427967,500000000,41000,54000,54860365824,0,0
65.528941,500000000,40000,54000,54860365824,0,0
65.629945,500000000,40000,54000,54860365824,0,0
65.730916,500000000,41000,54000,54860365824,0,0
65.831931,500000000,41000,52000,54860365824,0,0
65.932960,500000000,41000,52000,54860365824,0,0
66.033945,500000000,41000,54000,54860365824,0,0
66.134955,500000000,41000,54000,54860365824,0,0
66.235921,500000000,40000,54000,54860365824,0,0
66.336955,500000000,41000,54000,54860365824,0,0
66.437953,500000000,41000,54000,54860365824,0,0
66.538966,500000000,41000,53000,54860365824,0,0
66.639998,500000000,40000,52000,54860365824,0,0
66.740970,500000000,41000,53000,54860365824,0,0
66.841967,500000000,40000,53000,54860365824,0,0
66.942968,500000000,41000,54000,54860365824,0,0
67.043926,500000000,41000,54000,54860365824,0,0
67.144669,500000000,41000,54000,54860365824,0,0
67.245498,500000000,40000,53000,54860365824,0,0
67.346291,500000000,41000,54000,54860365824,0,0
67.447098,500000000,40000,52000,54860365824,0,0
67.547924,500000000,40000,53000,54860365824,0,0
67.648697,500000000,41000,53000,54860365824,0,0
67.749498,500000000,41000,54000,54860365824,0,0
67.850324,500000000,40000,53000,54860365824,0,0
67.951171,500000000,41000,54000,54860365824,0,0
68.052058,500000000,41000,54000,54860365824,0,0
68.152933,500000000,41000,53000,54860365824,0,0
68.253619,500000000,41000,53000,54860365824,0,0
68.354261,500000000,40000,53000,54860365824,0,0
68.454991,500000000,42000,54000,54860365824,99,18
68.555718,500000000,43000,56000,54860365824,100,18
68.656354,500000000,44000,56000,54860365824,100,18
68.757277,500000000,45000,56000,54860365824,100,18
68.857931,500000000,45000,56000,54860365824,100,18
68.958546,500000000,44000,55000,54860365824,100,3
69.059368,500000000,42000,54000,54860365824,0,0
69.160211,500000000,41000,54000,54860365824,0,0
69.261099,500000000,41000,54000,54860365824,0,0
69.361994,500000000,41000,54000,54860365824,0,0
69.462744,500000000,41000,54000,54860365824,0,0
69.563630,500000000,41000,54000,54860365824,0,0
69.664340,500000000,41000,54000,54860365824,0,0
69.765091,500000000,41000,54000,54860365824,0,0
69.865780,500000000,41000,54000,54860365824,0,0
69.966580,500000000,40000,54000,54860365824,0,0
70.067315,500000000,41000,54000,54860365824,0,0
70.168037,500000000,41000,54000,54860365824,0,0
70.268715,500000000,41000,54000,54860365824,0,0
70.369404,500000000,41000,54000,54860365824,0,0
70.470101,500000000,41000,54000,54860365824,0,0
70.570785,500000000,41000,54000,54860365824,0,0
70.671498,500000000,41000,54000,54860365824,0,0
70.772166,500000000,41000,54000,54860365824,0,0
70.873038,500000000,41000,54000,54860365824,0,0
70.973718,500000000,41000,54000,54860365824,0,0
71.074434,500000000,41000,54000,54860365824,0,0
71.175304,500000000,40000,54000,54860365824,0,0
71.276059,500000000,41000,54000,54860365824,0,0
71.377128,500000000,41000,54000,54860365824,0,0
71.477849,500000000,41000,54000,54860365824,0,0
71.578618,500000000,41000,54000,54860365824,0,0
71.679331,500000000,40000,54000,54860365824,0,0
71.780076,500000000,40000,54000,54860365824,0,0
71.880855,500000000,41000,54000,54860365824,0,0
71.981544,500000000,40000,54000,54860365824,0,0
72.082378,500000000,40000,54000,54860365824,0,0
72.183232,500000000,40000,54000,54860365824,0,0
72.284151,500000000,41000,52000,54860365824,0,0
72.384938,500000000,41000,54000,54860365824,0,0
72.485698,500000000,41000,54000,54860365824,0,0
72.586431,500000000,40000,54000,54860365824,0,0
72.687142,500000000,41000,54000,54860365824,0,0
72.787942,500000000,40000,54000,54860365824,0,0
72.888698,500000000,40000,54000,54860365824,0,0
72.989420,500000000,40000,54000,54860365824,0,0
73.090501,500000000,41000,54000,54860365824,0,0
73.191271,500000000,41000,52000,54860365824,0,0
73.292177,500000000,41000,54000,54860365824,0,0
73.393184,500000000,40000,52000,54860365824,0,0
73.494131,500000000,41000,54000,54860365824,0,0
73.594934,500000000,40000,53000,54860365824,0,0
73.695618,500000000,40000,53000,54860365824,0,0
73.796368,500000000,40000,54000,54860365824,0,0
73.897164,500000000,41000,54000,54860365824,0,0
73.997876,500000000,41000,53000,54860365824,0,0
74.098632,500000000,43000,55000,54860365824,100,18
74.199417,500000000,44000,56000,54860365824,100,18
74.300173,500000000,44000,56000,54860365824,100,18
74.401257,500000000,45000,57000,54860365824,100,18
74.502203,500000000,45000,56000,54860365824,100,5
74.602998,500000000,43000,55000,54860365824,100,0
74.703900,500000000,41000,54000,54860365824,0,0
74.804709,500000000,41000,54000,54860365824,0,0
74.905478,500000000,41000,54000,54860365824,0,0
75.006225,500000000,41000,54000,54860365824,0,0
75.107843,500000000,41000,54000,54860365824,0,0
75.208468,500000000,41000,54000,54860365824,0,0
75.309211,500000000,41000,54000,54860365824,0,0
75.409992,500000000,41000,54000,54860365824,0,0
75.510642,500000000,41000,54000,54860365824,0,0
75.611352,500000000,41000,54000,54860365824,0,0
75.712223,500000000,41000,54000,54860365824,0,0
75.812860,500000000,40000,54000,54860365824,0,0
75.913545,500000000,41000,54000,54860365824,0,0
76.014134,500000000,41000,54000,54860365824,0,0
76.115395,500000000,41000,54000,54860365824,0,0
76.216359,500000000,41000,54000,54860365824,0,0
76.317317,500000000,40000,54000,54860365824,0,0
76.418006,500000000,41000,54000,54860365824,0,0
76.518761,500000000,41000,54000,54860365824,0,0
76.619492,500000000,41000,54000,54860365824,0,0
76.720374,500000000,41000,54000,54860365824,0,0
76.821324,500000000,41000,54000,54860365824,0,0
76.922074,500000000,41000,54000,54860365824,0,0
77.022949,500000000,41000,54000,54860365824,0,0
77.123704,500000000,41000,54000,54860365824,0,0
77.224467,500000000,41000,54000,54860365824,0,0
77.325379,500000000,41000,54000,54860365824,0,0
77.426132,500000000,41000,54000,54860365824,0,0
77.527006,500000000,41000,54000,54860365824,0,0
77.627761,500000000,41000,54000,54860365824,0,0
77.728463,500000000,41000,54000,54860365824,0,0
77.829390,500000000,41000,54000,54860365824,0,0
77.930407,500000000,40000,54000,54860365824,0,0
78.031381,500000000,41000,54000,54860365824,0,0
78.132538,500000000,41000,54000,54860365824,0,0
78.233422,500000000,41000,54000,54860365824,0,0
78.334422,500000000,41000,54000,54860365824,0,0
78.435426,500000000,40000,54000,54860365824,0,0
78.536436,500000000,41000,54000,54860365824,0,0
78.637447,500000000,40000,54000,54860365824,0,0
78.738381,500000000,40000,54000,54860365824,0,0
78.839397,500000000,41000,54000,54860365824,0,0
78.940088,500000000,41000,54000,54860365824,0,0
79.040788,500000000,41000,54000,54860365824,0,0
79.141474,500000000,41000,54000,54860365824,0,0
79.242182,500000000,40000,54000,54860365824,0,0
79.342881,500000000,40000,54000,54860365824,0,0
79.443609,500000000,40000,54000,54860365824,0,0
79.544549,500000000,40000,54000,54860365824,0,0
79.645414,500000000,41000,54000,54860365824,99,19
79.746141,500000000,43000,56000,54860365824,100,18
79.846853,500000000,44000,56000,54860365824,100,18
79.947675,500000000,44000,56000,54860365824,99,18
80.048440,500000000,45000,57000,54860365824,100,18
80.149161,500000000,44000,56000,54860365824,100,3
80.249958,500000000,42000,55000,54860365824,0,0
80.350817,500000000,41000,54000,54860365824,0,0
80.451477,500000000,41000,54000,54860365824,0,0
80.552193,500000000,41000,54000,54860365824,0,0
80.652906,500000000,41000,54000,54860365824,0,0
80.753580,500000000,41000,54000,54860365824,0,0
80.854475,500000000,41000,54000,54860365824,0,0
80.955088,500000000,41000,54000,54860365824,0,0
81.055640,500000000,41000,54000,54860365824,0,0
81.156486,500000000,41000,54000,54860365824,0,0
81.257476,500000000,41000,54000,54860365824,0,0
81.358190,500000000,41000,54000,54860365824,0,0
81.458977,500000000,41000,54000,54860365824,0,0
81.559702,500000000,41000,54000,54860365824,0,0
81.660499,500000000,41000,54000,54860365824,0,0
81.761998,500000000,41000,54000,54860365824,0,0
81.862704,500000000,41000,54000,54860365824,0,0
81.963557,500000000,41000,54000,54860365824,0,0
82.064536,500000000,41000,54000,54860365824,0,0
82.165330,500000000,41000,54000,54860365824,0,0
82.266178,500000000,41000,54000,54860365824,0,0
82.367014,500000000,41000,54000,54860365824,0,0
82.467841,500000000,41000,54000,54860365824,0,0
82.568620,500000000,41000,54000,54860365824,0,0
82.669582,500000000,41000,54000,54860365824,0,0
82.770573,500000000,41000,54000,54860365824,0,0
82.871552,500000000,41000,54000,54860365824,0,0
82.972377,500000000,41000,54000,54860365824,0,0
83.073121,500000000,41000,54000,54860365824,0,0
83.173838,500000000,41000,54000,54860365824,0,0
83.274572,500000000,40000,54000,54860365824,0,0
83.375375,500000000,40000,54000,54860365824,0,0
83.476171,500000000,41000,54000,54860365824,0,0
83.576978,500000000,41000,54000,54860365824,0,0
83.677798,500000000,41000,54000,54860365824,0,0
83.778704,500000000,41000,54000,54860365824,0,0
83.879679,500000000,41000,54000,54860365824,0,0
83.980658,500000000,41000,54000,54860365824,0,0
84.081346,500000000,41000,54000,54860365824,0,0
84.182035,500000000,41000,54000,54860365824,0,0
84.282751,500000000,40000,54000,54860365824,0,0
84.383628,500000000,41000,54000,54860365824,0,0
84.484334,500000000,41000,54000,54860365824,0,0
84.585035,500000000,41000,54000,54860365824,0,0
84.685740,500000000,41000,54000,54860365824,0,0
84.786628,500000000,40000,54000,54860365824,0,0
84.887332,500000000,40000,54000,54860365824,0,0
84.988045,500000000,41000,54000,54860365824,0,0
85.088977,500000000,41000,54000,54860365824,0,0
85.190147,500000000,40000,54000,54860365824,0,0
85.290896,500000000,43000,55000,54860365824,100,18
85.391600,500000000,44000,56000,54860365824,100,18
85.492397,500000000,44000,56000,54860365824,100,18
85.593248,500000000,44000,57000,54860365824,100,18
85.693997,500000000,45000,57000,54860365824,100,10
85.794748,500000000,44000,55000,54860365824,100,1
85.895683,500000000,41000,54000,54860365824,0,0
85.996722,500000000,41000,54000,54860365824,0,0
86.097767,500000000,41000,54000,54860365824,0,0
86.198708,500000000,41000,54000,54860365824,0,0
86.299464,500000000,41000,54000,54860365824,0,0
86.400252,500000000,41000,54000,54860365824,0,0
86.501088,500000000,41000,54000,54860365824,0,0
86.601925,500000000,41000,54000,54860365824,0,0
86.702786,500000000,41000,54000,54860365824,0,0
86.803800,500000000,41000,54000,54860365824,0,0
86.904803,500000000,41000,54000,54860365824,0,0
87.005767,500000000,41000,54000,54860365824,0,0
87.106757,500000000,41000,54000,54860365824,0,0
87.207393,500000000,41000,54000,54860365824,0,0
87.308142,500000000,41000,54000,54860365824,0,0
87.408869,500000000,41000,54000,54860365824,0,0
87.509764,500000000,41000,54000,54860365824,0,0
87.610472,500000000,41000,54000,54860365824,0,0
87.711267,500000000,41000,54000,54860365824,0,0
87.812082,500000000,41000,54000,54860365824,0,0
87.912805,500000000,41000,54000,54860365824,0,0
88.013895,500000000,41000,54000,54860365824,0,0
88.114843,500000000,41000,54000,54860365824,0,0
88.215566,500000000,41000,54000,54860365824,0,0
88.316299,500000000,41000,54000,54860365824,0,0
88.417032,500000000,41000,54000,54860365824,0,0
88.517831,500000000,40000,54000,54860365824,0,0
88.618571,500000000,41000,54000,54860365824,0,0
88.719333,500000000,41000,54000,54860365824,0,0
88.820078,500000000,41000,54000,54860365824,0,0
88.920840,500000000,40000,54000,54860365824,0,0
89.021537,500000000,41000,54000,54860365824,0,0
89.122264,500000000,41000,54000,54860365824,0,0
89.222980,500000000,41000,54000,54860365824,0,0
89.323840,500000000,41000,54000,54860365824,0,0
89.424883,500000000,40000,54000,54860365824,0,0
89.525887,500000000,41000,54000,54860365824,0,0
89.626925,500000000,41000,54000,54860365824,0,0
89.727935,500000000,41000,54000,54860365824,0,0
89.828900,500000000,41000,54000,54860365824,0,0
89.929986,500000000,41000,54000,54860365824,0,0
90.030946,500000000,40000,54000,54860365824,0,0
90.131989,500000000,40000,54000,54860365824,0,0
90.232916,500000000,41000,54000,54860365824,0,0
90.333927,500000000,41000,54000,54860365824,0,0
90.435541,500000000,41000,54000,54860365824,0,0
90.536211,500000000,40000,54000,54860365824,0,0
90.637012,500000000,41000,54000,54860365824,0,0
90.737913,500000000,41000,54000,54860365824,0,0
90.838999,500000000,41000,54000,54860365824,4,0
90.939976,500000000,43000,56000,54860365824,100,18
91.040843,500000000,44000,56000,54860365824,100,18
91.141983,500000000,45000,57000,54860365824,16,3
91.242960,500000000,45000,57000,54860365824,100,18
91.343927,500000000,44000,56000,54860365824,100,3
91.444985,500000000,43000,55000,54860365824,38,0
91.545966,500000000,41000,54000,54860365824,0,0
91.646981,500000000,41000,54000,54860365824,0,0
91.748007,500000000,41000,54000,54860365824,0,0
91.849012,500000000,41000,54000,54860365824,0,0
91.950028,500000000,41000,54000,54860365824,0,0
92.050985,500000000,41000,54000,54860365824,0,0
92.152013,500000000,41000,54000,54860365824,0,0
92.252937,500000000,41000,54000,54860365824,0,0
92.353801,500000000,41000,54000,54860365824,0,0
92.454520,500000000,41000,54000,54860365824,0,0
92.555197,500000000,41000,54000,54860365824,0,0
92.655992,500000000,41000,54000,54860365824,0,0
92.756731,500000000,41000,54000,54860365824,0,0
92.857429,500000000,41000,54000,54860365824,0,0
92.958127,500000000,41000,54000,54860365824,0,0
93.059005,500000000,41000,54000,54860365824,0,0
93.159725,500000000,41000,54000,54860365824,0,0
93.260443,500000000,41000,54000,54860365824,0,0
93.361154,500000000,41000,54000,54860365824,0,0
93.462029,500000000,41000,54000,54860365824,0,0
93.562742,500000000,41000,54000,54860365824,0,0
93.663444,500000000,41000,54000,54860365824,0,0
93.764220,500000000,41000,54000,54860365824,0,0
93.865049,500000000,41000,54000,54860365824,0,0
93.965758,500000000,41000,54000,54860365824,0,0
94.066474,500000000,41000,54000,54860365824,0,0
94.167181,500000000,41000,54000,54860365824,0,0
94.268042,500000000,40000,54000,54860365824,0,0
94.368764,500000000,41000,54000,54860365824,0,0
94.469489,500000000,41000,54000,54860365824,0,0
94.570409,500000000,41000,54000,54860365824,0,0
94.671270,500000000,41000,54000,54860365824,0,0
94.772203,500000000,41000,54000,54860365824,0,0
94.873192,500000000,41000,54000,54860365824,0,0
94.974218,500000000,41000,54000,54860365824,0,0
95.075410,500000000,41000,54000,54860365824,0,0
95.176381,500000000,41000,54000,54860365824,0,0
95.277116,500000000,41000,54000,54860365824,0,0
95.377842,500000000,41000,54000,54860365824,0,0
95.478578,500000000,41000,54000,54860365824,0,0
95.579349,500000000,41000,54000,54860365824,0,0
95.680159,500000000,41000,54000,54860365824,0,0
95.780789,500000000,41000,54000,54860365824,0,0
95.881467,500000000,41000,54000,54860365824,0,0
95.982155,500000000,41000,54000,54860365824,0,0
96.082842,500000000,41000,54000,54860365824,0,0
96.183492,500000000,40000,54000,54860365824,0,0
96.284155,500000000,41000,54000,54860365824,0,0
96.384812,500000000,40000,54000,54860365824,0,0
96.485466,500000000,42000,55000,54860365824,100,18
96.586052,500000000,44000,56000,54860365824,100,18
96.686634,500000000,44000,57000,54860365824,100,18
96.787283,500000000,45000,57000,54860365824,100,18
96.887852,500000000,45000,57000,54860365824,100,15
96.988404,500000000,44000,55000,54860365824,100,2
97.089144,500000000,42000,55000,54860365824,0,0
97.189852,500000000,41000,54000,54860365824,0,0
97.290418,500000000,41000,54000,54860365824,0,0
97.391094,500000000,41000,54000,54860365824,0,0
97.491789,500000000,41000,54000,54860365824,0,0
97.592454,500000000,41000,54000,54860365824,0,0
97.693143,500000000,41000,54000,54860365824,0,0
97.793753,500000000,41000,54000,54860365824,0,0
97.894293,500000000,41000,54000,54860365824,0,0
97.995121,500000000,41000,54000,54860365824,0,0
98.095722,500000000,41000,54000,54860365824,0,0
98.196285,500000000,41000,54000,54860365824,0,0
98.296884,500000000,41000,54000,54860365824,0,0
98.397450,500000000,40000,54000,54860365824,0,0
98.498155,500000000,41000,54000,54860365824,0,0
98.598863,500000000,41000,54000,54860365824,0,0
98.699506,500000000,41000,54000,54860365824,0,0
98.800195,500000000,41000,54000,54860365824,0,0
98.900924,500000000,41000,54000,54860365824,0,0
99.001664,500000000,41000,54000,54860365824,0,0
99.102319,500000000,41000,54000,54860365824,0,0
99.203228,500000000,41000,54000,54860365824,0,0
99.304014,500000000,41000,54000,54860365824,0,0
99.404858,500000000,41000,54000,54860365824,0,0
99.505756,500000000,41000,54000,54860365824,0,0
99.606493,500000000,41000,54000,54860365824,0,0
99.707287,500000000,41000,54000,54860365824,0,0
99.807954,500000000,41000,54000,54860365824,0,0
99.908673,500000000,41000,54000,54860365824,0,0
100.009674,500000000,41000,54000,54860365824,0,0
100.110479,500000000,41000,54000,54860365824,0,0
100.211342,500000000,41000,54000,54860365824,0,0
100.312364,500000000,41000,54000,54860365824,0,0
100.413370,500000000,41000,54000,54860365824,0,0
100.514371,500000000,41000,54000,54860365824,0,0
100.615340,500000000,41000,54000,54860365824,0,0
100.716365,500000000,41000,54000,54860365824,0,0
100.817392,500000000,41000,54000,54860365824,0,0
100.918359,500000000,41000,54000,54860365824,0,0
101.019108,500000000,41000,54000,54860365824,0,0
101.120071,500000000,41000,54000,54860365824,0,0
101.220968,500000000,41000,54000,54860365824,0,0
101.321863,500000000,41000,54000,54860365824,0,0
101.422759,500000000,41000,54000,54860365824,0,0
101.523511,500000000,41000,54000,54860365824,0,0
101.624435,500000000,40000,54000,54860365824,0,0
101.725416,500000000,41000,54000,54860365824,0,0
101.826434,500000000,41000,54000,54860365824,0,0
101.927342,500000000,41000,54000,54860365824,0,0
102.028065,500000000,41000,54000,54860365824,0,0
102.128970,500000000,44000,56000,54860365824,100,18
102.229849,500000000,45000,56000,54860365824,100,18
102.330649,500000000,45000,57000,54860365824,100,18
102.431627,500000000,45000,57000,54860365824,100,18
102.532468,500000000,44000,56000,54860365824,100,3
102.633459,500000000,43000,55000,54860365824,100,0
102.734485,500000000,41000,54000,54860365824,0,0
102.835468,500000000,41000,54000,54860365824,0,0
102.936512,500000000,41000,54000,54860365824,0,0
103.037448,500000000,41000,54000,54860365824,0,0
103.138170,500000000,41000,54000,54860365824,0,0
103.239051,500000000,41000,54000,54860365824,0,0
103.339913,500000000,41000,54000,54860365824,0,0
103.440810,500000000,41000,54000,54860365824,0,0
103.541741,500000000,41000,54000,54860365824,0,0
103.642639,500000000,41000,54000,54860365824,0,0
103.743507,500000000,41000,54000,54860365824,0,0
103.844432,500000000,41000,54000,54860365824,0,0
103.945256,500000000,41000,54000,54860365824,0,0
104.046054,500000000,41000,54000,54860365824,0,0
104.146697,500000000,41000,54000,54860365824,0,0
104.247433,500000000,41000,54000,54860365824,0,0
104.348193,500000000,41000,54000,54860365824,0,0
104.448946,500000000,41000,54000,54860365824,0,0
104.549829,500000000,41000,54000,54860365824,0,0
104.650724,500000000,41000,54000,54860365824,0,0
104.751542,500000000,41000,54000,54860365824,0,0
104.852516,500000000,41000,54000,54860365824,0,0
104.953506,500000000,41000,54000,54860365824,0,0
105.054264,500000000,41000,54000,54860365824,0,0
105.154987,500000000,41000,54000,54860365824,0,0
105.255707,500000000,41000,54000,54860365824,0,0
105.356598,500000000,41000,54000,54860365824,0,0
105.457504,500000000,41000,54000,54860365824,0,0
105.558208,500000000,41000,54000,54860365824,0,0
105.659017,500000000,41000,54000,54860365824,0,0
105.759778,500000000,41000,54000,54860365824,0,0
105.860565,500000000,41000,54000,54860365824,0,0
105.961270,500000000,41000,54000,54860365824,0,0
106.061963,500000000,41000,54000,54860365824,0,0
106.162758,500000000,41000,54000,54860365824,0,0
106.263637,500000000,41000,54000,54860365824,0,0
106.364636,500000000,41000,54000,54860365824,0,0
106.465635,500000000,41000,54000,54860365824,0,0
106.566571,500000000,41000,54000,54860365824,0,0
106.667311,500000000,41000,54000,54860365824,0,0
106.768021,500000000,41000,54000,54860365824,0,0
106.868685,500000000,41000,54000,54860365824,0,0
106.969640,500000000,41000,54000,54860365824,0,0
107.070658,500000000,41000,54000,54860365824,0,0
107.171700,500000000,41000,54000,54860365824,0,0
107.272659,500000000,41000,54000,54860365824,0,0
107.373688,500000000,41000,54000,54860365824,0,0
107.474643,500000000,41000,54000,54860365824,0,0
107.575666,500000000,41000,54000,54860365824,0,0
107.676827,500000000,42000,55000,54860365824,100,18
107.777668,500000000,45000,56000,54860365824,100,18
107.878692,500000000,45000,56000,54860365824,100,18
107.979714,500000000,45000,57000,54860365824,100,18
108.080702,500000000,45000,57000,54860365824,100,18
108.181880,500000000,45000,56000,54860365824,100,2
108.282822,500000000,42000,55000,54860365824,0,0
108.383690,500000000,41000,54000,54860365824,0,0
108.484743,500000000,41000,54000,54860365824,0,0
108.585706,500000000,41000,54000,54860365824,0,0
108.686742,500000000,41000,54000,54860365824,0,0
108.787632,500000000,41000,54000,54860365824,0,0
108.888335,500000000,41000,54000,54860365824,0,0
108.989023,500000000,41000,54000,54860365824,0,0
109.089652,500000000,41000,54000,54860365824,0,0
109.190295,500000000,41000,54000,54860365824,0,0
109.290943,500000000,41000,54000,54860365824,0,0
109.391663,500000000,41000,54000,54860365824,0,0
109.492221,500000000,41000,54000,54860365824,0,0
109.593052,500000000,41000,54000,54860365824,0,0
109.693768,500000000,41000,54000,54860365824,0,0
109.794511,500000000,41000,54000,54860365824,0,0
109.895294,500000000,41000,54000,54860365824,0,0
109.996138,500000000,41000,54000,54860365824,0,0
110.096973,500000000,41000,54000,54860365824,0,0
110.197697,500000000,41000,54000,54860365824,0,0
110.298412,500000000,41000,54000,54860365824,0,0
110.399221,500000000,41000,54000,54860365824,0,0
110.500043,500000000,41000,54000,54860365824,0,0
110.600933,500000000,41000,54000,54860365824,0,0
110.701801,500000000,41000,54000,54860365824,0,0
110.802520,500000000,41000,54000,54860365824,0,0
110.903377,500000000,41000,54000,54860365824,0,0
111.004155,500000000,41000,54000,54860365824,0,0
111.104918,500000000,41000,54000,54860365824,0,0
111.205790,500000000,41000,54000,54860365824,0,0
111.306623,500000000,41000,54000,54860365824,0,0
111.407377,500000000,41000,54000,54860365824,0,0
111.508121,500000000,41000,54000,54860365824,0,0
111.608951,500000000,41000,54000,54860365824,0,0
111.710203,500000000,41000,54000,54860365824,0,0
111.811075,500000000,41000,54000,54860365824,0,0
111.911951,500000000,41000,54000,54860365824,0,0
112.012886,500000000,41000,54000,54860365824,0,0
112.113869,500000000,41000,54000,54860365824,0,0
112.214896,500000000,41000,54000,54860365824,0,0
112.315803,500000000,41000,54000,54860365824,0,0
112.416628,500000000,41000,54000,54860365824,0,0
112.517345,500000000,41000,54000,54860365824,0,0
112.618121,500000000,41000,54000,54860365824,0,0
112.718894,500000000,41000,54000,54860365824,0,0
112.819839,500000000,41000,54000,54860365824,0,0
112.920574,500000000,41000,54000,54860365824,0,0
113.021182,500000000,41000,54000,54860365824,0,0
113.121899,500000000,41000,54000,54860365824,0,0
113.222621,500000000,41000,54000,54860365824,0,0
113.323327,500000000,43000,54000,54860365824,100,18
113.424085,500000000,45000,56000,54860365824,100,18
113.524907,500000000,45000,57000,54860365824,100,18
113.625852,500000000,45000,57000,54860365824,100,18
113.726558,500000000,44000,56000,54860365824,100,4
113.827339,500000000,44000,55000,54860365824,100,0
113.928225,500000000,42000,54000,54860365824,0,0
114.029039,500000000,42000,54000,54860365824,0,0
114.129894,500000000,41000,54000,54860365824,0,0
114.230558,500000000,41000,54000,54860365824,0,0
114.331289,500000000,41000,54000,54860365824,0,0
114.432020,500000000,41000,54000,54860365824,0,0
114.532929,500000000,41000,54000,54860365824,0,0
114.633655,500000000,41000,54000,54860365824,0,0
114.734361,500000000,41000,54000,54860365824,0,0
114.835123,500000000,42000,54000,54860365824,0,0
114.935925,500000000,41000,54000,54860365824,0,0
115.036655,500000000,41000,54000,54860365824,0,0
115.137955,500000000,41000,54000,54860365824,0,0
115.238706,500000000,41000,54000,54860365824,0,0
115.339518,500000000,41000,54000,54860365824,0,0
115.440294,500000000,42000,54000,54860365824,0,0
115.541038,500000000,41000,54000,54860365824,0,0
115.641937,500000000,41000,54000,54860365824,0,0
115.742682,500000000,41000,54000,54860365824,0,0
115.843376,500000000,41000,54000,54860365824,0,0
115.944202,500000000,41000,54000,54860365824,0,0
116.045104,500000000,41000,54000,54860365824,0,0
116.146028,500000000,41000,54000,54860365824,0,0
116.246963,500000000,41000,54000,54860365824,0,0
116.347710,500000000,41000,54000,54860365824,0,0
116.448577,500000000,41000,54000,54860365824,0,0
116.549436,500000000,41000,54000,54860365824,0,0
116.650312,500000000,41000,54000,54860365824,0,0
116.751131,500000000,41000,54000,54860365824,0,0
116.852047,500000000,41000,54000,54860365824,0,0
116.952795,500000000,41000,54000,54860365824,0,0
117.053493,500000000,41000,54000,54860365824,0,0
117.154251,500000000,41000,54000,54860365824,0,0
117.255109,500000000,41000,54000,54860365824,0,0
117.356036,500000000,41000,54000,54860365824,0,0
117.457049,500000000,41000,54000,54860365824,0,0
117.557743,500000000,41000,54000,54860365824,0,0
117.659057,500000000,41000,54000,54860365824,0,0
117.759773,500000000,41000,54000,54860365824,0,0
117.860622,500000000,41000,54000,54860365824,0,0
117.961437,500000000,41000,54000,54860365824,0,0
118.062164,500000000,41000,54000,54860365824,0,0
118.163065,500000000,41000,54000,54860365824,0,0
118.264138,500000000,41000,54000,54860365824,0,0
118.365095,500000000,41000,54000,54860365824,0,0
118.466099,500000000,41000,54000,54860365824,0,0
118.567078,500000000,41000,54000,54860365824,0,0
118.667893,500000000,41000,54000,54860365824,0,0
118.768747,500000000,41000,54000,54860365824,0,0
