timestamp,iteration,rocm_smi:::temp_current:device=1:sensor=1,rocm_smi:::temp_current:device=1:sensor=2,rocm_smi:::busy_percent:device=1,rocm_smi:::memory_busy_percent:device=1
0.001686,Iter1,43000,35000,3,1
0.501907,Iter1,46000,36000,83,0
1.002288,Iter1,52000,38000,100,0
1.502699,Iter1,56000,39000,100,0
2.002927,Iter1,60000,39000,100,0
2.503363,Iter1,62000,40000,100,0
3.003767,Iter1,63000,40000,100,0
3.503995,Iter1,64000,40000,100,0
4.004433,Iter1,65000,40000,100,0
4.504851,Iter1,65000,40000,100,0
5.005078,Iter1,66000,41000,100,0
5.505894,Iter1,66000,41000,100,0
6.006122,Iter1,66000,41000,100,0
6.506560,Iter1,66000,41000,100,0
7.006970,Iter1,66000,41000,100,0
7.507198,Iter1,67000,41000,100,0
8.007628,Iter1,67000,42000,100,0
8.508046,Iter1,67000,42000,100,0
9.008274,Iter1,67000,42000,100,0
9.508704,Iter1,67000,42000,100,0
10.009111,Iter1,67000,42000,100,0
10.509336,Iter1,68000,43000,100,0
11.009775,Iter1,68000,42000,100,0
11.510204,Iter1,68000,43000,100,0
12.010454,Iter1,68000,43000,100,0
12.510848,Iter1,68000,42000,100,0
13.011256,Iter1,68000,43000,100,0
13.511500,Iter1,68000,43000,100,0
14.011931,Iter1,68000,43000,100,0
14.512336,Iter1,68000,43000,100,0
15.012570,Iter1,68000,43000,100,0
15.512992,Iter1,68000,43000,100,0
16.013425,Iter1,68000,43000,100,0
16.513611,Iter1,68000,43000,90,0
17.014466,Iter1,68000,44000,100,0
17.514720,Iter1,68000,44000,100,0
18.015114,Iter1,68000,44000,100,0
18.515562,Iter1,68000,44000,100,0
19.015785,Iter1,69000,44000,100,0
19.516187,Iter1,69000,44000,100,0
20.016623,Iter1,68000,44000,100,0
20.516843,Iter1,68000,44000,100,0
21.017649,Iter1,69000,44000,100,0
21.517878,Iter1,69000,44000,100,0
22.018309,Iter1,69000,44000,100,0
22.518787,Iter1,69000,44000,100,0
23.019783,Iter1,69000,44000,100,0
23.520017,Iter1,69000,44000,100,0
24.020407,Iter1,69000,44000,100,0
24.520825,Iter1,70000,44000,100,0
25.021055,Iter1,70000,44000,100,0
25.521501,Iter1,70000,44000,100,0
26.021888,Iter1,70000,44000,100,0
26.522551,Iter1,70000,44000,100,0
27.022936,Iter1,70000,44000,100,0
27.523161,Iter1,70000,45000,100,0
28.023602,Iter1,70000,45000,100,0
28.524014,Iter1,70000,45000,100,0
29.024239,Iter1,70000,45000,100,0
29.524675,Iter1,70000,45000,100,0
30.025093,Iter1,70000,45000,100,0
30.525323,Iter1,70000,45000,100,0
31.025747,Iter1,70000,45000,100,0
31.526166,Iter1,70000,45000,100,0
32.026392,Iter1,70000,45000,100,0
32.527238,Iter1,70000,45000,100,0
33.027504,Iter1,70000,45000,100,0
33.528333,Iter1,70000,45000,100,0
34.028897,Iter1,70000,45000,100,0
34.529306,Iter1,70000,45000,100,0
35.029546,Iter1,70000,45000,100,0
35.529966,Iter1,70000,45000,100,0
36.030383,Iter1,70000,45000,100,0
36.530628,Iter1,70000,45000,100,0
37.031039,Iter1,70000,45000,100,0
37.531465,Iter1,70000,45000,100,0
38.031693,Iter1,70000,45000,100,0
38.532579,Iter1,70000,45000,100,0
39.033145,Iter1,72000,45000,100,0
39.533552,Iter1-Wait,70000,45000,9,0
40.033777,Iter1-Wait,63000,43000,0,0
40.534208,Iter1-Wait,57000,42000,0,0
41.034627,Iter1-Wait,54000,42000,0,0
41.534851,Iter1-Wait,52000,41000,0,0
42.035282,Iter1-Wait,51000,41000,1,0
42.535699,Iter1-Wait,49000,41000,0,0
43.035926,Iter1-Wait,49000,40000,0,0
43.536357,Iter1-Wait,48000,40000,0,0
44.036825,Iter1-Wait,48000,40000,0,0
44.537066,Iter1-Wait,48000,40000,0,0
45.037439,Iter2,47000,40000,0,0
45.537842,Iter2,52000,41000,99,0
46.038068,Iter2,58000,42000,100,0
46.538513,Iter2,62000,43000,100,0
47.038912,Iter2,65000,43000,100,0
47.539138,Iter2,66000,43000,100,0
48.039574,Iter2,68000,44000,100,0
48.539991,Iter2,68000,44000,100,0
49.040240,Iter2,69000,44000,100,0
49.540652,Iter2,69000,44000,100,0
50.041079,Iter2,69000,44000,100,0
50.541306,Iter2,69000,44000,100,0
51.041722,Iter2,69000,44000,100,0
51.542133,Iter2,70000,45000,100,0
52.042361,Iter2,70000,45000,100,0
52.542795,Iter2,70000,45000,100,0
53.043212,Iter2,70000,45000,100,0
53.543440,Iter2,70000,45000,100,0
54.043866,Iter2,71000,45000,100,0
54.544345,Iter2,71000,45000,100,0
55.044611,Iter2,71000,46000,100,0
55.545341,Iter2,71000,46000,100,0
56.045596,Iter2,71000,46000,100,0
56.546464,Iter2,71000,46000,100,0
57.046712,Iter2,71000,46000,100,0
57.547443,Iter2,71000,46000,100,0
58.047685,Iter2,71000,46000,100,0
58.548087,Iter2,71000,46000,100,0
59.048516,Iter2,71000,46000,100,0
59.548736,Iter2,71000,46000,100,0
60.049158,Iter2,71000,46000,100,0
60.549575,Iter2,71000,46000,100,0
61.049802,Iter2,71000,46000,100,0
61.550230,Iter2,71000,46000,100,0
62.050651,Iter2,71000,46000,100,0
62.550878,Iter2,71000,46000,100,0
63.051718,Iter2,71000,46000,100,0
63.551944,Iter2,71000,46000,100,0
64.052355,Iter2,71000,46000,100,0
64.552761,Iter2,71000,46000,100,0
65.053152,Iter2,71000,46000,100,0
65.553814,Iter2,71000,46000,100,0
66.054037,Iter2,71000,46000,100,0
66.554492,Iter2,71000,46000,100,0
67.054881,Iter2,71000,46000,100,0
67.555104,Iter2,71000,46000,100,0
68.055933,Iter2,71000,46000,100,0
68.556160,Iter2,71000,46000,100,0
69.056981,Iter2,71000,46000,100,0
69.557208,Iter2,71000,46000,100,0
70.058029,Iter2,71000,46000,100,0
70.558307,Iter2,71000,46000,100,0
71.058695,Iter2,71000,46000,100,0
71.559109,Iter2,71000,46000,100,0
72.059337,Iter2,71000,46000,100,0
72.560157,Iter2,71000,46000,100,0
73.060384,Iter2,71000,46000,100,0
73.560816,Iter2,71000,46000,100,0
74.061223,Iter2,71000,46000,100,0
74.561449,Iter2,71000,46000,100,0
75.061888,Iter2,71000,46000,100,0
75.562307,Iter2,71000,46000,100,0
76.062556,Iter2,71000,46000,100,0
76.563347,Iter2,71000,46000,100,0
77.063573,Iter2,71000,46000,100,0
77.564009,Iter2,71000,46000,100,0
78.064421,Iter2,71000,46000,100,0
78.564614,Iter2,71000,46000,100,0
79.065497,Iter2,71000,46000,100,0
79.565688,Iter2,71000,46000,100,0
80.066524,Iter2,71000,46000,100,0
80.566753,Iter2,71000,46000,100,0
81.067180,Iter2,71000,46000,100,0
81.567597,Iter2,71000,46000,100,0
82.067833,Iter2,71000,46000,100,0
82.568641,Iter2,71000,46000,100,0
83.068869,Iter2,71000,46000,100,0
83.569303,Iter2,71000,46000,100,0
84.069714,Iter2,75000,46000,100,0
84.569951,Iter2-Wait,68000,45000,1,0
85.070762,Iter2-Wait,62000,44000,0,0
85.570989,Iter2-Wait,57000,43000,0,0
86.071441,Iter2-Wait,54000,42000,0,0
86.571856,Iter2-Wait,52000,42000,1,0
87.072093,Iter2-Wait,51000,42000,0,0
87.572503,Iter2-Wait,50000,42000,0,0
88.072905,Iter2-Wait,50000,41000,0,0
88.573131,Iter2-Wait,49000,41000,0,0
89.073579,Iter2-Wait,48000,41000,0,0
89.573985,Iter2-Wait,48000,41000,0,0
90.074269,Iter3,48000,40000,0,0
90.574652,Iter3,54000,42000,99,0
91.075049,Iter3,59000,43000,100,0
91.575401,Iter3,63000,44000,100,0
92.076112,Iter3,65000,44000,100,0
92.576333,Iter3,67000,44000,100,0
93.076765,Iter3,68000,44000,100,0
93.577189,Iter3,69000,44000,100,0
94.077404,Iter3,69000,44000,100,0
94.577836,Iter3,69000,45000,100,0
95.078251,Iter3,69000,45000,100,0
95.578436,Iter3,70000,45000,100,0
96.079298,Iter3,70000,45000,100,0
96.579535,Iter3,70000,45000,100,0
97.080415,Iter3,70000,45000,100,0
97.580655,Iter3,70000,45000,100,0
98.081004,Iter3,71000,45000,100,0
98.581418,Iter3,71000,45000,100,0
99.081646,Iter3,71000,46000,100,0
99.582483,Iter3,71000,46000,100,0
100.082709,Iter3,71000,46000,100,0
100.583534,Iter3,71000,46000,100,0
101.083760,Iter3,71000,46000,100,0
101.584177,Iter3,71000,46000,100,0
102.084589,Iter3,71000,46000,100,0
102.584844,Iter3,71000,46000,100,0
103.085250,Iter3,71000,46000,100,0
103.585665,Iter3,71000,46000,100,0
104.085890,Iter3,70000,46000,100,0
104.586709,Iter3,71000,46000,100,0
105.086936,Iter3,71000,46000,100,0
105.587371,Iter3,71000,46000,100,0
106.087787,Iter3,71000,46000,100,0
106.587969,Iter3,71000,46000,100,0
107.088833,Iter3,71000,46000,100,0
107.589242,Iter3,71000,46000,100,0
108.089893,Iter3,71000,46000,100,0
108.590094,Iter3,71000,46000,100,0
109.095001,Iter3,71000,46000,100,0
109.595186,Iter3,71000,46000,100,0
110.095974,Iter3,71000,46000,100,0
110.596200,Iter3,71000,46000,100,0
111.096642,Iter3,71000,46000,100,0
111.597046,Iter3,71000,46000,100,0
112.097263,Iter3,71000,46000,100,0
112.598099,Iter3,71000,46000,100,0
113.098352,Iter3,71000,46000,100,0
113.598760,Iter3,71000,46000,100,0
114.099169,Iter3,71000,46000,100,0
114.599371,Iter3,71000,46000,100,0
115.100217,Iter3,71000,46000,100,0
115.600425,Iter3,71000,46000,100,0
116.100882,Iter3,71000,46000,100,0
116.601296,Iter3,71000,46000,100,0
117.101577,Iter3,71000,46000,100,0
117.601954,Iter3,71000,46000,100,0
118.102503,Iter3,71000,46000,100,0
118.603014,Iter3,71000,46000,100,0
119.103409,Iter3,71000,46000,100,0
119.603601,Iter3,72000,46000,100,0
120.104497,Iter3,72000,46000,100,0
120.604722,Iter3,72000,46000,100,0
121.105529,Iter3,72000,46000,100,0
121.605756,Iter3,72000,46000,100,0
122.106172,Iter3,72000,46000,100,0
122.606587,Iter3,72000,46000,100,0
123.106814,Iter3,72000,46000,100,0
123.607648,Iter3,72000,46000,100,0
124.107881,Iter3,72000,46000,100,0
124.608297,Iter3,72000,47000,100,0
125.108707,Iter3,72000,46000,100,0
125.608934,Iter3,71000,46000,100,0
126.109366,Iter3,72000,46000,100,0
126.609784,Iter3,72000,46000,100,0
127.110011,Iter3,71000,46000,100,0
127.610440,Iter3,71000,46000,100,0
128.110847,Iter3,71000,46000,100,0
128.611076,Iter3,71000,46000,100,0
129.111530,Iter3,74000,47000,100,0
129.611919,Iter3-Wait,70000,46000,4,0
130.112145,Iter3-Wait,63000,44000,0,0
130.612585,Iter3-Wait,58000,43000,0,0
131.113001,Iter3-Wait,55000,43000,0,0
131.613227,Iter3-Wait,53000,42000,0,0
132.114046,Iter3-Wait,51000,42000,0,0
132.614269,Iter3-Wait,50000,42000,0,0
133.114706,Iter3-Wait,49000,42000,0,0
133.615123,Iter3-Wait,49000,41000,0,0
134.115350,Iter3-Wait,48000,41000,0,0
134.616168,Iter3-Wait,48000,41000,1,0
135.116448,Iter4,48000,40000,0,0
135.616828,Iter4,53000,42000,99,0
136.117243,Iter4,59000,43000,100,0
136.617481,Iter4,63000,44000,100,0
137.118295,Iter4,66000,44000,100,0
137.618543,Iter4,68000,44000,100,0
138.118952,Iter4,68000,44000,100,0
138.619360,Iter4,69000,45000,100,0
139.119591,Iter4,69000,45000,100,0
139.620025,Iter4,70000,45000,100,0
140.120436,Iter4,70000,45000,100,0
140.620663,Iter4,70000,45000,100,0
141.121095,Iter4,70000,45000,100,0
141.621540,Iter4,70000,45000,100,0
142.121767,Iter4,70000,45000,100,0
142.622168,Iter4,71000,46000,100,0
143.122697,Iter4,71000,46000,100,0
143.623217,Iter4,71000,46000,100,0
144.123651,Iter4,71000,46000,100,0
144.623875,Iter4,71000,46000,100,0
145.124292,Iter4,72000,46000,100,0
145.624705,Iter4,72000,46000,100,0
146.124940,Iter4,72000,46000,100,0
146.625373,Iter4,72000,46000,100,0
147.125802,Iter4,72000,46000,100,0
147.626034,Iter4,71000,46000,100,0
148.126824,Iter4,72000,46000,100,0
148.627538,Iter4,72000,46000,100,0
149.128510,Iter4,71000,46000,100,0
149.635948,Iter4,72000,46000,100,0
150.136612,Iter4,71000,46000,100,0
150.637264,Iter4,72000,46000,100,0
151.138051,Iter4,71000,46000,100,0
151.638611,Iter4,71000,46000,100,0
152.139042,Iter4,72000,46000,100,0
152.639269,Iter4,72000,46000,100,0
153.140327,Iter4,72000,46000,100,0
153.641189,Iter4,72000,46000,100,0
154.142201,Iter4,72000,46000,100,0
154.642812,Iter4,72000,47000,100,0
155.143162,Iter4,72000,46000,100,0
155.643400,Iter4,72000,46000,100,0
156.143827,Iter4,71000,46000,100,0
156.644236,Iter4,72000,46000,100,0
157.144450,Iter4,71000,46000,100,0
157.644898,Iter4,71000,46000,100,0
158.145313,Iter4,71000,46000,100,0
158.645549,Iter4,71000,46000,100,0
159.146372,Iter4,71000,46000,100,0
159.647443,Iter4,71000,46000,100,0
160.148538,Iter4,71000,46000,100,0
160.649106,Iter4,70000,46000,100,0
161.149708,Iter4,70000,46000,100,0
161.650593,Iter4,70000,46000,100,0
162.151737,Iter4,70000,46000,100,0
162.652633,Iter4,70000,46000,100,0
163.153168,Iter4,70000,46000,100,0
163.653583,Iter4,71000,46000,100,0
164.153813,Iter4,71000,46000,100,0
164.654687,Iter4,71000,46000,100,0
165.155739,Iter4,71000,46000,100,0
165.655959,Iter4,71000,46000,100,0
166.156311,Iter4,71000,46000,100,0
166.656724,Iter4,72000,46000,100,0
167.156950,Iter4,71000,46000,100,0
167.657875,Iter4,71000,46000,100,0
168.158483,Iter4,72000,46000,100,0
168.658824,Iter4,72000,46000,100,0
169.159048,Iter4,71000,46000,100,0
169.659870,Iter4,72000,46000,100,0
170.160099,Iter4,72000,46000,100,0
170.660922,Iter4,72000,47000,100,0
171.161105,Iter4,72000,46000,100,0
171.661967,Iter4,72000,46000,100,0
172.162194,Iter4,71000,46000,100,0
172.662627,Iter4,71000,46000,100,0
173.163041,Iter4,71000,46000,100,0
173.663265,Iter4,71000,46000,100,0
174.163699,Iter4,73000,46000,100,0
174.664114,Iter4-Wait,74000,46000,28,0
175.164337,Iter4-Wait,66000,44000,0,0
175.665163,Iter4-Wait,60000,44000,0,0
176.165507,Iter4-Wait,56000,43000,0,0
176.666207,Iter4-Wait,54000,42000,0,0
177.166489,Iter4-Wait,53000,42000,0,0
177.666871,Iter4-Wait,52000,42000,0,0
178.167284,Iter4-Wait,51000,42000,0,0
178.668310,Iter4-Wait,50000,41000,0,0
179.168548,Iter4-Wait,50000,41000,0,0
179.668967,Iter4-Wait,49000,41000,0,0
180.169380,Iter5,49000,41000,0,0
180.669597,Iter5,54000,42000,99,0
181.170053,Iter5,59000,43000,100,0
181.670472,Iter5,63000,44000,100,0
182.170720,Iter5,66000,44000,100,0
182.671114,Iter5,68000,44000,100,0
183.171545,Iter5,69000,44000,100,0
183.671770,Iter5,69000,44000,100,0
184.172591,Iter5,70000,45000,100,0
184.672816,Iter5,70000,45000,100,0
185.173234,Iter5,70000,45000,100,0
185.673643,Iter5,71000,45000,100,0
186.173829,Iter5,71000,45000,100,0
186.674714,Iter5,71000,45000,100,0
187.174939,Iter5,71000,45000,100,0
187.675366,Iter5,71000,45000,100,0
188.175785,Iter5,71000,46000,100,0
188.676011,Iter5,71000,46000,100,0
189.176430,Iter5,71000,46000,100,0
189.676862,Iter5,71000,46000,100,0
190.177088,Iter5,71000,46000,100,0
190.677529,Iter5,71000,46000,100,0
191.177908,Iter5,71000,46000,100,0
191.678131,Iter5,71000,46000,100,0
192.178575,Iter5,71000,46000,100,0
192.679086,Iter5,72000,46000,100,0
193.179628,Iter5,71000,46000,100,0
193.680049,Iter5,71000,46000,100,0
194.180273,Iter5,71000,46000,100,0
194.680697,Iter5,71000,46000,100,0
195.181113,Iter5,71000,46000,100,0
195.681304,Iter5,71000,46000,100,0
196.181775,Iter5,71000,46000,100,0
196.682182,Iter5,71000,46000,100,0
197.182367,Iter5,71000,46000,100,0
197.683232,Iter5,71000,46000,100,0
198.183501,Iter5,71000,46000,100,0
198.683891,Iter5,71000,46000,100,0
199.184323,Iter5,72000,46000,100,0
199.684553,Iter5,71000,46000,100,0
200.184964,Iter5,72000,46000,100,0
200.685399,Iter5,71000,46000,100,0
201.185605,Iter5,72000,46000,100,0
201.686039,Iter5,72000,46000,100,0
202.186454,Iter5,71000,46000,100,0
202.686689,Iter5,71000,46000,100,0
203.187112,Iter5,72000,46000,100,0
203.687889,Iter5,72000,46000,100,0
204.188643,Iter5,71000,46000,100,0
204.689683,Iter5,71000,46000,100,0
205.190215,Iter5,71000,46000,100,0
205.690797,Iter5,72000,46000,100,0
206.191917,Iter5,71000,46000,100,0
206.692669,Iter5,72000,46000,100,0
207.193692,Iter5,72000,46000,100,0
207.693917,Iter5,72000,46000,100,0
208.194354,Iter5,72000,46000,100,0
208.694771,Iter5,72000,46000,100,0
209.195506,Iter5,72000,46000,100,0
209.696530,Iter5,72000,46000,100,0
210.197036,Iter5,72000,46000,100,0
210.697521,Iter5,72000,46000,100,0
211.197891,Iter5,72000,46000,100,0
211.698116,Iter5,72000,46000,100,0
212.198940,Iter5,72000,46000,100,0
212.699169,Iter5,72000,46000,100,0
213.199599,Iter5,72000,46000,100,0
213.700013,Iter5,72000,46000,100,0
214.200271,Iter5,72000,46000,100,0
214.700671,Iter5,72000,46000,100,0
215.201085,Iter5,72000,46000,100,0
215.701269,Iter5,72000,46000,100,0
216.201743,Iter5,72000,46000,100,0
216.702159,Iter5,72000,46000,100,0
217.202382,Iter5,72000,46000,100,0
217.702817,Iter5,72000,46000,100,0
218.203258,Iter5,72000,46000,100,0
218.704051,Iter5,72000,46000,100,0
219.205337,Iter5,76000,47000,100,0
219.705947,Iter5-Wait,68000,45000,1,0
220.209741,Iter5-Wait,62000,44000,0,0
220.710438,Iter5-Wait,58000,43000,0,0
221.211054,Iter5-Wait,55000,42000,0,0
221.711417,Iter5-Wait,54000,42000,0,0
222.212428,Iter5-Wait,53000,42000,0,0
222.712650,Iter5-Wait,52000,42000,0,0
223.213086,Iter5-Wait,51000,42000,0,0
223.713629,Iter5-Wait,51000,42000,0,0
224.214630,Iter5-Wait,50000,41000,0,0
224.715325,Iter5-Wait,50000,41000,0,0
225.215665,Iter6,50000,40000,0,0
225.715855,Iter6,55000,42000,99,0
226.216905,Iter6,60000,43000,100,0
226.717992,Iter6,63000,44000,100,0
227.218683,Iter6,66000,44000,100,0
227.718914,Iter6,68000,44000,100,0
228.219720,Iter6,69000,44000,100,0
228.719947,Iter6,69000,44000,100,0
229.220377,Iter6,70000,44000,100,0
229.720794,Iter6,70000,45000,100,0
230.221053,Iter6,70000,45000,100,0
230.721450,Iter6,70000,45000,100,0
231.221873,Iter6,71000,45000,100,0
231.722099,Iter6,71000,45000,100,0
232.222555,Iter6,71000,45000,100,0
232.722946,Iter6,71000,45000,100,0
233.223197,Iter6,71000,45000,100,0
233.723595,Iter6,71000,45000,100,0
234.224003,Iter6,71000,45000,100,0
234.724228,Iter6,72000,46000,100,0
235.224670,Iter6,71000,46000,100,0
235.725076,Iter6,72000,46000,100,0
236.226108,Iter6,72000,46000,100,0
236.726395,Iter6,71000,46000,100,0
237.226766,Iter6,72000,46000,100,0
237.727197,Iter6,72000,46000,100,0
238.227435,Iter6,72000,46000,100,0
238.728347,Iter6,72000,46000,100,0
239.228860,Iter6,72000,46000,100,0
239.729272,Iter6,72000,46000,100,0
240.229518,Iter6,72000,46000,100,0
240.729938,Iter6,72000,46000,100,0
241.230349,Iter6,72000,46000,100,0
241.730551,Iter6,72000,46000,100,0
242.231414,Iter6,72000,46000,100,0
242.731626,Iter6,72000,46000,100,0
243.232058,Iter6,72000,46000,100,0
243.732489,Iter6,72000,46000,100,0
244.232717,Iter6,72000,46000,100,0
244.733141,Iter6,72000,46000,100,0
245.233548,Iter6,72000,46000,100,0
245.733753,Iter6,72000,46000,100,0
246.234204,Iter6,72000,46000,100,0
246.734615,Iter6,72000,46000,100,0
247.234842,Iter6,72000,46000,100,0
247.735662,Iter6,72000,46000,100,0
248.235886,Iter6,72000,46000,100,0
248.736727,Iter6,72000,46000,100,0
249.236950,Iter6,72000,46000,100,0
249.737374,Iter6,72000,46000,100,0
250.237787,Iter6,72000,46000,100,0
250.738006,Iter6,72000,46000,100,0
251.238536,Iter6,72000,46000,100,0
251.738864,Iter6,72000,46000,100,0
252.239052,Iter6,72000,46000,100,0
252.739916,Iter6,72000,46000,100,0
253.240141,Iter6,72000,46000,100,0
253.740953,Iter6,72000,46000,100,0
254.241179,Iter6,72000,46000,100,0
254.741617,Iter6,72000,46000,100,0
255.242047,Iter6,72000,46000,100,0
255.742265,Iter6,72000,46000,100,0
256.243108,Iter6,72000,46000,100,0
256.743357,Iter6,72000,46000,100,0
257.243740,Iter6,72000,46000,100,0
257.744148,Iter6,72000,46000,100,0
258.244369,Iter6,72000,46000,100,0
258.745202,Iter6,72000,46000,100,0
259.245390,Iter6,72000,46000,100,0
259.746248,Iter6,72000,46000,100,0
260.246487,Iter6,72000,47000,100,0
260.747309,Iter6,72000,46000,100,0
261.247554,Iter6,72000,46000,100,0
261.748395,Iter6,72000,46000,100,0
262.248638,Iter6,72000,46000,100,0
262.749007,Iter6,72000,46000,100,0
263.249425,Iter6,72000,46000,100,0
263.749651,Iter6,73000,47000,100,0
264.250078,Iter6-Wait,74000,46000,28,0
264.750517,Iter6-Wait,66000,44000,0,0
265.250741,Iter6-Wait,60000,43000,0,0
265.751154,Iter6-Wait,57000,43000,0,0
266.251563,Iter6-Wait,55000,42000,0,0
266.751788,Iter6-Wait,53000,42000,0,0
267.252613,Iter6-Wait,52000,42000,0,0
267.752840,Iter6-Wait,52000,42000,0,0
268.253276,Iter6-Wait,51000,42000,0,0
268.753693,Iter6-Wait,51000,41000,0,0
269.253916,Iter6-Wait,50000,41000,0,0
269.754347,Iter7,50000,41000,0,0
270.254755,Iter7,55000,42000,99,0
270.754946,Iter7,60000,43000,100,0
271.255809,Iter7,64000,43000,100,0
271.756034,Iter7,66000,44000,100,0
272.256488,Iter7,68000,44000,100,0
272.756910,Iter7,69000,45000,100,0
273.258003,Iter7,70000,45000,100,0
273.758564,Iter7,70000,45000,100,0
274.258980,Iter7,70000,45000,100,0
274.759199,Iter7,71000,45000,100,0
275.259616,Iter7,71000,45000,100,0
275.760028,Iter7,71000,45000,100,0
276.260254,Iter7,71000,45000,100,0
276.760691,Iter7,71000,45000,100,0
277.261125,Iter7,71000,45000,100,0
277.761350,Iter7,71000,46000,100,0
278.261762,Iter7,72000,46000,100,0
278.762175,Iter7,72000,46000,100,0
279.262380,Iter7,72000,46000,100,0
279.762835,Iter7,72000,46000,100,0
280.263253,Iter7,72000,46000,100,0
280.763484,Iter7,72000,46000,100,0
281.263908,Iter7,72000,46000,100,0
281.764319,Iter7,72000,46000,100,0
282.264553,Iter7,72000,46000,100,0
282.764981,Iter7,72000,47000,100,0
283.265396,Iter7,72000,46000,100,0
283.765639,Iter7,72000,46000,100,0
284.266493,Iter7,72000,46000,100,0
284.766725,Iter7,72000,46000,100,0
285.267103,Iter7,72000,46000,100,0
285.767536,Iter7,72000,47000,100,0
286.267764,Iter7,72000,46000,100,0
286.768562,Iter7,72000,46000,100,0
287.268790,Iter7,72000,46000,100,0
287.769232,Iter7,72000,46000,100,0
288.269655,Iter7,72000,46000,100,0
288.769880,Iter7,72000,46000,100,0
289.270301,Iter7,72000,46000,100,0
289.770706,Iter7,72000,46000,100,0
290.270887,Iter7,72000,46000,100,0
290.771379,Iter7,72000,46000,100,0
291.271796,Iter7,72000,46000,100,0
291.772021,Iter7,72000,47000,100,0
292.272900,Iter7,72000,46000,100,0
292.773588,Iter7,72000,46000,100,0
293.274906,Iter7,72000,46000,100,0
293.775177,Iter7,72000,46000,100,0
294.276016,Iter7,72000,46000,100,0
294.776574,Iter7,72000,46000,100,0
295.276982,Iter7,72000,46000,100,0
295.777213,Iter7,72000,46000,100,0
296.278420,Iter7,72000,46000,100,0
296.779394,Iter7,72000,46000,100,0
297.280082,Iter7,72000,46000,100,0
297.780309,Iter7,72000,46000,100,0
298.280736,Iter7,72000,46000,100,0
298.781152,Iter7,72000,46000,100,0
299.281378,Iter7,72000,46000,100,0
299.782197,Iter7,72000,46000,100,0
300.282429,Iter7,72000,46000,100,0
300.782858,Iter7,72000,46000,100,0
301.283290,Iter7,72000,46000,100,0
301.783547,Iter7,72000,46000,100,0
302.284316,Iter7,72000,46000,100,0
302.784567,Iter7,72000,46000,100,0
303.284980,Iter7,72000,46000,100,0
303.785388,Iter7,72000,46000,100,0
304.285634,Iter7,72000,47000,100,0
304.786614,Iter7,72000,46000,100,0
305.287571,Iter7,71000,46000,100,0
305.788535,Iter7,72000,46000,100,0
306.289222,Iter7,71000,46000,100,0
306.789728,Iter7,71000,47000,100,0
307.290979,Iter7,72000,46000,100,0
307.791635,Iter7,71000,46000,100,0
308.291868,Iter7,73000,46000,100,0
308.792246,Iter7-Wait,75000,47000,50,0
309.292668,Iter7-Wait,66000,45000,0,0
309.792857,Iter7-Wait,61000,44000,0,0
310.293737,Iter7-Wait,57000,43000,0,0
310.794436,Iter7-Wait,55000,42000,0,0
311.294754,Iter7-Wait,53000,42000,0,0
311.794923,Iter7-Wait,52000,42000,0,0
312.295806,Iter7-Wait,52000,42000,0,0
312.796039,Iter7-Wait,51000,41000,0,0
313.296948,Iter7-Wait,51000,41000,0,0
313.797605,Iter7-Wait,50000,41000,0,0
314.298095,Iter8,50000,41000,0,0
314.798922,Iter8,55000,42000,99,0
315.299147,Iter8,60000,43000,100,0
315.799974,Iter8,64000,44000,100,0
316.300222,Iter8,66000,44000,100,0
316.801044,Iter8,67000,44000,100,0
317.301660,Iter8,69000,44000,100,0
317.802071,Iter8,69000,44000,100,0
318.302302,Iter8,70000,45000,100,0
318.803154,Iter8,70000,45000,100,0
319.303381,Iter8,70000,45000,100,0
319.803783,Iter8,70000,45000,100,0
320.304212,Iter8,71000,45000,100,0
320.804390,Iter8,71000,45000,100,0
321.305243,Iter8,71000,45000,100,0
321.805485,Iter8,71000,45000,100,0
322.305906,Iter8,71000,46000,100,0
322.806311,Iter8,71000,46000,100,0
323.306552,Iter8,71000,46000,100,0
323.806979,Iter8,71000,46000,100,0
324.307387,Iter8,71000,46000,100,0
324.807589,Iter8,71000,46000,100,0
325.308065,Iter8,72000,46000,100,0
325.808473,Iter8,72000,46000,100,0
326.309103,Iter8,72000,46000,100,0
326.809591,Iter8,72000,46000,100,0
327.310583,Iter8,72000,46000,100,0
327.810815,Iter8,72000,46000,100,0
328.311203,Iter8,72000,46000,100,0
328.811611,Iter8,72000,46000,100,0
329.311804,Iter8,72000,46000,100,0
329.812666,Iter8,72000,46000,100,0
330.312877,Iter8,72000,46000,100,0
330.813328,Iter8,72000,47000,100,0
331.313745,Iter8,72000,46000,100,0
331.813929,Iter8,72000,46000,100,0
332.314405,Iter8,72000,47000,100,0
332.814811,Iter8,72000,46000,100,0
333.315040,Iter8,72000,47000,100,0
333.815501,Iter8,72000,46000,100,0
334.315888,Iter8,72000,46000,100,0
334.816115,Iter8,72000,47000,100,0
335.316959,Iter8,72000,46000,100,0
335.817189,Iter8,72000,46000,100,0
336.317603,Iter8,72000,46000,100,0
336.818019,Iter8,72000,46000,100,0
337.318241,Iter8,72000,46000,100,0
337.819068,Iter8,72000,46000,100,0
338.319299,Iter8,72000,47000,100,0
338.819738,Iter8,72000,47000,100,0
339.320145,Iter8,72000,46000,100,0
339.820355,Iter8,72000,46000,100,0
340.320802,Iter8,72000,46000,100,0
340.821235,Iter8,72000,46000,100,0
341.321418,Iter8,72000,47000,100,0
341.822266,Iter8,72000,46000,100,0
342.322488,Iter8,72000,46000,100,0
342.822929,Iter8,72000,46000,100,0
343.323340,Iter8,72000,46000,100,0
343.823533,Iter8,72000,47000,100,0
344.324389,Iter8,72000,46000,100,0
344.824589,Iter8,72000,47000,100,0
345.325495,Iter8,72000,46000,100,0
345.825698,Iter8,72000,46000,100,0
346.326104,Iter8,72000,46000,100,0
346.826536,Iter8,72000,46000,100,0
347.326711,Iter8,72000,46000,100,0
347.827568,Iter8,72000,47000,100,0
348.327795,Iter8,72000,46000,100,0
348.828633,Iter8,72000,47000,100,0
349.328879,Iter8,72000,47000,100,0
349.829280,Iter8,72000,47000,100,0
350.329699,Iter8,72000,46000,100,0
350.829881,Iter8,72000,47000,100,0
351.330754,Iter8,72000,47000,100,0
351.830950,Iter8,72000,47000,100,0
352.331404,Iter8,72000,47000,100,0
352.831818,Iter8,74000,47000,100,0
353.332133,Iter8-Wait,74000,46000,30,0
353.832495,Iter8-Wait,66000,45000,0,0
354.332894,Iter8-Wait,61000,44000,0,0
354.833119,Iter8-Wait,58000,43000,0,0
355.333939,Iter8-Wait,56000,43000,0,0
355.834166,Iter8-Wait,54000,42000,0,0
356.334604,Iter8-Wait,53000,42000,0,0
356.835010,Iter8-Wait,52000,42000,0,0
357.335235,Iter8-Wait,52000,42000,0,0
357.836067,Iter8-Wait,52000,42000,0,0
358.336302,Iter8-Wait,51000,41000,0,0
358.837121,Iter9,51000,41000,0,0
359.337351,Iter9,55000,42000,99,0
359.837778,Iter9,60000,43000,100,0
360.338207,Iter9,64000,44000,100,0
360.838433,Iter9,66000,44000,100,0
361.338854,Iter9,68000,44000,100,0
361.839264,Iter9,69000,45000,100,0
362.339503,Iter9,69000,45000,100,0
362.839924,Iter9,70000,45000,100,0
363.340359,Iter9,70000,45000,100,0
363.840589,Iter9,70000,45000,100,0
364.341000,Iter9,70000,45000,100,0
364.841414,Iter9,70000,45000,100,0
365.341646,Iter9,70000,45000,100,0
365.842075,Iter9,70000,45000,100,0
366.342492,Iter9,71000,45000,100,0
366.842720,Iter9,71000,45000,100,0
367.343143,Iter9,71000,45000,100,0
367.843558,Iter9,71000,46000,100,0
368.343785,Iter9,71000,46000,100,0
368.844224,Iter9,71000,46000,100,0
369.344635,Iter9,71000,46000,100,0
369.844861,Iter9,72000,46000,100,0
370.345290,Iter9,71000,46000,100,0
370.845715,Iter9,71000,46000,100,0
371.345931,Iter9,71000,46000,100,0
371.846365,Iter9,72000,46000,100,0
372.346792,Iter9,72000,46000,100,0
372.847017,Iter9,72000,46000,100,0
373.347437,Iter9,72000,46000,100,0
373.847859,Iter9,72000,46000,100,0
374.348087,Iter9,72000,46000,100,0
374.848536,Iter9,72000,46000,100,0
375.348921,Iter9,72000,46000,100,0
375.849147,Iter9,72000,46000,100,0
376.349969,Iter9,72000,46000,100,0
376.851084,Iter9,72000,46000,100,0
377.352126,Iter9,72000,46000,100,0
377.853172,Iter9,71000,46000,100,0
378.354291,Iter9,72000,46000,100,0
378.861020,Iter9,72000,46000,100,0
379.361491,Iter9,71000,46000,100,0
379.862145,Iter9,71000,46000,100,0
380.362391,Iter9,72000,46000,100,0
380.863350,Iter9,72000,46000,100,0
381.364672,Iter9,72000,46000,100,0
381.865312,Iter9,72000,46000,100,0
382.366339,Iter9,72000,46000,100,0
382.866987,Iter9,71000,46000,100,0
383.367334,Iter9,71000,46000,100,0
383.867578,Iter9,72000,46000,100,0
384.367973,Iter9,72000,46000,100,0
384.868507,Iter9,72000,46000,100,0
385.369039,Iter9,72000,46000,100,0
385.878928,Iter9,72000,46000,100,0
386.379690,Iter9,72000,46000,100,0
386.880549,Iter9,72000,46000,100,0
387.380737,Iter9,72000,46000,100,0
387.881144,Iter9,72000,46000,100,0
388.381554,Iter9,72000,46000,100,0
388.882192,Iter9,72000,46000,100,0
389.382604,Iter9,72000,46000,100,0
389.882795,Iter9,72000,46000,100,0
390.383336,Iter9,72000,46000,100,0
390.885075,Iter9,72000,47000,100,0
391.385800,Iter9,72000,46000,100,0
391.886965,Iter9,72000,46000,100,0
392.387923,Iter9,72000,46000,100,0
392.891917,Iter9,72000,47000,100,0
393.392860,Iter9,72000,46000,100,0
393.893090,Iter9,72000,46000,100,0
394.393523,Iter9,72000,47000,100,0
394.894059,Iter9,72000,47000,100,0
395.395029,Iter9,72000,46000,100,0
395.896162,Iter9,72000,46000,100,0
396.396617,Iter9,72000,47000,100,0
396.897032,Iter9,72000,46000,100,0
397.398164,Iter9,72000,47000,100,0
397.899158,Iter9,76000,47000,100,0
398.401191,Iter9-Wait,67000,45000,1,0
398.902239,Iter9-Wait,62000,44000,0,0
399.403522,Iter9-Wait,58000,43000,0,0
399.904294,Iter9-Wait,56000,43000,0,0
400.405307,Iter9-Wait,54000,42000,0,0
400.905559,Iter9-Wait,53000,42000,1,0
401.406286,Iter9-Wait,52000,42000,0,0
401.906543,Iter9-Wait,52000,42000,0,0
402.406944,Iter9-Wait,51000,42000,0,0
402.907537,Iter9-Wait,51000,41000,0,0
403.408452,Iter9-Wait,50000,42000,0,0
403.909550,Iter10,51000,41000,0,0
404.410439,Iter10,55000,42000,99,0
404.910665,Iter10,60000,43000,100,0
405.411089,Iter10,64000,44000,100,0
405.911813,Iter10,66000,44000,100,0
406.412576,Iter10,68000,44000,100,0
406.912830,Iter10,69000,44000,100,0
407.413581,Iter10,69000,44000,100,0
407.913791,Iter10,70000,44000,100,0
408.418686,Iter10,70000,45000,100,0
408.918914,Iter10,70000,44000,100,0
409.419680,Iter10,70000,45000,100,0
409.919891,Iter10,70000,45000,100,0
410.420732,Iter10,70000,45000,100,0
410.920951,Iter10,70000,45000,100,0
411.421791,Iter10,71000,45000,100,0
411.922210,Iter10,71000,45000,100,0
412.422830,Iter10,71000,45000,100,0
412.923044,Iter10,71000,46000,100,0
413.423892,Iter10,71000,46000,100,0
413.924110,Iter10,71000,46000,100,0
414.424561,Iter10,71000,46000,100,0
414.924952,Iter10,71000,46000,100,0
415.425188,Iter10,71000,46000,100,0
415.925612,Iter10,71000,46000,100,0
416.426171,Iter10,72000,46000,100,0
416.927061,Iter10,72000,46000,100,0
417.428288,Iter10,72000,46000,100,0
417.928708,Iter10,72000,46000,100,0
418.429139,Iter10,72000,46000,100,0
418.929353,Iter10,72000,46000,100,0
419.429780,Iter10,72000,46000,100,0
419.930190,Iter10,72000,46000,100,0
420.430397,Iter10,72000,46000,100,0
420.931241,Iter10,72000,46000,100,0
421.431454,Iter10,72000,46000,100,0
421.931903,Iter10,72000,46000,100,0
422.432309,Iter10,72000,46000,100,0
422.932563,Iter10,72000,46000,100,0
423.432976,Iter10,72000,46000,100,0
423.933405,Iter10,72000,46000,100,0
424.433622,Iter10,72000,46000,100,0
424.934059,Iter10,72000,46000,100,0
425.434489,Iter10,72000,47000,100,0
425.934698,Iter10,72000,46000,100,0
426.435123,Iter10,72000,46000,100,0
426.935563,Iter10,72000,46000,100,0
427.435771,Iter10,72000,46000,100,0
427.936799,Iter10,72000,46000,100,0
428.437221,Iter10,72000,46000,100,0
428.937627,Iter10,72000,46000,100,0
429.437837,Iter10,72000,46000,100,0
429.938713,Iter10,72000,46000,100,0
430.438924,Iter10,72000,46000,100,0
430.939342,Iter10,72000,46000,100,0
431.439762,Iter10,72000,46000,100,0
431.939988,Iter10,72000,46000,100,0
432.440407,Iter10,72000,46000,100,0
432.940827,Iter10,72000,46000,100,0
433.441082,Iter10,72000,46000,100,0
433.941500,Iter10,72000,46000,100,0
434.441889,Iter10,72000,46000,100,0
434.942117,Iter10,72000,46000,100,0
435.442553,Iter10,72000,46000,100,0
435.942967,Iter10,72000,46000,100,0
436.443189,Iter10,72000,47000,100,0
436.943626,Iter10,72000,47000,100,0
437.444039,Iter10,72000,47000,100,0
437.944264,Iter10,72000,47000,100,0
438.444713,Iter10,72000,47000,100,0
438.945110,Iter10,72000,47000,100,0
439.445336,Iter10,72000,47000,100,0
439.945772,Iter10,72000,46000,100,0
440.446210,Iter10,72000,47000,100,0
440.946434,Iter10,72000,46000,100,0
441.446846,Iter10,72000,47000,100,0
441.947262,Iter10,72000,46000,100,0
442.447894,Iter10,73000,47000,100,0
442.948308,Iter10-Wait,75000,47000,42,0
443.448516,Iter10-Wait,66000,45000,0,0
443.949055,Iter10-Wait,61000,44000,0,0
444.449388,Iter10-Wait,57000,43000,0,0
444.949618,Iter10-Wait,55000,43000,0,0
445.450040,Iter10-Wait,53000,42000,0,0
445.950481,Iter10-Wait,52000,42000,0,0
446.450683,Iter10-Wait,52000,42000,0,0
446.951113,Iter10-Wait,51000,42000,0,0
447.451545,Iter10-Wait,51000,41000,0,0
447.951770,Iter10-Wait,51000,41000,0,0
448.452573,Iter11,51000,41000,0,0
448.952798,Iter11,55000,42000,99,0
449.453239,Iter11,60000,43000,100,0
449.953656,Iter11,64000,44000,100,0
450.453882,Iter11,66000,44000,100,0
450.954309,Iter11,68000,44000,100,0
451.454727,Iter11,69000,44000,100,0
451.954952,Iter11,70000,44000,100,0
452.455787,Iter11,70000,45000,100,0
452.956012,Iter11,70000,45000,100,0
453.456433,Iter11,70000,45000,100,0
453.956865,Iter11,71000,45000,100,0
454.457092,Iter11,71000,45000,100,0
454.957535,Iter11,71000,45000,100,0
455.457924,Iter11,71000,45000,100,0
455.958151,Iter11,71000,45000,100,0
456.458581,Iter11,71000,45000,100,0
456.959014,Iter11,71000,46000,100,0
457.459243,Iter11,71000,46000,100,0
457.959658,Iter11,72000,46000,100,0
458.460064,Iter11,72000,46000,100,0
458.960288,Iter11,72000,46000,100,0
459.461119,Iter11,72000,46000,100,0
459.961378,Iter11,72000,46000,100,0
460.461777,Iter11,72000,46000,100,0
460.962194,Iter11,72000,46000,100,0
461.462398,Iter11,72000,46000,100,0
461.963242,Iter11,72000,47000,100,0
462.463488,Iter11,72000,47000,100,0
462.963903,Iter11,72000,47000,100,0
463.464318,Iter11,72000,46000,100,0
463.964551,Iter11,72000,47000,100,0
464.464976,Iter11,72000,47000,100,0
464.965393,Iter11,72000,47000,100,0
465.465652,Iter11,72000,47000,100,0
465.966049,Iter11,72000,47000,100,0
466.466485,Iter11,72000,47000,100,0
466.966691,Iter11,72000,46000,100,0
467.467123,Iter11,72000,46000,100,0
467.967550,Iter11,72000,47000,100,0
468.467775,Iter11,72000,47000,100,0
468.968198,Iter11,72000,47000,100,0
469.468633,Iter11,72000,46000,100,0
469.968859,Iter11,72000,46000,100,0
470.469818,Iter11,72000,47000,100,0
470.970311,Iter11,72000,47000,100,0
471.470729,Iter11,72000,46000,100,0
471.970954,Iter11,72000,47000,100,0
472.471371,Iter11,72000,46000,100,0
472.971788,Iter11,72000,46000,100,0
473.471996,Iter11,72000,46000,100,0
473.972447,Iter11,72000,47000,100,0
474.472885,Iter11,72000,47000,100,0
474.973110,Iter11,72000,46000,100,0
475.473911,Iter11,72000,47000,100,0
475.974169,Iter11,72000,47000,100,0
476.474579,Iter11,72000,47000,100,0
476.974985,Iter11,72000,46000,100,0
477.475212,Iter11,72000,46000,100,0
477.975653,Iter11,72000,47000,100,0
478.476060,Iter11,72000,46000,100,0
478.976294,Iter11,72000,46000,100,0
479.476718,Iter11,72000,47000,100,0
479.977151,Iter11,72000,46000,100,0
480.477378,Iter11,72000,47000,100,0
480.977792,Iter11,72000,47000,100,0
481.478233,Iter11,72000,47000,100,0
481.978482,Iter11,72000,47000,100,0
482.478865,Iter11,72000,47000,100,0
482.979283,Iter11,72000,47000,100,0
483.479532,Iter11,72000,47000,100,0
483.980325,Iter11,72000,47000,100,0
484.480562,Iter11,72000,46000,100,0
484.980990,Iter11,72000,46000,100,0
485.481407,Iter11,72000,47000,100,0
485.981629,Iter11,72000,46000,100,0
486.482492,Iter11,72000,47000,100,0
486.982723,Iter11,74000,47000,100,0
487.483113,Iter11-Wait,73000,46000,16,0
487.983547,Iter11-Wait,65000,44000,0,0
488.483772,Iter11-Wait,60000,44000,0,0
488.984187,Iter11-Wait,57000,43000,0,0
489.484604,Iter11-Wait,55000,42000,0,0
489.984829,Iter11-Wait,53000,42000,0,0
490.485261,Iter11-Wait,52000,42000,0,0
490.985676,Iter11-Wait,52000,42000,0,0
491.485901,Iter11-Wait,51000,42000,0,0
491.986336,Iter11-Wait,51000,42000,0,0
492.486739,Iter11-Wait,51000,41000,0,0
492.987019,Iter12,50000,41000,0,0
493.487409,Iter12,55000,42000,99,0
493.987845,Iter12,60000,43000,100,0
494.488071,Iter12,64000,44000,100,0
494.988511,Iter12,66000,44000,100,0
495.488901,Iter12,68000,44000,100,0
495.989132,Iter12,69000,45000,100,0
496.489562,Iter12,70000,45000,100,0
496.989974,Iter12,70000,45000,100,0
497.490204,Iter12,70000,45000,100,0
497.990631,Iter12,70000,45000,100,0
498.491047,Iter12,70000,45000,100,0
498.991271,Iter12,70000,45000,100,0
499.491705,Iter12,70000,45000,100,0
499.992145,Iter12,71000,45000,100,0
500.492373,Iter12,71000,45000,100,0
500.992779,Iter12,71000,45000,100,0
501.493215,Iter12,71000,45000,100,0
501.993441,Iter12,71000,45000,100,0
502.494241,Iter12,71000,45000,100,0
502.994493,Iter12,71000,46000,100,0
503.494905,Iter12,71000,46000,100,0
503.995312,Iter12,71000,46000,100,0
504.495559,Iter12,71000,46000,100,0
504.996380,Iter12,72000,46000,100,0
505.496622,Iter12,72000,46000,100,0
505.997028,Iter12,72000,46000,100,0
506.497495,Iter12,72000,46000,100,0
506.998076,Iter12,72000,46000,100,0
507.498522,Iter12,72000,46000,100,0
507.998762,Iter12,72000,46000,100,0
508.499154,Iter12,72000,46000,100,0
508.999583,Iter12,72000,46000,100,0
509.499811,Iter12,72000,46000,100,0
510.000223,Iter12,72000,46000,100,0
510.500641,Iter12,72000,46000,100,0
511.000869,Iter12,72000,46000,100,0
511.501299,Iter12,72000,46000,100,0
512.001715,Iter12,72000,46000,100,0
512.501944,Iter12,72000,46000,100,0
513.002373,Iter12,72000,46000,100,0
513.502785,Iter12,72000,46000,100,0
514.003012,Iter12,72000,46000,100,0
514.503446,Iter12,72000,46000,100,0
515.003877,Iter12,72000,46000,100,0
515.504102,Iter12,72000,46000,100,0
516.004558,Iter12,72000,46000,100,0
516.504934,Iter12,72000,46000,100,0
517.005160,Iter12,72000,46000,100,0
517.505594,Iter12,72000,46000,100,0
518.006009,Iter12,72000,46000,100,0
518.506264,Iter12,72000,46000,100,0
519.006669,Iter12,72000,46000,100,0
519.507083,Iter12,72000,46000,100,0
520.007306,Iter12,72000,46000,100,0
520.507742,Iter12,72000,46000,100,0
521.008161,Iter12,72000,46000,100,0
521.508387,Iter12,72000,46000,100,0
522.008816,Iter12,72000,46000,100,0
522.509252,Iter12,72000,46000,100,0
523.009495,Iter12,72000,46000,100,0
523.510294,Iter12,72000,46000,100,0
524.010538,Iter12,72000,46000,100,0
524.510941,Iter12,72000,46000,100,0
525.011356,Iter12,72000,46000,100,0
525.511592,Iter12,72000,46000,100,0
526.012015,Iter12,72000,46000,100,0
526.512429,Iter12,72000,46000,100,0
527.012654,Iter12,72000,47000,100,0
527.513088,Iter12,72000,46000,100,0
528.013521,Iter12,72000,46000,100,0
528.513742,Iter12,72000,46000,100,0
529.014164,Iter12,72000,46000,100,0
529.514572,Iter12,72000,46000,100,0
530.014794,Iter12,72000,46000,100,0
530.515236,Iter12,72000,46000,100,0
531.015658,Iter12,72000,46000,100,0
531.515887,Iter12,74000,47000,100,0
532.016318,Iter12-Wait,74000,46000,24,0
532.516722,Iter12-Wait,65000,44000,0,0
533.016946,Iter12-Wait,60000,44000,0,0
533.517384,Iter12-Wait,57000,43000,0,0
534.017861,Iter12-Wait,55000,42000,1,0
534.518106,Iter12-Wait,53000,42000,0,0
535.018472,Iter12-Wait,52000,42000,0,0
535.518861,Iter12-Wait,52000,42000,0,0
536.019087,Iter12-Wait,51000,41000,0,0
536.519561,Iter12-Wait,51000,41000,0,0
537.019945,Iter12-Wait,50000,41000,0,0
537.520247,Iter13,50000,41000,0,0
538.020605,Iter13,55000,42000,99,0
538.521036,Iter13,60000,43000,100,0
539.021657,Iter13,64000,44000,100,0
539.522069,Iter13,66000,44000,100,0
540.022296,Iter13,68000,44000,100,0
540.522730,Iter13,68000,44000,100,0
541.023145,Iter13,69000,44000,100,0
541.523374,Iter13,70000,45000,100,0
542.023803,Iter13,70000,45000,100,0
542.524236,Iter13,70000,45000,100,0
543.024486,Iter13,70000,45000,100,0
543.524877,Iter13,70000,45000,100,0
544.025298,Iter13,71000,45000,100,0
544.525542,Iter13,70000,45000,100,0
545.025951,Iter13,71000,45000,100,0
545.526363,Iter13,70000,45000,100,0
546.026602,Iter13,71000,45000,100,0
546.527023,Iter13,71000,45000,100,0
547.027442,Iter13,71000,45000,100,0
547.527672,Iter13,71000,45000,100,0
548.028108,Iter13,71000,46000,100,0
548.528543,Iter13,71000,46000,100,0
549.028771,Iter13,71000,46000,100,0
549.529172,Iter13,71000,46000,100,0
550.029798,Iter13,71000,46000,100,0
550.530719,Iter13,71000,46000,100,0
551.031237,Iter13,71000,46000,100,0
551.531677,Iter13,71000,46000,100,0
552.031903,Iter13,72000,46000,100,0
552.532321,Iter13,72000,46000,100,0
553.032740,Iter13,71000,46000,100,0
553.532970,Iter13,71000,46000,100,0
554.033396,Iter13,71000,46000,100,0
554.533810,Iter13,71000,46000,100,0
555.034037,Iter13,71000,46000,100,0
555.534495,Iter13,71000,46000,100,0
556.034882,Iter13,71000,46000,100,0
556.535107,Iter13,72000,46000,100,0
557.036035,Iter13,71000,46000,100,0
557.536256,Iter13,71000,46000,100,0
558.036592,Iter13,71000,46000,100,0
558.537025,Iter13,71000,46000,100,0
559.037253,Iter13,71000,46000,100,0
559.537666,Iter13,71000,46000,100,0
560.038098,Iter13,71000,46000,100,0
560.538319,Iter13,71000,46000,100,0
561.038743,Iter13,72000,46000,100,0
561.539167,Iter13,72000,46000,100,0
562.039396,Iter13,72000,46000,100,0
562.539815,Iter13,72000,46000,100,0
563.040224,Iter13,72000,46000,100,0
563.540448,Iter13,71000,46000,100,0
564.041290,Iter13,72000,46000,100,0
564.541490,Iter13,72000,46000,100,0
565.041935,Iter13,72000,46000,100,0
565.542353,Iter13,72000,46000,100,0
566.043036,Iter13,72000,46000,100,0
566.543521,Iter13,72000,46000,100,0
567.044415,Iter13,72000,46000,100,0
567.544609,Iter13,72000,46000,100,0
568.045099,Iter13,72000,46000,100,0
568.545528,Iter13,72000,46000,100,0
569.045755,Iter13,72000,46000,100,0
569.546159,Iter13,72000,46000,100,0
570.046576,Iter13,72000,46000,100,0
570.546751,Iter13,72000,47000,100,0
571.047621,Iter13,72000,46000,100,0
571.548047,Iter13,72000,47000,100,0
572.048675,Iter13,72000,46000,100,0
572.548904,Iter13,72000,46000,100,0
573.049333,Iter13,72000,46000,100,0
573.549739,Iter13,72000,46000,100,0
574.049965,Iter13,72000,46000,100,0
574.550405,Iter13,72000,46000,100,0
575.050822,Iter13,72000,46000,100,0
575.551048,Iter13,72000,46000,100,0
576.051492,Iter13,73000,46000,100,0
576.551891,Iter13-Wait,76000,47000,65,0
577.052175,Iter13-Wait,67000,45000,1,0
577.552554,Iter13-Wait,61000,44000,0,0
578.052969,Iter13-Wait,58000,43000,0,0
578.553195,Iter13-Wait,55000,43000,0,0
579.053628,Iter13-Wait,54000,42000,0,0
579.554312,Iter13-Wait,53000,42000,0,0
580.054685,Iter13-Wait,52000,42000,0,0
580.555166,Iter13-Wait,51000,42000,0,0
581.056149,Iter13-Wait,51000,41000,0,0
581.557273,Iter13-Wait,51000,41000,0,0
582.058381,Iter14,51000,41000,0,0
582.559232,Iter14,55000,42000,99,0
583.059475,Iter14,60000,43000,100,0
583.559852,Iter14,64000,44000,100,0
584.060487,Iter14,66000,44000,100,0
584.561388,Iter14,68000,44000,100,0
585.062333,Iter14,69000,45000,100,0
585.563419,Iter14,69000,44000,100,0
586.064365,Iter14,70000,45000,100,0
586.564604,Iter14,70000,44000,100,0
587.065025,Iter14,70000,45000,100,0
587.565463,Iter14,70000,45000,100,0
588.065720,Iter14,70000,45000,100,0
588.566099,Iter14,71000,45000,100,0
589.066547,Iter14,71000,45000,100,0
589.566775,Iter14,71000,45000,100,0
590.067172,Iter14,71000,45000,100,0
590.567592,Iter14,71000,45000,100,0
591.067821,Iter14,71000,45000,100,0
591.568260,Iter14,71000,45000,100,0
592.068657,Iter14,71000,45000,100,0
592.569427,Iter14,71000,46000,100,0
593.070401,Iter14,71000,46000,100,0
593.570810,Iter14,71000,46000,100,0
594.071474,Iter14,71000,46000,100,0
594.574902,Iter14,71000,46000,100,0
595.075929,Iter14,71000,46000,100,0
595.576130,Iter14,71000,46000,100,0
596.076865,Iter14,71000,46000,100,0
596.577117,Iter14,71000,46000,100,0
597.077981,Iter14,71000,46000,100,0
597.593043,Iter14,71000,46000,100,0
598.093625,Iter14,71000,46000,100,0
598.593985,Iter14,71000,46000,100,0
599.094288,Iter14,71000,46000,100,0
599.594646,Iter14,72000,46000,100,0
600.095055,Iter14,72000,46000,100,0
600.596090,Iter14,71000,46000,100,0
601.100848,Iter14,71000,46000,100,0
601.601294,Iter14,71000,46000,100,0
602.102160,Iter14,71000,46000,100,0
602.602388,Iter14,71000,46000,100,0
603.103208,Iter14,71000,46000,100,0
603.603584,Iter14,72000,47000,100,0
604.104282,Iter14,72000,46000,100,0
604.604531,Iter14,72000,46000,100,0
605.105306,Iter14,72000,46000,100,0
605.605562,Iter14,72000,46000,100,0
606.105971,Iter14,71000,46000,100,0
606.606387,Iter14,71000,46000,100,0
607.106621,Iter14,71000,46000,100,0
607.607045,Iter14,72000,46000,100,0
608.107477,Iter14,72000,46000,100,0
608.607705,Iter14,72000,46000,100,0
609.108593,Iter14,72000,46000,100,0
609.609144,Iter14,72000,46000,100,0
610.109560,Iter14,71000,46000,100,0
610.609744,Iter14,72000,46000,100,0
611.110636,Iter14,71000,46000,100,0
611.610865,Iter14,71000,46000,100,0
612.111268,Iter14,72000,46000,100,0
612.611687,Iter14,72000,46000,100,0
613.111914,Iter14,72000,46000,100,0
613.612343,Iter14,72000,46000,100,0
614.112751,Iter14,72000,46000,100,0
614.613016,Iter14,72000,46000,100,0
615.113419,Iter14,72000,46000,100,0
615.613835,Iter14,72000,46000,100,0
616.114069,Iter14,72000,46000,100,0
616.614510,Iter14,72000,47000,100,0
617.114899,Iter14,72000,46000,100,0
617.615127,Iter14,72000,46000,100,0
618.115953,Iter14,72000,46000,100,0
618.616182,Iter14,72000,46000,100,0
619.116617,Iter14,72000,46000,100,0
619.617115,Iter14,72000,47000,100,0
620.117347,Iter14,72000,46000,100,0
620.618076,Iter14,73000,46000,100,0
621.118288,Iter14-Wait,75000,46000,45,0
621.619126,Iter14-Wait,66000,45000,0,0
622.119353,Iter14-Wait,61000,44000,0,0
622.619790,Iter14-Wait,57000,43000,0,0
623.120198,Iter14-Wait,54000,43000,0,0
623.620426,Iter14-Wait,53000,42000,0,0
624.121247,Iter14-Wait,52000,42000,0,0
624.621481,Iter14-Wait,51000,41000,0,0
625.121911,Iter14-Wait,50000,41000,0,0
625.622330,Iter14-Wait,50000,41000,0,0
626.122555,Iter14-Wait,50000,41000,0,0
626.623372,Iter15,49000,41000,0,0
627.124406,Iter15,54000,42000,99,0
627.624634,Iter15,60000,43000,100,0
628.125057,Iter15,64000,44000,100,0
628.625504,Iter15,66000,44000,100,0
629.125730,Iter15,68000,44000,100,0
629.626133,Iter15,69000,44000,100,0
630.126557,Iter15,70000,45000,100,0
630.626817,Iter15,70000,45000,100,0
631.127207,Iter15,70000,45000,100,0
631.627616,Iter15,70000,45000,100,0
632.127814,Iter15,70000,45000,100,0
632.628672,Iter15,71000,45000,100,0
633.128873,Iter15,71000,45000,100,0
633.629719,Iter15,71000,45000,100,0
634.129918,Iter15,71000,45000,100,0
634.630767,Iter15,71000,45000,100,0
635.130959,Iter15,71000,45000,100,0
635.631832,Iter15,71000,45000,100,0
636.132069,Iter15,71000,45000,100,0
636.632504,Iter15,71000,45000,100,0
637.132888,Iter15,71000,45000,100,0
637.633116,Iter15,71000,45000,100,0
638.133560,Iter15,71000,45000,100,0
638.633968,Iter15,71000,45000,100,0
639.134165,Iter15,71000,46000,100,0
639.635027,Iter15,71000,46000,100,0
640.135220,Iter15,71000,45000,100,0
640.636062,Iter15,71000,46000,100,0
641.136319,Iter15,71000,46000,100,0
641.636722,Iter15,71000,46000,100,0
642.137139,Iter15,71000,46000,100,0
642.637369,Iter15,71000,46000,100,0
643.137798,Iter15,71000,46000,100,0
643.638224,Iter15,71000,46000,100,0
644.138421,Iter15,71000,46000,100,0
644.639258,Iter15,71000,46000,100,0
645.139451,Iter15,71000,46000,100,0
645.640307,Iter15,71000,46000,100,0
646.141023,Iter15,71000,46000,100,0
646.641386,Iter15,71000,46000,100,0
647.141615,Iter15,71000,46000,100,0
647.642018,Iter15,71000,46000,100,0
648.142451,Iter15,71000,46000,100,0
648.642686,Iter15,71000,46000,100,0
649.143093,Iter15,71000,46000,100,0
649.643517,Iter15,72000,46000,100,0
650.143710,Iter15,72000,46000,100,0
650.644168,Iter15,71000,46000,100,0
651.144602,Iter15,71000,46000,100,0
651.645672,Iter15,72000,46000,100,0
652.146250,Iter15,71000,46000,100,0
652.646673,Iter15,71000,46000,100,0
653.146903,Iter15,71000,46000,100,0
653.647312,Iter15,71000,46000,100,0
654.147730,Iter15,71000,46000,100,0
654.647959,Iter15,71000,46000,100,0
655.148387,Iter15,71000,46000,100,0
655.648815,Iter15,71000,46000,100,0
656.149046,Iter15,71000,46000,100,0
656.649482,Iter15,72000,46000,100,0
657.149887,Iter15,72000,46000,100,0
657.650119,Iter15,72000,46000,100,0
658.150923,Iter15,72000,46000,100,0
658.651151,Iter15,72000,46000,100,0
659.151970,Iter15,72000,46000,100,0
659.652995,Iter15,72000,46000,100,0
660.153225,Iter15,72000,46000,100,0
660.653660,Iter15,72000,46000,100,0
661.154070,Iter15,72000,46000,100,0
661.654284,Iter15,72000,46000,100,0
662.154733,Iter15,72000,46000,100,0
662.655138,Iter15,72000,46000,100,0
663.155366,Iter15,72000,46000,100,0
663.655807,Iter15,72000,46000,100,0
664.156216,Iter15,72000,46000,100,0
664.656434,Iter15,72000,46000,100,0
665.156879,Iter15,74000,46000,100,0
665.657294,Iter15-Wait,73000,46000,21,0
666.157547,Iter15-Wait,65000,44000,0,0
666.657960,Iter15-Wait,60000,43000,0,0
667.158364,Iter15-Wait,56000,43000,0,0
667.658643,Iter15-Wait,54000,42000,0,0
668.159026,Iter15-Wait,53000,42000,0,0
668.659435,Iter15-Wait,51000,42000,0,0
669.159661,Iter15-Wait,51000,41000,0,0
669.660101,Iter15-Wait,50000,41000,0,0
670.160530,Iter15-Wait,50000,41000,0,0
670.660757,Iter15-Wait,50000,41000,0,0
671.161185,Iter16,49000,40000,0,0
671.661589,Iter16,54000,42000,99,0
672.161820,Iter16,60000,43000,100,0
672.662249,Iter16,63000,44000,100,0
673.162664,Iter16,66000,44000,100,0
673.662896,Iter16,68000,44000,100,0
674.163708,Iter16,69000,44000,100,0
674.663937,Iter16,69000,44000,100,0
675.164372,Iter16,70000,44000,100,0
675.664779,Iter16,70000,44000,100,0
676.165007,Iter16,70000,44000,100,0
676.665833,Iter16,70000,45000,100,0
677.166059,Iter16,70000,45000,100,0
677.666877,Iter16,70000,45000,100,0
678.167114,Iter16,70000,45000,100,0
678.667577,Iter16,70000,45000,100,0
679.167959,Iter16,70000,45000,100,0
679.668186,Iter16,71000,45000,100,0
680.169020,Iter16,71000,45000,100,0
680.669229,Iter16,71000,45000,100,0
681.170741,Iter16,70000,45000,100,0
681.671076,Iter16,71000,45000,100,0
682.171304,Iter16,71000,45000,100,0
682.671741,Iter16,71000,45000,100,0
683.172156,Iter16,71000,45000,100,0
683.673237,Iter16,71000,45000,100,0
684.173499,Iter16,71000,45000,100,0
684.673838,Iter16,71000,45000,100,0
685.174255,Iter16,71000,45000,100,0
685.674439,Iter16,71000,45000,100,0
686.175316,Iter16,71000,45000,100,0
686.675516,Iter16,71000,45000,100,0
687.175972,Iter16,71000,45000,100,0
687.676402,Iter16,71000,45000,100,0
688.176629,Iter16,71000,46000,100,0
688.677491,Iter16,71000,45000,100,0
689.178119,Iter16,71000,46000,100,0
689.678538,Iter16,71000,46000,100,0
690.179112,Iter16,71000,46000,100,0
690.679542,Iter16,71000,46000,100,0
691.179766,Iter16,71000,46000,100,0
691.680183,Iter16,71000,45000,100,0
692.180592,Iter16,71000,46000,100,0
692.680796,Iter16,71000,46000,100,0
693.181637,Iter16,71000,46000,100,0
693.681855,Iter16,71000,46000,100,0
694.182314,Iter16,71000,46000,100,0
694.682724,Iter16,71000,46000,100,0
695.182937,Iter16,71000,46000,100,0
695.683381,Iter16,72000,46000,100,0
696.183793,Iter16,72000,46000,100,0
696.684000,Iter16,72000,46000,100,0
697.184840,Iter16,71000,46000,100,0
697.685066,Iter16,72000,46000,100,0
698.185537,Iter16,72000,46000,100,0
698.685918,Iter16,72000,46000,100,0
699.186146,Iter16,72000,46000,100,0
699.686576,Iter16,72000,46000,100,0
700.186991,Iter16,71000,46000,100,0
700.687229,Iter16,71000,46000,100,0
701.188037,Iter16,71000,46000,100,0
701.688253,Iter16,71000,46000,100,0
702.188700,Iter16,71000,46000,100,0
702.689116,Iter16,71000,46000,100,0
703.189344,Iter16,71000,46000,100,0
703.689774,Iter16,71000,46000,100,0
704.190201,Iter16,71000,46000,100,0
704.690405,Iter16,72000,46000,100,0
705.190848,Iter16,71000,46000,100,0
705.691263,Iter16,71000,46000,100,0
706.191533,Iter16,72000,46000,100,0
706.691921,Iter16,71000,46000,100,0
707.192331,Iter16,71000,46000,100,0
707.692561,Iter16,72000,46000,100,0
708.193382,Iter16,72000,46000,100,0
708.693603,Iter16,72000,46000,100,0
709.194045,Iter16,72000,46000,100,0
709.694480,Iter16,73000,46000,100,0
710.194718,Iter16-Wait,74000,46000,27,0
710.695118,Iter16-Wait,66000,44000,0,0
711.195594,Iter16-Wait,60000,44000,1,0
711.695845,Iter16-Wait,56000,43000,0,0
712.196193,Iter16-Wait,54000,42000,0,0
712.696606,Iter16-Wait,53000,42000,0,0
713.196832,Iter16-Wait,51000,42000,0,0
713.697266,Iter16-Wait,51000,42000,1,0
714.197688,Iter16-Wait,50000,41000,0,0
714.697906,Iter16-Wait,50000,41000,0,0
715.198339,Iter16-Wait,49000,41000,0,0
715.698755,Iter17,49000,40000,0,0
716.198985,Iter17,54000,42000,99,0
716.699514,Iter17,59000,43000,100,0
717.199828,Iter17,63000,43000,100,0
717.700073,Iter17,66000,44000,100,0
718.200510,Iter17,68000,44000,100,0
718.700927,Iter17,69000,44000,100,0
719.201166,Iter17,69000,44000,100,0
719.701561,Iter17,70000,44000,100,0
720.201976,Iter17,70000,44000,100,0
720.702175,Iter17,70000,44000,100,0
721.203020,Iter17,70000,45000,100,0
721.703247,Iter17,70000,45000,100,0
722.203687,Iter17,70000,44000,100,0
722.704095,Iter17,70000,44000,100,0
723.204321,Iter17,70000,45000,100,0
723.704756,Iter17,70000,45000,100,0
724.205190,Iter17,70000,45000,100,0
724.705392,Iter17,70000,45000,100,0
725.205829,Iter17,71000,45000,100,0
725.706268,Iter17,71000,45000,100,0
726.206522,Iter17,71000,45000,100,0
726.707299,Iter17,71000,45000,100,0
727.207549,Iter17,71000,45000,100,0
727.707955,Iter17,71000,45000,100,0
728.208366,Iter17,71000,45000,100,0
728.708569,Iter17,71000,45000,100,0
729.209416,Iter17,71000,45000,100,0
729.709643,Iter17,71000,45000,100,0
730.210467,Iter17,71000,45000,100,0
730.710694,Iter17,71000,45000,100,0
731.211135,Iter17,71000,45000,100,0
731.711575,Iter17,71000,45000,100,0
732.211810,Iter17,71000,45000,100,0
732.712618,Iter17,71000,45000,100,0
733.212878,Iter17,71000,45000,100,0
733.713250,Iter17,71000,45000,100,0
734.213677,Iter17,71000,45000,100,0
734.713905,Iter17,71000,45000,100,0
735.214712,Iter17,71000,45000,100,0
735.714942,Iter17,71000,45000,100,0
736.215380,Iter17,71000,45000,100,0
736.715801,Iter17,71000,45000,100,0
737.216062,Iter17,71000,45000,100,0
737.716446,Iter17,71000,46000,100,0
738.216876,Iter17,71000,46000,100,0
738.717109,Iter17,71000,46000,100,0
739.217544,Iter17,71000,46000,100,0
739.717932,Iter17,71000,46000,100,0
740.218158,Iter17,71000,46000,100,0
740.718982,Iter17,71000,46000,100,0
741.219163,Iter17,71000,46000,100,0
741.720034,Iter17,71000,46000,100,0
742.220262,Iter17,71000,45000,100,0
742.720694,Iter17,71000,46000,100,0
743.221101,Iter17,71000,46000,100,0
743.721366,Iter17,71000,46000,100,0
744.221773,Iter17,71000,46000,100,0
744.722204,Iter17,71000,46000,100,0
745.222425,Iter17,71000,46000,100,0
745.722838,Iter17,71000,46000,100,0
746.223253,Iter17,71000,46000,100,0
746.723454,Iter17,71000,46000,100,0
747.223913,Iter17,71000,46000,100,0
747.724418,Iter17,71000,46000,100,0
748.224966,Iter17,71000,46000,100,0
748.725398,Iter17,71000,46000,100,0
749.225641,Iter17,71000,46000,100,0
749.726038,Iter17,72000,46000,100,0
750.226452,Iter17,71000,46000,100,0
750.726695,Iter17,71000,46000,100,0
751.227108,Iter17,72000,46000,100,0
751.727552,Iter17,72000,46000,100,0
752.227791,Iter17,72000,46000,100,0
752.728180,Iter17,72000,46000,100,0
753.228599,Iter17,71000,46000,100,0
753.728826,Iter17,71000,46000,100,0
754.229258,Iter17,73000,46000,100,0
754.729673,Iter17-Wait,73000,46000,21,0
755.229883,Iter17-Wait,65000,44000,0,0
755.730329,Iter17-Wait,60000,43000,0,0
756.230746,Iter17-Wait,57000,42000,0,0
756.730935,Iter17-Wait,54000,42000,0,0
757.231793,Iter17-Wait,53000,42000,0,0
757.732018,Iter17-Wait,52000,42000,0,0
758.232453,Iter17-Wait,51000,41000,0,0
758.732864,Iter17-Wait,50000,41000,0,0
759.233093,Iter17-Wait,50000,41000,0,0
759.733916,Iter17-Wait,50000,41000,0,0
760.234230,Iter18,49000,40000,0,0
760.734576,Iter18,54000,42000,99,0
761.234986,Iter18,59000,43000,100,0
761.735212,Iter18,63000,43000,100,0
762.235653,Iter18,66000,44000,100,0
762.736098,Iter18,67000,44000,100,0
763.236339,Iter18,68000,44000,100,0
763.736723,Iter18,69000,44000,100,0
764.237171,Iter18,69000,44000,100,0
764.737381,Iter18,70000,44000,100,0
765.237798,Iter18,70000,44000,100,0
765.738214,Iter18,70000,44000,100,0
766.238440,Iter18,70000,44000,100,0
766.738870,Iter18,70000,44000,100,0
767.239285,Iter18,70000,44000,100,0
767.739530,Iter18,70000,44000,100,0
768.240404,Iter18,70000,44000,100,0
768.740625,Iter18,70000,45000,100,0
769.240992,Iter18,70000,44000,100,0
769.741409,Iter18,70000,44000,100,0
770.241808,Iter18,70000,45000,100,0
770.742576,Iter18,70000,44000,100,0
771.243569,Iter18,70000,45000,100,0
771.744620,Iter18,70000,45000,100,0
772.250705,Iter18,70000,45000,100,0
772.751611,Iter18,70000,45000,100,0
773.252303,Iter18,70000,45000,100,0
773.753300,Iter18,70000,45000,100,0
774.254322,Iter18,70000,45000,100,0
774.754651,Iter18,70000,45000,100,0
775.254880,Iter18,70000,45000,100,0
775.755868,Iter18,70000,45000,100,0
776.256817,Iter18,70000,45000,100,0
776.757836,Iter18,70000,45000,100,0
777.258774,Iter18,70000,45000,100,0
777.759014,Iter18,70000,45000,100,0
778.259439,Iter18,70000,45000,100,0
778.759867,Iter18,70000,45000,100,0
779.260098,Iter18,71000,45000,100,0
779.760913,Iter18,71000,45000,100,0
780.261139,Iter18,71000,45000,100,0
780.761558,Iter18,71000,45000,100,0
781.261988,Iter18,71000,45000,100,0
781.762239,Iter18,71000,45000,100,0
782.270958,Iter18,71000,45000,100,0
782.771792,Iter18,71000,45000,100,0
783.272813,Iter18,70000,45000,100,0
783.774241,Iter18,70000,45000,100,0
784.275221,Iter18,70000,45000,100,0
784.776268,Iter18,70000,45000,100,0
785.277294,Iter18,71000,45000,100,0
785.778316,Iter18,71000,45000,100,0
786.279356,Iter18,71000,45000,100,0
786.783170,Iter18,71000,45000,100,0
787.284379,Iter18,71000,45000,100,0
787.785349,Iter18,71000,45000,100,0
788.285596,Iter18,71000,45000,100,0
788.785951,Iter18,71000,45000,100,0
789.286386,Iter18,71000,45000,100,0
789.790323,Iter18,71000,46000,100,0
790.291509,Iter18,71000,45000,100,0
790.792054,Iter18,71000,45000,100,0
791.292475,Iter18,71000,45000,100,0
791.792724,Iter18,71000,45000,100,0
792.293124,Iter18,71000,45000,100,0
792.793561,Iter18,71000,45000,100,0
793.293784,Iter18,71000,45000,100,0
793.794205,Iter18,71000,45000,100,0
794.294610,Iter18,71000,45000,100,0
794.794781,Iter18,71000,45000,100,0
795.295661,Iter18,71000,46000,100,0
795.795830,Iter18,71000,45000,100,0
796.296330,Iter18,71000,45000,100,0
796.796738,Iter18,71000,46000,100,0
797.296979,Iter18,71000,46000,100,0
797.797394,Iter18,71000,46000,100,0
798.297813,Iter18,71000,45000,100,0
798.798033,Iter18,72000,46000,100,0
799.298481,Iter18-Wait,74000,45000,42,0
799.798882,Iter18-Wait,66000,44000,0,0
800.299101,Iter18-Wait,60000,43000,0,0
800.799544,Iter18-Wait,56000,42000,0,0
801.299957,Iter18-Wait,54000,42000,0,0
801.800229,Iter18-Wait,52000,41000,0,0
802.300615,Iter18-Wait,51000,41000,1,0
802.801030,Iter18-Wait,50000,41000,0,0
803.301249,Iter18-Wait,49000,40000,0,0
803.802070,Iter18-Wait,49000,40000,0,0
804.302237,Iter18-Wait,49000,40000,0,0
804.802739,Iter19,48000,40000,0,0
805.303145,Iter19,53000,41000,99,0
805.803359,Iter19,59000,43000,100,0
806.303810,Iter19,63000,43000,100,0
806.804246,Iter19,65000,43000,100,0
807.305244,Iter19,67000,44000,100,0
807.805495,Iter19,68000,44000,100,0
808.306430,Iter19,69000,44000,100,0
808.806937,Iter19,69000,44000,100,0
809.307362,Iter19,69000,44000,100,0
809.807578,Iter19,70000,44000,100,0
810.308008,Iter19,70000,44000,100,0
810.808417,Iter19,70000,44000,100,0
811.308636,Iter19,70000,44000,100,0
811.809476,Iter19,70000,44000,100,0
812.309698,Iter19,70000,44000,100,0
812.810179,Iter19,70000,44000,100,0
813.310551,Iter19,70000,44000,100,0
813.810774,Iter19,70000,44000,100,0
814.311590,Iter19,70000,44000,100,0
814.811786,Iter19,70000,44000,100,0
815.312641,Iter19,70000,44000,100,0
815.812806,Iter19,70000,44000,100,0
816.313294,Iter19,70000,44000,100,0
816.813726,Iter19,70000,44000,100,0
817.313891,Iter19,70000,45000,100,0
817.814375,Iter19,70000,45000,100,0
818.314792,Iter19,70000,45000,100,0
818.814961,Iter19,70000,45000,100,0
819.315447,Iter19,70000,45000,100,0
819.815869,Iter19,70000,45000,100,0
820.316073,Iter19,70000,45000,100,0
820.816940,Iter19,70000,45000,100,0
821.317150,Iter19,70000,45000,100,0
821.817577,Iter19,70000,45000,100,0
822.318007,Iter19,70000,45000,100,0
822.818204,Iter19,70000,45000,100,0
823.319035,Iter19,70000,45000,100,0
823.819262,Iter19,70000,45000,100,0
824.319702,Iter19,70000,45000,100,0
824.820102,Iter19,70000,45000,100,0
825.320314,Iter19,70000,45000,100,0
825.821154,Iter19,70000,45000,100,0
826.321370,Iter19,70000,45000,100,0
826.822238,Iter19,70000,45000,100,0
827.322472,Iter19,70000,45000,100,0
827.822868,Iter19,70000,45000,100,0
828.323280,Iter19,70000,45000,100,0
828.823776,Iter19,70000,45000,100,0
829.324338,Iter19,70000,45000,100,0
829.824576,Iter19,70000,45000,100,0
830.324992,Iter19,70000,45000,100,0
830.825397,Iter19,71000,45000,100,0
831.325623,Iter19,71000,45000,100,0
831.826064,Iter19,71000,45000,100,0
832.326501,Iter19,71000,45000,100,0
832.826710,Iter19,71000,45000,100,0
833.327138,Iter19,71000,45000,100,0
833.827554,Iter19,71000,45000,100,0
834.327788,Iter19,71000,45000,100,0
834.828617,Iter19,71000,45000,100,0
835.328807,Iter19,71000,45000,100,0
835.829679,Iter19,71000,45000,100,0
836.329896,Iter19,71000,45000,100,0
836.830311,Iter19,71000,45000,100,0
837.330720,Iter19,71000,45000,100,0
837.830941,Iter19,71000,45000,100,0
838.331770,Iter19,71000,45000,100,0
838.831992,Iter19,71000,45000,100,0
839.332840,Iter19,71000,45000,100,0
839.833088,Iter19,71000,46000,100,0
840.333493,Iter19,71000,45000,100,0
840.833895,Iter19,71000,45000,100,0
841.334111,Iter19,71000,45000,100,0
841.834559,Iter19,71000,46000,100,0
842.334992,Iter19,71000,46000,100,0
842.835199,Iter19,71000,45000,100,0
843.335624,Iter19,73000,46000,100,0
843.836034,Iter19-Wait,73000,45000,20,0
844.336230,Iter19-Wait,64000,43000,0,0
844.836698,Iter19-Wait,59000,43000,0,0
845.337107,Iter19-Wait,56000,42000,0,0
845.837298,Iter19-Wait,53000,41000,0,0
846.338156,Iter19-Wait,52000,41000,0,0
846.838337,Iter19-Wait,51000,41000,0,0
847.338816,Iter19-Wait,50000,41000,0,0
847.839229,Iter19-Wait,49000,40000,0,0
848.339400,Iter19-Wait,49000,40000,0,0
848.840274,Iter19-Wait,49000,40000,0,0
849.340927,Iter20,48000,40000,0,0
849.841321,Iter20,53000,41000,99,0
850.341557,Iter20,59000,42000,100,0
850.841986,Iter20,63000,43000,100,0
851.342400,Iter20,65000,43000,100,0
851.842600,Iter20,67000,43000,100,0
852.343442,Iter20,68000,44000,100,0
852.843664,Iter20,68000,44000,100,0
853.344104,Iter20,69000,44000,100,0
853.844534,Iter20,69000,44000,100,0
854.344750,Iter20,69000,44000,100,0
854.845578,Iter20,70000,44000,100,0
855.345799,Iter20,70000,44000,100,0
855.846227,Iter20,70000,44000,100,0
856.346646,Iter20,70000,44000,100,0
856.846868,Iter20,70000,44000,100,0
857.347688,Iter20,70000,44000,100,0
857.847881,Iter20,70000,44000,100,0
858.348733,Iter20,70000,44000,100,0
858.848921,Iter20,69000,44000,100,0
859.349397,Iter20,70000,44000,100,0
859.849811,Iter20,70000,44000,100,0
860.349993,Iter20,70000,44000,100,0
860.850937,Iter20,70000,44000,100,0
861.351507,Iter20,70000,44000,100,0
861.851896,Iter20,70000,44000,100,0
862.352108,Iter20,70000,44000,100,0
862.852949,Iter20,70000,45000,100,0
863.353163,Iter20,70000,45000,100,0
863.853995,Iter20,70000,45000,100,0
864.354215,Iter20,70000,45000,100,0
864.854659,Iter20,70000,45000,100,0
865.355072,Iter20,70000,45000,100,0
865.855292,Iter20,70000,45000,100,0
866.355729,Iter20,70000,45000,100,0
866.856137,Iter20,70000,45000,100,0
867.356376,Iter20,70000,45000,100,0
867.856801,Iter20,70000,45000,100,0
868.357238,Iter20,70000,45000,100,0
868.857548,Iter20,70000,45000,100,0
869.357881,Iter20,70000,45000,100,0
869.858286,Iter20,70000,45000,100,0
870.358530,Iter20,71000,45000,100,0
870.858946,Iter20,71000,45000,100,0
871.359483,Iter20,71000,45000,100,0
871.860405,Iter20,71000,45000,100,0
872.360626,Iter20,71000,45000,100,0
872.861044,Iter20,71000,45000,100,0
873.361480,Iter20,71000,45000,100,0
873.861701,Iter20,71000,45000,100,0
874.362527,Iter20,71000,45000,100,0
874.862750,Iter20,71000,45000,100,0
875.363167,Iter20,71000,45000,100,0
875.863599,Iter20,71000,45000,100,0
876.363821,Iter20,71000,45000,100,0
876.864629,Iter20,71000,45000,100,0
877.364857,Iter20,71000,45000,100,0
877.865293,Iter20,71000,45000,100,0
878.365707,Iter20,71000,45000,100,0
878.865927,Iter20,71000,45000,100,0
879.366364,Iter20,71000,45000,100,0
879.866781,Iter20,71000,45000,100,0
880.367002,Iter20,71000,45000,100,0
880.867438,Iter20,71000,45000,100,0
881.367855,Iter20,71000,45000,100,0
881.868083,Iter20,71000,45000,100,0
882.368533,Iter20,71000,45000,100,0
882.868926,Iter20,71000,45000,100,0
883.369150,Iter20,71000,45000,100,0
883.869584,Iter20,71000,45000,100,0
884.370002,Iter20,71000,46000,100,0
884.870224,Iter20,71000,45000,100,0
885.371044,Iter20,71000,45000,100,0
885.871234,Iter20,71000,46000,100,0
886.372114,Iter20,71000,46000,100,0
886.872310,Iter20,71000,46000,100,0
887.372757,Iter20,71000,45000,100,0
887.873190,Iter20,73000,46000,100,0
888.373431,Iter20-Wait,72000,45000,17,0
888.873829,Iter20-Wait,64000,43000,0,0
889.374236,Iter20-Wait,59000,42000,0,0
889.874446,Iter20-Wait,55000,42000,0,0
890.375292,Iter20-Wait,53000,41000,0,0
890.875534,Iter20-Wait,52000,41000,0,0
891.375954,Iter20-Wait,51000,41000,0,0
891.876362,Iter20-Wait,50000,40000,0,0
892.376596,Iter20-Wait,49000,40000,0,0
892.877028,Iter20-Wait,49000,40000,1,0
893.377446,Iter20-Wait,49000,40000,0,0
